step,return,cost,co2,peak,soc_dev,projection,tie_viol_steps
96,-83.796448,7199.043847768283,22.341415243438266,3.6731568762429916,0.24228815463812725,15.529462923109532,3
192,-58.131398,5023.31580986547,17.653375668983063,2.4147603747616855,0.109088176273202,17.393542653322225,0
288,-49.273893,3881.608707627909,16.086990814734023,2.506453368848101,0.3086084825918079,24.34296214148403,0
384,-68.48826,5931.549742143816,20.01218880024718,3.2516751727347963,0.12456236370888218,19.940923056006433,1
480,-38.428645,2916.5290703557957,15.331917683422825,2.5809678394916173,0.24209275919159784,23.19323775798084,0
576,-44.051639,3336.623742574596,15.889829533395243,1.6711328202423292,0.35,20.843186284303663,0
672,-55.073219,4402.085691488955,15.796376355685126,2.6586235872844957,0.35,19.83412461578846,0
768,-47.738026,3768.2625195482665,18.120911393638732,2.571002647888352,0.23938175010445872,19.48567407212924,0
864,-62.078771,5089.834442825802,19.789357024947844,2.647484545201784,0.2789750098789995,20.23446432650089,0
960,-61.545223,5376.720923898717,18.556763656242985,3.1001252534169885,0.06472896498284836,19.539889522492892,1
1056,-78.555364,6701.042607242965,21.845918850004455,2.6513142952747346,0.2620424443169638,17.07038185000419,0
1152,-65.09136,5685.286160889846,19.97758858524038,2.674586108629535,0.07835915781753611,17.889381593465806,0
1248,-50.386236,4327.571142057325,17.695983428023546,2.44208348098229,0.05499309121974205,18.47699081947269,0
1344,-56.878234,4526.403207627521,18.180211003427555,2.2753459233400193,0.35,19.439351507127277,0
1440,-57.042885,4910.43271744457,18.732767005343455,2.636923771239418,0.08426388808967245,18.254453603476282,0
1536,-45.476783,3596.9456707404356,15.832060033220833,2.257955756844402,0.2569684208321732,15.693013888597488,0
1632,-56.09406,4598.664139905462,18.000617591896052,2.5303868672512664,0.24633860049867273,23.03451532125473,0
1728,-45.932974,3967.8590345975153,15.955351497700892,1.7052699358779364,0.052378007514696456,21.153634992241866,0
1824,-54.64864,4656.085503207512,19.447610954003963,2.2938169228479603,0.08906501312004889,21.054446029365067,0
1920,-45.569278,3897.570964944324,16.531183551746732,2.568200746368489,0.04046222121503773,15.901252642273896,0
2016,-68.966809,5977.546650957882,20.10026473524933,2.9633585892087564,0.13172800014481745,18.8312631828633,0
2112,-63.829602,5259.404366328155,19.553150122433944,2.59602342162638,0.28874691813988146,19.68164975762037,0
2208,-64.209288,5394.706455444781,19.634002939603523,2.8945849877201733,0.21427922472357747,31.3844041864574,0
2304,-41.646055,3089.9346274926343,15.72741148283962,1.9462122233788761,0.35,24.804930079877376,0
2400,-57.532623,4851.7199605519945,18.151332477244658,2.812408908421418,0.16300401936628317,27.08875394806266,0
2496,-57.21592,4824.141922082854,18.23202749030111,2.586271806997986,0.16469222081727103,27.368685417771335,0
2592,-40.977473,3090.612311364689,14.398665591086617,1.787590769177327,0.3357809269800782,32.14040472581983,0
2688,-63.222139,5265.8071141182145,18.76882395669668,2.8963655873448184,0.25165832424046186,20.690758254528046,0
2784,-52.567466,4197.067310172577,17.337444814375445,2.367771007543686,0.2965634215623141,19.487811707854274,0
2880,-47.540698,3926.1811381712346,17.620663080074703,2.24136708768564,0.13974270922572984,26.568195731639864,0
2976,-49.320973,3848.5208537258563,15.872704672976612,2.0598835196025598,0.35,30.93796129539609,0
3072,-79.023232,6758.945378384684,22.39594638763347,2.4619693588718947,0.2486804286214082,23.37717310741544,0
3168,-61.301009,4988.568506802174,18.10863302985283,2.6710314730993296,0.32762140634616743,36.028094922304156,0
3264,-46.771339,3843.42326830375,16.407632774228443,1.9404684271802166,0.17590863405677826,17.09183596968651,0
3360,-41.835282,3103.869527301703,15.112603281493588,2.532014550492826,0.35,34.91193916738033,0
3456,-96.876002,8405.518275385512,25.291576481994113,3.8470540875323533,0.24630161467939615,26.109609081745162,6
3552,-43.399285,3370.2943334802153,15.463753152932613,1.8833425730678706,0.28692525047808887,22.21562251880765,0
3648,-68.935632,6013.723850760071,20.99840555341757,2.8670982630333546,0.09013547940473793,17.611056455969806,0
3744,-72.167963,5954.176532233881,21.314149996635532,2.4548827127017323,0.35,21.9390811599791,0
3840,-53.661983,4390.790471298086,17.258135744795105,1.954690252812468,0.2529840704053641,33.019760320484636,0
3936,-61.266185,5168.583876283397,19.60387705149881,2.8009368402385935,0.17192057754452295,13.728127315342434,0
4032,-55.011184,4384.919979249348,16.355828004420644,2.513090653874959,0.35,31.373439623117456,0
4128,-44.474049,3500.6831300874323,16.194869305477503,2.156806872386024,0.24973563024480094,29.683215850144627,0
4224,-43.267641,3411.9417913922766,17.10462393399908,2.9259280468329036,0.18976432735002358,19.304531613886358,0
4320,-90.206297,7653.289634488298,24.6556764729971,3.5869477873612414,0.32279457449913024,19.775227123647934,3
4416,-59.207581,5151.746124694961,18.13291214497679,2.9511831198268372,0.07131822158239387,18.37937488868832,0
4512,-59.215638,4784.579736757487,18.54270946142473,2.5833090855489806,0.3182469411017864,31.18869886979461,0
4608,-52.658153,4201.664955225788,18.037819302945625,2.3369706934478263,0.28635797651582645,23.057829487025735,0
4704,-39.67294,2910.248151501775,15.364243105536671,1.777963702825188,0.35,26.596889709383248,0
4800,-68.455329,5774.375680903969,19.577922399455193,2.907671914589617,0.24500845446202318,18.935447088032966,0
4896,-57.277388,4660.576080261564,17.28198226787473,1.9069765537435877,0.3149494730524327,28.36138044178486,0
4992,-57.155601,4606.755694302359,17.118029017157053,2.4157983394440072,0.33242106832759943,28.309307644665246,0
5088,-34.953447,2654.483858596788,14.272528367460458,2.032840631444781,0.2209142231627515,39.517461391389375,0
5184,-60.619667,4953.700649078256,18.934487306048815,2.8093090539839363,0.28523939549922944,34.059615985900166,0
5280,-75.631776,6285.093576285576,21.14361728753782,2.969386739261499,0.35,37.07983225360514,0
5376,-86.323214,7414.451983915743,24.26645754089737,3.1099077668119954,0.24365294054150582,25.391583858877425,5
5472,-50.78452,4108.356932006248,16.42362941784759,2.1422939589863423,0.2611296040349101,35.52747221201659,0
5568,-80.241273,6803.086594394297,22.21823802658631,3.2399388687731268,0.2832639820873738,29.45134205833078,1
5664,-42.167774,3143.668886792107,16.182774981561575,1.874019925399404,0.34177633386693507,29.13647743627429,0
5760,-28.340141,2033.7022130093742,14.92532194210632,3.0241290794949016,0.15439140877049223,17.907909324765203,1
5856,-58.514877,4836.528271313742,17.968888176549893,2.109657713146995,0.261004339629098,25.586393585801133,0
5952,-50.64828,4009.1433010831206,17.525011901386183,2.226062065505806,0.2939279090613127,22.996722828149796,0
6048,-45.667828,3769.005448894938,16.63880301810218,2.763240275224811,0.12538912251199552,27.46735082075,0
6144,-61.815479,5047.559646508972,19.488292208608794,2.8355451884925467,0.2906117746606469,27.679475027471778,0
6240,-62.801083,5082.815306293307,18.30063322217928,3.08184962054244,0.35,35.960814521610736,1
6336,-75.362944,6457.82004906107,21.4049749080686,2.6632520598086358,0.21986331906365725,28.260839233100413,0
6432,-69.867156,5715.422228723554,21.27836206836153,2.698562678052624,0.35,32.352798827737566,0
6528,-64.926408,5377.144566232037,18.224939586345588,2.5006975193378986,0.3124800703537307,34.81923379033804,0
6624,-44.019606,3466.5942314342906,15.7121603352664,1.7004786292460559,0.2639883010795242,29.860856977403174,0
6720,-77.031782,6440.0019273105845,20.952837687248827,2.972112134536498,0.34380446113646035,26.465044273287052,0
6816,-48.553178,3972.4068371399394,17.47901346811195,2.081444031052306,0.18352185245603325,37.12470951363445,0
6912,-54.484427,4538.137300636196,17.282732011759624,2.4365606847223615,0.19624070413410666,26.40894477695227,0
7008,-75.351823,6398.940565664951,22.304976269134723,2.763014751895682,0.23771457092738468,32.09337860688567,0
7104,-44.445485,3570.808199889887,16.36247341892063,1.611915919701962,0.2122596364762438,37.00981947213411,0
7200,-33.732908,2745.9196605856905,13.09502434310867,2.34884138074056,0.09371114398695934,19.090478572845456,0
7296,-50.461951,4113.639398851355,18.494493369196583,2.2235446855848133,0.19251942206174139,33.969279827773576,0
7392,-54.95496,4372.144309877556,17.342956935557652,1.9515738474989734,0.35,29.598873235434297,0
7488,-76.62646,6516.074515057671,21.99944174488385,2.9865877529610403,0.24474980926239176,47.69570265486837,0
7584,-67.775628,5654.741203982767,21.243916880247188,2.773610357006864,0.24970643409576854,32.585529870539915,0
7680,-65.084436,5563.724535288618,19.10225220531456,2.6453611644076878,0.17722468583011314,36.12091415256263,0
7776,-57.557568,4674.392187173545,18.232501233082083,2.632623790748885,0.2860563841109213,41.39768990993501,0
7872,-60.80933,4894.7186260982435,18.90305713683231,2.860640227770047,0.3364646809175611,30.58271493062378,0
7968,-54.279246,4659.700458524057,17.24667711213494,2.280252773022923,0.10640917499794778,26.90165186911821,0
8064,-66.121934,5476.791241371446,19.690299581064792,2.3947093920134535,0.2992698773741722,28.966528541445726,0
8160,-67.567168,5739.046758671535,21.07053004514306,2.4358925294460905,0.19207894075661897,34.40533745273948,0
8256,-41.068073,3330.424750619455,16.07499781323598,2.0865344386088007,0.14044750520077193,31.393811275213963,0
8352,-73.692692,6407.935366877567,22.593653774497692,3.0173814757161335,0.10855266321450474,33.25880673810839,1
8448,-72.16524,6139.081622184525,20.933574283499738,2.781411770644733,0.22545247063236806,32.92442403092981,0
8544,-46.453545,3584.156754149624,15.895435716790713,2.2226530903255335,0.3302857294678688,24.31597559809684,0
8640,-61.971629,5272.71319198594,19.476591237474043,2.274150936338855,0.1661239627748728,28.796036235839132,0
8736,-57.691911,4881.102425090628,20.738720516492997,2.4105516079159024,0.11300335021591501,20.338704556822773,0
8832,-40.951855,3324.7588197154505,14.416477297835392,1.8152377533097228,0.1768818698431316,22.385654390752315,0
8928,-49.912847,4174.644264078197,16.859164071241658,2.365709122601465,0.14415810741484164,32.3173895148933,0
9024,-45.05858,3620.635767003095,14.27705556133499,2.188397739840008,0.24624974506073877,30.88077672168612,0
9120,-72.727929,6267.10641239777,22.374968405810666,2.692751512539447,0.15115158087328856,42.9457133936882,0
9216,-72.313626,6140.127937231127,21.730157432380174,2.881934411030225,0.21603502105725442,38.28228004738688,0
9312,-77.663698,6684.8770960493175,23.864400035668282,3.254649514099569,0.15691648293286564,34.06527004227042,2
9408,-23.971525,1720.2166557166806,12.73680998876826,2.2672648586489634,0.13609396293759352,36.2725082796812,0
9504,-45.57403,3642.4021463201902,15.34454537021612,2.6377094807868557,0.23277072664350273,28.87533137142658,0
9600,-73.905216,6293.67976625325,21.209887364022567,3.4342689063642404,0.21544960883298991,39.88177409261465,2
9696,-62.531834,5286.665170229112,20.191035935743443,2.337318218697998,0.17819625921547416,38.71558232843875,0
9792,-57.500221,4995.072068707809,19.88792702208385,2.2970699440548046,0.04428625959706933,29.273877182751892,0
9888,-40.459211,3329.8569694229664,15.05685027864793,2.0427096312572166,0.12176679474742791,32.280894789099705,0
9984,-38.271893,3231.69494443329,15.308368858595408,1.6798799422891015,0.046032045389476584,37.242768308818356,0
10080,-46.410801,3895.1500909109977,15.419941907806837,2.2501731306836152,0.1288832221768405,36.4719846957922,0
10176,-39.781283,3138.9984415809836,15.106987209724494,2.0807204503633,0.2017942672595382,33.760779675990335,0
10272,-64.08315,5407.416109864453,20.255794834580293,2.428464782341283,0.1973909830674529,31.768465998768807,0
10368,-57.43732,4793.574076664531,19.186560158519274,2.379665416048794,0.18624965641647584,32.660305670350795,0
10464,-50.840909,4171.111748187491,18.2111573691095,2.8451564637626316,0.16855877358466392,34.718982710391295,0
10560,-53.296218,4491.646845652642,17.36275739188909,2.4822782539965687,0.14520075352568373,35.24837270975113,0
10656,-66.792104,5754.769929037498,21.26412558557025,2.9177389905251805,0.11320477728977019,36.22956308051943,0
10752,-63.423326,5371.760802457935,19.503042617086905,2.3056643214475216,0.19550261553376913,41.206959241479645,0
10848,-38.288111,3136.925758946278,14.081082120646617,1.5906207188406696,0.13721871128992036,37.5710931661725,0
10944,-54.147507,4557.0926694431355,19.041190250847674,2.0700291308696905,0.1357474192584816,34.68449729353189,0
11040,-59.073922,4969.300622429482,18.829010271205878,2.9520199515244254,0.17009362783282994,38.332465919405216,0
11136,-43.620207,3639.306270684054,15.761776183536535,2.284059978152155,0.10566581562161448,28.960247575342652,0
11232,-85.630143,7575.862347432498,25.071143588368365,3.6715738635616644,0.05876978807347394,40.259378672391186,6
11328,-68.615905,5995.6915913652365,23.075902465980636,2.974025655539031,0.036440525017678804,37.61114577755331,0
11424,-39.174292,3263.3173295502734,14.272145064825859,2.4997236242738032,0.08397237426160203,35.81538894534112,0
11520,-74.927997,6514.934486776837,22.825294234012354,3.290761459363502,0.107650632224977,30.888719433546072,1
11616,-61.350747,5179.582315519374,20.324463813067464,2.933920350752783,0.15226778287048404,31.722198354154823,0
11712,-60.553969,5242.279886751506,21.10141217667309,2.6724386110159752,0.048784768473553064,44.453091309964655,0
11808,-40.836479,3400.5283488343316,16.177166145877532,2.113262385115683,0.07551604453474287,41.13476234868169,0
11904,-50.294767,4079.247306200523,18.50441504330154,2.7345627002060793,0.19047629806752275,35.533805361390115,0
12000,-26.439567,2133.662897207208,12.720286114421217,2.241805235596936,0.026008647052865264,33.63200657695531,0
12096,-64.302056,5469.478584067368,21.263767598945194,2.6669786097759305,0.14408987145870927,38.145487144738446,0
12192,-43.032494,3600.141331111255,16.161901202812178,1.739827907566641,0.099105244473015,24.9772711764276,0
12288,-38.640122,3196.4599787170446,15.513671970492835,2.0509480593915077,0.08006943116258636,35.48166425421834,0
12384,-54.808354,4550.3750754215735,19.397727796434783,3.003088409315939,0.15226997426269873,37.242951034605504,1
12480,-45.565223,3802.505546703834,16.273610141485683,2.1754064951781436,0.11919478934846428,39.314397767931226,0
12576,-62.322098,5376.0525590876,20.626607601465086,2.8757642396427414,0.08155226714320879,41.72979953140021,0
12672,-41.895673,3545.5922915570545,15.206279418255455,1.7254994304432856,0.07917779888957738,26.0918386939168,0
12768,-73.0048,6429.885252439373,24.375489217013257,2.893583535520218,0.015724515013004536,32.933902462273835,0
12864,-41.636552,3563.991089679476,14.529404015484145,2.0443876446541918,0.0546709738671779,19.200928751528263,0
12960,-45.688759,3743.5062338024377,17.01869546769865,2.0971029139997324,0.15394979193806657,24.708909819126127,0
13056,-42.625915,3604.897875702936,14.372841945092356,2.496031777674748,0.0844447093084455,12.273445149511092,0
13152,-44.694528,3791.1731030982755,15.583415320585353,1.832707491432818,0.09164595158868716,28.63528043210506,0
13248,-56.097205,4863.552698272346,19.697911322650796,2.6895133814294385,0.03176662868967173,27.939576680511234,0
13344,-37.524492,3255.436419716875,14.017574755978048,1.8776203149120598,0.0009205104881211401,14.38896412461996,0
13440,-55.662552,4714.937589521009,18.669084995396428,2.865371486023807,0.11775349377605471,29.43702662453056,0
13536,-35.59441,3044.258219486352,13.792558461291135,1.9013838883523044,0.016900422051548847,17.01235703989864,0
13632,-68.951953,5963.444932821305,23.72605137453298,3.3054399720369028,0.05850083818169016,28.410695734918118,1
13728,-64.238654,5648.248654899523,22.04651163770709,2.2423993388385846,0.016350307129323505,28.474818505197767,0
13824,-31.109822,2631.5709939559806,12.754305389680846,2.0291923402711345,0.010409549908026228,16.852707436978818,0
13920,-47.599917,4040.9807763001227,17.293573210336344,2.049613798483641,0.0788127822213266,29.709401076734064,0
14016,-31.989675,2745.273527567603,12.999241949837323,1.3863907367014923,0.005507413307694886,19.03715645983815,0
14112,-80.384936,7124.654734815355,26.299385301362854,3.103646052054623,0.00047427934447397124,27.647151248306034,1
14208,-86.005936,7515.792985506414,26.84836462379412,2.8808067334463847,0.1094115877524019,33.80572898685933,0
14304,-54.389268,4696.334431845188,19.35982711992442,2.7051725379724365,0.035727080428286595,28.17136811777949,0
14400,-77.676367,6824.729133804742,25.72844644439507,3.8287729764161536,0.011935476772487186,25.703081355705407,5
14496,-25.228935,2069.9150139848903,11.54682039583812,1.9950442795316472,0.017848096974194094,23.709406491518024,0
14592,-62.727188,5490.834662182866,22.187795814808567,2.899829242235142,0.0001713708729336183,26.129077664613728,0
14688,-32.1181,2663.6109730851094,12.539378624901678,2.2399566099172086,0.054946247841182516,15.196934218257667,0
14784,-69.431382,5973.791346988331,23.13430955551451,3.6843854637825317,0.08529473619633599,28.86999323964119,3
14880,-53.397308,4647.024919376936,19.28730140222744,2.6548000343888654,0.005263193902608654,33.87712755307555,0
14976,-49.718339,4229.61487172686,18.409252584902017,2.3891890513664418,0.06291592177003624,27.207376300841567,0
15072,-33.791757,2867.7329103879006,13.61830284991447,1.4071915121862997,0.031070691905915715,21.02991508126259,0
15168,-35.166028,2970.3760879441447,13.557171108105605,1.4205963097865195,0.05512514094773102,16.633642951548094,0
15264,-56.085923,4808.436152408916,19.250741121328367,2.913432637457489,0.07073108162730934,29.949745935499667,0
15360,-50.128615,4329.152689785803,18.904596580546535,2.5068060571622293,0.010865763761103153,16.104313974827527,0
15456,-40.204561,3372.015911964671,15.581456690840348,2.0406023586443736,0.06624828996626952,20.665273352414367,0
15552,-52.946855,4542.828440141078,19.41814510703588,2.8335090593072714,0.03731488992313026,22.586393451243644,0
15648,-54.568267,4744.726561811536,19.55532032933346,2.674985963041485,0.012294080108404049,23.904989045411348,0
15744,-29.8187,2437.305349411849,11.550110332300386,2.0096010999780147,0.07845154381112052,16.650065231472254,0
15840,-46.804121,4081.887599232103,14.881380170941034,2.8017745285549243,0.026674726419150807,20.896679107248783,0
15936,-36.513394,3058.1389894012664,15.933298909132747,2.5641135207949883,0.008424568548798583,9.492276753336194,0
16032,-47.887306,4107.998291515539,15.725047859830438,2.2168512128973252,0.08020457169531192,17.28831457361579,0
16128,-52.096156,4563.8398564402705,18.594514740244268,1.8648570428089568,0.00889731925961218,28.58379565924406,0
16224,-41.972278,3592.1288789350983,13.950302489867592,1.5994917069158747,0.08174009062349796,21.289247146248822,0
16320,-49.441355,4244.059924632708,18.568271378929378,1.6905542531563755,0.05027019750130801,32.05715853527188,0
16416,-66.236925,5770.486041578887,21.282262255150766,3.064091231284629,0.06144999004900442,20.507370571345092,1
16512,-69.461939,6003.4420240168165,23.53232570643192,3.276177315336778,0.07048998792704786,28.899303745031357,2
16608,-46.039152,3779.6460306437807,17.17062228058019,2.5078227100507418,0.1392250575125218,7.748894770741464,0
16704,-30.316307,2486.2827772875803,11.075663366848064,1.8662223495330186,0.0922861021012068,29.74419178962707,0
16800,-51.724263,4411.298870189364,17.927215970505692,2.5241068371037296,0.08156442884355775,23.05175770387054,0
16896,-69.480687,5995.368240181749,23.042866670302388,3.1343766361236636,0.09069296058855558,27.861769035458558,1
16992,-48.892526,4152.37461315039,18.151537896661573,2.4897505955857815,0.06182788200676442,7.215051318705083,0
17088,-46.838929,4065.724842442143,17.918993559270795,1.9743327257453123,0.0010832967236638624,34.054451108723875,0
17184,-66.944523,5879.191751084928,21.48558437789315,3.443047126751129,0.021980780735611938,22.4104680429399,4
17280,-58.705937,5108.369668344225,20.415617940178638,3.1851777255356843,0.014898913255647628,21.01947998389602,3
17376,-50.920763,4316.90062169492,19.337050921961467,2.884123375919514,0.05313282292336219,20.18081255361438,0
17472,-66.615573,5847.354382764883,22.053756879580938,2.6310388936123554,0.0315657697618007,39.231683157086366,0
17568,-64.562146,5616.772165541609,21.985550366402887,3.1634812827306362,0.03555781081514919,26.332667516767984,3
17664,-52.615111,4479.714940494658,18.96852511565677,2.504262684192471,0.0750466121360659,18.471075155586007,0
17760,-70.002893,6043.150658936475,22.591369167579682,3.4806388904261585,0.09344799965620043,27.197335135936736,5
17856,-49.192813,4278.34781112052,17.23882225425962,3.0892120854778566,0.00013356544077391952,21.080113946050407,1
17952,-51.967085,4497.206202267228,19.595913890170994,2.6527106300017618,0.0036776060238481456,23.317035707086326,0
18048,-47.476809,4059.9899390897776,17.39194683183566,2.01053212301857,0.05700753945857284,27.36089386433363,0
18144,-73.098045,6330.014459510621,23.033626455086182,3.952067789892678,0.0871323391795158,23.89137048944831,9
18240,-32.586562,2793.9543929202305,12.115400696045004,1.663433751692997,0.023134962175237472,16.27624848634004,0
18336,-16.744048,1327.4145352498451,9.354690261647468,1.5058812543946072,0.004076233663057038,32.45941249385476,0
18432,-60.395392,5276.48547856561,21.470559683821218,2.851866394249129,0.0032415343448518597,21.14449011027813,0
18528,-16.913026,1307.2938517626565,8.938381946557447,1.7331247640880378,0.031021551150632598,26.716749888658526,0
18624,-25.314593,2123.4126948272396,9.578182208448148,1.6718270729462965,0.03588535077869892,14.01299807742238,0
18720,-37.391987,3188.5022856294286,14.341434743200073,2.577465890714535,0.011569822952151254,22.659499851465227,0
18816,-69.989113,6079.687949259478,25.421606369821188,2.7726514646209033,0.030446098186075687,32.55365294992924,0
18912,-37.953979,3217.104763172497,14.365804271685374,1.5700004137555648,0.05634601414203644,16.484406344890594,0
19008,-45.339491,3898.466628761548,18.05116377447185,1.713747019774043,0.016931770830170056,24.41025535970926,0
19104,-32.06326,2739.3855182694433,12.337898745261715,1.3922866315676923,0.027408049814403035,18.806593009233474,0
19200,-43.387776,3666.0533268240547,16.56527177244968,2.7515769783552866,0.04380200803279877,17.66787205532193,0
19296,-39.481508,3278.276796101501,14.868402616143744,3.1917600090980365,0.06410103670664513,14.422788422554733,2
19392,-61.151159,5324.710351181456,20.547932213149977,2.7794108602708736,0.04186076391488314,23.38953397229314,0
19488,-68.86739,6009.315305430582,22.93705774875406,3.6060760785746573,0.03004591897326081,20.7821142475307,4
19584,-34.472973,2910.997701987243,13.61737940730471,2.1032963613644617,0.029097543470561482,25.06684309244156,0
19680,-49.919027,4248.6980296223055,17.738485896075012,2.606695576521573,0.07118816804140804,17.478923672139647,0
19776,-52.171407,4575.692180272045,19.241503226176274,1.5754998587055944,0.0007889807224273349,19.407509784549475,0
19872,-36.788892,3091.443038845183,16.430154929201212,2.1655754296298118,0.005278986878693104,10.10089276984334,0
19968,-52.33402,4568.916278771958,19.27846907844333,1.9077846544145358,0.006546824847004862,21.932153748124843,0
20064,-51.586506,4490.488924326932,18.290664289441782,1.6152725847515486,0.03655392583459621,23.594722019881015,0
20160,-57.858205,5026.670785871359,20.16858561661449,2.7210906953652314,0.030165682987947195,27.775291325896976,0
20256,-62.852721,5476.855888265107,23.034319552896193,2.8239717659952674,0.0029518532419675614,30.027835131138563,0
20352,-48.411932,4107.027501298747,17.918903008782998,2.617880463619469,0.06125562153756614,18.04346688583493,0
20448,-45.254421,3923.030530398565,16.742186683603027,2.239785358015377,0.007036364451050714,24.516711697429418,0
20544,-35.748736,3052.5787122884444,13.769623568012753,2.2340917270884266,0.013228367827832654,11.307395582795143,0
20640,-42.528331,3593.67298527992,16.156219751703055,2.5464324276118733,0.04841081406921155,13.057746955901386,0
20736,-38.361042,3317.71569220748,14.00958275599,1.8057385226573344,0.01724763587117184,11.367660988271233,0
20832,-39.87617,3389.4647172790783,15.684204994132566,1.3887886631272421,0.04804972726851697,16.951160894632345,0
20928,-67.230383,5843.231925505327,23.16934397084006,2.4873459488295633,0.056821469962596904,35.03372910246252,0
21024,-49.456257,4264.1669131072895,17.80925342803864,3.281443021488999,0.0106156131252646,15.209715386033057,6
21120,-70.073584,6151.726831279768,22.062356320101053,3.568271364987833,0.034020041674375556,31.802126004695893,3
21216,-34.931317,2955.0369412585133,13.88292089547531,0.9379474643326251,0.05605946382213567,19.97822561994195,0
21312,-52.883097,4580.185733447648,18.150506165726956,2.633995825089179,0.03883263375610113,15.235792672634124,0
21408,-45.334955,3924.62947136356,16.598228448567184,2.372881231497457,0.010669312439858913,18.386174714118244,0
21504,-51.192844,4391.319063708838,18.51574756593793,1.9738935310455572,0.062358086369931565,29.118752651959653,0
21600,-32.891562,2767.3668113993863,13.794559425077287,2.0649373363334487,0.016903423145413377,11.627090313732621,0
21696,-41.801894,3545.991815669764,14.911005031011216,2.6791815979789675,0.0531334493309259,17.94101738885045,0
21792,-32.177895,2703.6305744815077,13.482422083152732,1.8783790104859945,0.023034079372882876,8.475716509371995,0
21888,-38.870789,3323.41176008754,15.145583597494662,2.244383438375598,0.013016169704496872,21.426815107315775,0
21984,-41.323639,3514.1234896071874,14.907599604915177,2.476126854519679,0.047978240320164955,3.796095285117626,0
22080,-43.308954,3689.0356421141146,17.247075621239336,2.4883600140150195,0.01660873033106336,18.693281788378957,0
22176,-66.10091,5832.135910742068,21.802799859100467,2.5657035032714024,0.01416200175881388,40.60395106881857,0
22272,-23.910718,1948.100923568691,10.76419028439752,1.6134787918007953,0.037004015594720885,29.30618389874697,0
22368,-58.522361,5080.445289734729,21.373445062377307,2.1799028805026444,0.02892758361995229,27.189405456334356,0
22464,-43.424214,3743.5984331085538,15.583528694302533,2.3783578948892883,0.02412186078727241,15.0357086071372,0
22560,-68.86571,6057.716623135586,22.252012292220023,2.7460513562978575,0.03430128161256252,33.294181095957754,0
22656,-29.303837,2496.0853950494156,11.303010516100915,2.1897606920081922,0.0050783665850757664,17.228636036068202,0
22752,-46.935891,4065.171204632451,16.28397279130684,2.301425545192354,0.03189444015488807,18.239810613691805,0
22848,-25.015453,2091.0649924885806,10.867900873863066,1.90355753646254,0.005533986166119609,24.971657392829655,0
22944,-55.806276,4874.855808270903,18.450752273840372,2.61502822639835,0.03176537975668908,36.50956983163953,0
23040,-56.906807,4994.490614854087,18.5894056726975,2.6631845271980077,0.021320387534797203,20.791745934486393,0
23136,-66.172333,5722.017620599866,24.150695506654916,3.3610543134123603,0.02416843790560952,40.71749266386031,3
23232,-31.06512,2587.7372552267516,12.915263176322831,2.232488864849101,0.028011542186141047,31.712566069215534,0
23328,-52.313228,4545.930660726401,17.87709761848968,2.9602700055875317,0.020445582829415776,12.547894454300408,0
23424,-36.662704,3096.0845566536823,13.35569473453311,2.615178575737282,0.04327187798917298,39.403082823157305,0
23520,-60.347869,5256.663746369212,20.357815316553694,2.597731238442643,0.042319628782570395,41.38605283275247,0
23616,-43.305744,3745.6209918206355,15.707139927607352,2.2031788541800887,0.017074710316956065,19.830958796292542,0
23712,-42.880032,3684.9384152978905,15.408260017018488,2.4701585945762408,0.02800710238516335,25.95866417840123,0
23808,-51.164217,4373.646918035763,17.827324467854424,2.6824756107818457,0.06710402797907594,33.38045792579651,0
23904,-34.808349,3008.195222951593,12.19258276050716,2.3485195639056093,0.008614277682806315,27.864021166116,0
24000,-94.119278,8355.31726480537,28.6797101407512,3.6304846413870306,0.03399989753961563,50.116378817409284,4
24096,-66.98201,5834.477445957986,23.32028672319052,2.7921794233006976,0.03495183177292338,41.97589001908898,0
24192,-69.328356,6075.83601365736,22.050809928503572,2.9268520341541873,0.05226746033877128,44.13597009763122,0
24288,-47.610993,3993.580288764756,16.363320987121636,2.1084221375121173,0.12818829989746994,23.32309083759785,0
24384,-46.504478,4047.1360198814855,16.477440620374654,2.2265278944177584,0.013284969329834029,23.144474733173848,0
24480,-47.153631,4083.4100279849945,16.66866485766934,2.3861829812020234,0.02429720014333725,25.586040188968187,0
24576,-44.507101,3816.2939094911944,16.57860915404026,1.6616222462555599,0.047062015347182795,18.55242770537734,0
24672,-26.986211,2270.7267291572334,11.483358745655815,1.6747820545512653,0.010934879258275021,31.340703508555887,0
24768,-61.582088,5334.1183656150815,20.706187702066256,2.404849178671413,0.0711405381560326,38.90053256034851,0
24864,-43.2215,3702.7324972327933,15.524074606289997,2.5986538643177157,0.03316606416514045,21.579799441695215,0
24960,-36.104005,3112.4477296091777,12.481246921643347,2.2631475186281076,0.021993007697165057,20.57005799174309,0
25056,-41.712571,3554.424464383916,15.989435196596618,2.364619072373632,0.02837651297450061,34.912537084221846,0
25152,-64.37282,5651.211884106191,21.865999991283612,2.579245253451055,0.01794687658548355,18.705484340041878,0
25248,-33.417581,2892.8807578778124,12.989605617600535,1.4050597325907321,0.0019912090152502393,21.276885747760534,0
25344,-31.728618,2751.1500064481793,11.818576717320774,1.6587229993074246,0.0005370533093810304,25.65116309508681,0
25440,-45.554195,3951.283588887734,16.10287495101217,2.2221798825740473,0.02144165933132175,14.81067537248135,0
25536,-39.885616,3393.1295359919154,14.883886724230049,2.5757667310161283,0.03058989048004157,21.95767608076334,0
25632,-50.895655,4430.97186580379,16.793280903122763,2.404934933152203,0.03906519375741485,32.66493922054768,0
25728,-35.270002,2971.8322412740276,13.554478425404811,2.1485540473024636,0.041727634254646984,13.385956033915283,0
25824,-24.805856,2041.5197190351953,10.363027465895781,1.5331357706741922,0.04456642176955938,20.044655900597576,0
25920,-36.121921,3115.2769424572202,13.418923013913748,2.1223650085013537,0.006301885657012396,21.7314874714613,0
26016,-67.303908,5921.715677738638,21.59838482469883,2.7375909807169263,0.03414662387222056,47.66067533031106,0
26112,-48.780408,4185.54471115744,18.884049252476,1.9599174323921909,0.03171858321875343,20.626882981061936,0
26208,-66.139684,5857.003126662849,21.411570508483603,2.589625903016972,0.0073553828522562315,30.89984221503139,0
26304,-38.538739,3312.7151109577435,14.235475144045038,2.1921778922964332,0.017604913003742673,31.42924420937896,0
26400,-46.163436,4003.6364765328435,15.840477215097216,2.4257764373869883,0.026974481903016545,12.064631715267897,0
26496,-35.802879,3057.745897477264,14.358854623625344,2.009230772400551,0.007604774460196473,16.398287496715785,0
26592,-51.827286,4498.6920795004735,18.05923254296515,2.841516295938326,0.019065941311419032,29.650406532883647,0
26688,-49.61647,4251.074088188456,17.4346698342301,2.956371595294982,0.046185307518432084,25.62642144829035,0
26784,-87.550632,7798.414882541183,27.062661970822905,3.317591514603495,0.008043180219829194,38.31351304978132,4
26880,-48.874651,4026.3556204368333,17.982238636356403,2.1406697700828614,0.15734370872378345,17.03596506282687,0
26976,-63.45385,5633.554342376198,20.546890337154483,2.321781853624645,0.0017017502337692836,29.923349173516034,0
27072,-51.325134,4504.5720443686705,17.333544638085936,2.0588805674091675,0.017053168267011698,30.150388900041573,0
27168,-57.912981,5022.05795450984,19.50730210698518,2.5353012116717872,0.05507267758642376,28.03068230941892,0
27264,-49.449941,4313.850941005086,16.036746737868164,2.603383553818019,0.030603579431772165,27.665339638739827,0
27360,-56.38266,4916.070001843013,18.793588991095675,2.951558400690717,0.02688396964222195,30.628338735401634,0
27456,-56.403775,4890.550696808505,18.325478929430865,2.4477887128191305,0.06810061766913056,28.36996759712696,0
27552,-48.441793,4185.966088122881,19.32577288568775,1.918514069684921,0.0011329598724842405,9.304253191649918,0
27648,-51.66247,4511.825711013517,17.743770368448182,2.597559261078203,0.012137222476303444,28.86006872937083,0
27744,-40.371504,3428.448193444112,13.804711300825902,1.6143963969980162,0.08665666580200193,30.61514665439725,0
27840,-44.94894,3844.669010334332,16.465274724881855,3.091438137786036,0.02173950541764491,20.211203009188175,4
27936,-31.074867,2607.470038210624,11.606002479176883,1.7426043086522696,0.05475494347904852,13.240969560742379,0
28032,-44.803289,3853.9266540560857,15.624358132085936,2.4422119264387696,0.039988658204674676,13.049293542057278,0
28128,-40.778746,3563.750880143437,13.868446821514329,2.130585076210604,0.008564597181975775,31.28452620044351,0
28224,-46.570875,4003.312565902241,15.91430055818667,2.3607056089411023,0.05461177658289679,20.767267185002567,0
28320,-41.539778,3586.5988045211693,14.287777305189913,2.489584272007777,0.026108172722160927,11.552349255979063,0
28416,-27.927985,2384.340556688926,11.521655119423245,1.4186380356471537,0.004041816107928808,33.932743243277066,0
28512,-43.184054,3776.771479607217,14.588780151077897,2.0911723657287977,0.01354906205087908,24.18171493813395,0
28608,-57.072862,4950.9734109972505,18.576760843057453,2.9214406748557744,0.05476825628429638,30.568864444345245,0
28704,-60.318786,5307.16516601737,19.64655649753743,2.909145230565635,0.012633937224745817,26.45406411841512,0
28800,-59.201867,5157.801555060532,20.76290298290537,2.3685362705727755,0.029837743192911215,16.62682346045971,0
28896,-26.793605,2284.2625915531858,10.303628539674055,1.5718465971705045,0.015410126000642899,17.38385622739792,0
28992,-60.528787,5250.795264655833,20.42793487177318,3.093786343184172,0.0436625907295628,22.5039857314527,2
29088,-36.653508,3090.5574636126516,12.485030781850522,2.105651446573764,0.07734424322843547,13.642860661000014,0
29184,-60.532625,5324.90792399038,18.908418899918143,2.8769346017863917,0.030683094263076693,28.734377287030224,0
29280,-39.905106,3469.456262904086,13.068590437895722,1.7420506225184957,0.03954308070242407,29.01387029007077,0
29376,-68.837403,5870.034864489165,24.28453676974098,3.0731334861197657,0.1081626756214783,15.014740909726418,3
29472,-35.856449,3093.5793205272907,13.190190419085171,1.9338092495068773,0.012671650759875752,12.008856716454028,0
29568,-38.646386,3316.79348888107,14.040747971369804,1.6554090943989064,0.04027085844427353,19.12068686634302,0
29664,-50.431848,4423.49400172947,15.812071164496714,2.1857238190064354,0.03859979417175058,10.044876661449667,0
29760,-67.646366,5853.898930047236,22.692282227062492,3.1316479701380837,0.06980221476405868,14.800336541384455,2
29856,-53.516733,4722.199900230842,16.794262134796497,2.941462245215593,0.005324713179939766,32.668339024931186,0
29952,-49.880123,4334.66943682893,16.5003512436678,2.738448046024745,0.03252959366103536,29.084519957154992,0
30048,-50.721003,4250.755095349915,18.675813121383797,2.236355082378883,0.11441105803180684,11.434409954249862,0
30144,-61.063966,5318.55804707868,20.782659990014295,3.5591882308684823,0.014660827443003677,11.49733924537897,5
30240,-54.123667,4693.0466167287095,18.5541033733639,2.878116269483461,0.03171485452667655,10.341320412456993,0
30336,-44.332622,3804.2546496759355,15.892767891895797,3.0414839904228472,0.02037679832428696,23.622985676825056,1
30432,-48.864918,4246.487390860963,16.766841249863838,2.379707000997808,0.027873951941728647,31.29626043334603,0
30528,-47.044136,4070.6635528994693,16.91971163215874,2.618885370812586,0.014268834330141367,24.660300450176,0
30624,-49.51464,4239.77702422868,17.300866872067406,2.897804084995423,0.05116584649995748,19.089690803587434,0
30720,-38.094981,3278.9120533008136,14.426083380244684,2.241210551074878,0.005436731874942757,26.268340700268748,0
30816,-29.564325,2444.264914699562,10.478540209797742,1.8425091466799333,0.0827406665310263,10.153789398670195,0
30912,-65.256371,5705.373905928451,21.9814461713832,2.8599957578860313,0.030946634896099612,16.732910552173855,0
31008,-49.716594,4319.372260587527,17.470332851844855,2.273438876517575,0.02482639942318199,28.357936697453265,0
31104,-49.185268,4229.80436966065,17.401733599401226,3.0361780642101155,0.030148894339799892,17.21118264064193,1
31200,-56.994584,4920.3443699810305,20.56088030182656,2.326968538090258,0.04613925934230034,18.515758444964884,0
31296,-72.071253,6350.775863182131,22.45252620018989,4.020017152989782,0.014648642577230864,20.41153953894973,9
31392,-87.191116,7688.845821759352,27.521833216893082,3.6933125533177273,0.03791886251419785,17.721150767356157,9
31488,-83.704706,7362.145892628341,26.83313500988587,3.905802908317474,0.03139900732785461,24.989189030230044,12
31584,-68.44954,5991.6786586786,23.711059641890785,3.401567850322855,0.003920526616275399,24.932629792541267,6
31680,-36.126699,3103.9197169812865,13.934204890196064,1.5681344471418375,0.01866580322384842,19.762626415640117,0
31776,-41.391282,3598.9443478750063,14.409193098241465,2.4132344533688705,0.007585761137306801,13.280832169204949,0
31872,-55.435259,4834.819006847058,19.051399542359377,2.0834797488146433,0.03588383253663785,16.311063618361953,0
31968,-58.402928,5089.383212691383,20.099310506120496,3.0978752840928805,0.016010170733850304,23.1122893331945,1
32064,-27.155892,2226.6150216450874,10.761880178498869,2.9917800225328732,0.030964360199868646,41.06196953937411,0
32160,-68.116701,5971.558974391414,23.507424546464478,2.991341209723224,0.010156511142849989,34.391376708447936,0
32256,-31.668866,2634.846360191977,12.878484285422013,1.8442118399613971,0.04794479701668025,7.986792808026075,0
32352,-44.354584,3827.0884416246013,15.756525796593564,2.218168279143702,0.031298306211829274,18.904291720241307,0
32448,-49.247135,4280.365505942867,17.217091100449238,2.1142482653706733,0.02884355299174779,10.11837930619717,0
32544,-53.131439,4573.6980553971525,19.92944653023778,2.4075400968833107,0.030173909850418568,7.752809807807212,0
32640,-40.385482,3490.3086036777613,14.302387316821434,2.06920590016536,0.02426650971174249,24.756639806330206,0
32736,-43.321835,3739.614150744097,16.45347397163497,2.1931432519797487,0.007492904178798276,11.9285517193377,0
32832,-69.320293,6022.955198901829,22.359296577604884,3.602940237311797,0.06278504151850939,18.7228382717073,5
32928,-42.898982,3681.928108918411,15.901860295523166,2.1704325043431623,0.029397983849048626,23.986533187478777,0
33024,-65.70053,5805.487088815388,21.59061106460841,2.908831959503981,0.00032954439520838097,33.63947045996785,0
33120,-61.396666,5350.701415832735,20.82549167110489,2.6553556624359054,0.03865747489035132,18.56072687700391,0
33216,-75.412042,6587.458574834929,25.469459120085173,3.814923484438913,0.024709954857826122,21.233605600297448,5
33312,-46.681295,3995.5889950732067,17.579894115016536,2.3146382050007066,0.03503876794129601,7.769877639114859,0
33408,-55.506582,4846.808223744051,19.713069709708744,2.0869365280638306,0.01932027339935305,24.01202506482601,0
33504,-69.653018,6077.578207137986,24.33379837119284,3.197889795392264,0.01986272005658407,21.85531067162752,1
33600,-53.218083,4618.509327228335,19.464291697880846,2.283017890121522,0.018699667573367273,12.577028414011002,0
33696,-36.558542,3141.2564019247507,13.844375694116499,1.6871564759598199,0.02118681408464912,22.338303356021644,0
33792,-80.523484,7098.8008140273705,27.26328454288299,3.0241835540178448,0.009787813760340214,32.64511217281222,1
33888,-65.606863,5762.951559396038,22.553581697277043,2.670973115287575,0.00952555593103177,15.495013005435469,0
33984,-52.017271,4528.230721096479,17.94309337733356,2.494060759788186,0.023627398721873805,27.758205900192262,0
34080,-52.27109,4545.939238775851,18.77376705672313,2.036603767090364,0.024328414350748118,24.225327463895084,0
34176,-46.806122,4011.3681615734413,18.17352681964841,2.07903975371823,0.02725108154118061,10.269607798457145,0
34272,-66.316802,5826.254103569974,23.30964070035618,2.5545292278448475,0.002637123689055443,15.145012278109794,0
34368,-41.001289,3521.4587825872236,14.742130682464678,2.3421448680053576,0.02848028615117082,20.86566156297922,0
34464,-71.872465,6271.070390266906,25.001196792843498,3.770244400415571,0.010220305621623904,14.19488544031978,3
34560,-44.475235,3830.3383175119325,16.317905627581624,2.3755294373159934,0.021751193143427328,24.895555291473865,0
34656,-48.692476,4224.365525533786,17.005721987408876,2.9026190650638912,0.012403751909732863,26.14808742597699,0
34752,-40.976687,3517.246768920485,14.375724112251724,2.2940176869259465,0.03825966902077205,20.55636330828071,0
34848,-46.972993,4103.041719022536,16.41530393025402,2.37581604435097,0.004510558210313209,5.093742017596962,0
34944,-40.876989,3542.9187877836116,14.66352363256934,2.1790244313369618,0.011808927925793689,17.875061159580945,0
35063,-72.673871,6344.907105229839,24.657050197908795,3.8291985379792766,0.019733716547489122,15.015247498601676,4
35159,-47.51507,4130.039973014574,17.626599600280137,2.1694760374412545,0.003926693275570825,23.193063037842506,0
35255,-36.833419,3125.890130524963,14.724547092106905,2.442192706103414,0.012018459849059582,20.38830993145704,0
35351,-56.745285,4941.368071332953,20.202610033216438,2.7926991942243617,0.010249417647719361,18.687968933582308,0
35447,-25.946833,2158.150905412088,11.084588086621913,2.1926663105285114,0.01085873171687124,18.290192042589187,0
35543,-33.349196,2835.0560006120104,12.435207637749865,1.4777112103551664,0.04513260927051305,9.016313258856535,0
35639,-44.165904,3887.3777429762363,14.37452363075834,2.2674627763914623,0.004852270158497873,6.324670693874363,0
35735,-35.675034,2971.61793310204,13.39018818849801,2.6382633631745445,0.05909949131309983,39.35106219619512,0
35831,-51.926465,4487.362835895745,19.259782535469643,2.2997819726543565,0.023665924556553364,9.635173269808295,0
35927,-51.210236,4465.2582274332,16.300233458989513,2.976396313902435,0.03180170077830552,9.013568539470434,0
36023,-65.108973,5673.992258220701,22.632577376925205,2.943049311255858,0.02680384830424659,21.25682342678308,0
36119,-57.362354,5011.863361053919,20.239132802945317,2.3233430051055244,0.016176208294928163,13.57371849283576,0
36215,-40.694136,3468.277883414124,15.626240193475102,2.4208868822860454,0.02367538623511789,18.12302764832973,0
36311,-46.321755,3876.6726004814304,18.309767983235155,2.8489647775597966,0.06150086186826231,17.856647201329476,0
36407,-48.510163,4123.332387279834,16.863227269900424,2.7373419912781554,0.07486229259520771,26.486272371709347,0
36503,-35.466784,3033.7065504819225,13.553217210278955,2.4045107262401184,0.006796593777835369,17.715334574580194,0
36599,-39.720696,3390.7505631046165,15.377291564166422,2.339660776099044,0.01760924290865651,15.71685883164406,0
36695,-40.198861,3467.773729500173,13.475510096558667,2.147597740611399,0.04129546824842689,13.392542967200281,0
36791,-42.598127,3582.652486393824,16.36318937913426,2.4391437498780952,0.059132513962686095,24.730374788939958,0
36887,-36.041633,3068.406359721979,13.375842259142493,2.1537927032540574,0.03221998281384775,18.004793895334007,0
36983,-60.278768,5218.755668499295,21.91990644403489,2.8661730165029136,0.024584699980914615,25.06273258939386,0
37079,-53.993308,4691.810997649486,18.691580836022194,1.8913648698332923,0.04741188343614339,17.132126785218716,0
37175,-58.737155,5109.975507908474,20.120865669984624,3.7810959489947895,0.0059134740382432716,6.3843891911208654,4
37271,-33.817008,2914.4241384456477,13.349956039541519,1.567122848806596,0.0027287436649203745,5.527158157229424,0
37367,-49.037927,4220.951890346323,17.44182163219205,2.9788463732794432,0.02695484571158885,23.376318030506372,0
37463,-44.71707,3866.535014642962,15.35041915519497,2.420167092480964,0.03190182689577342,24.744608646035196,0
37559,-33.489723,2810.9018176296254,13.600714253584663,1.5110368417233122,0.04640503935515883,18.381945728361607,0
37655,-53.47841,4645.703851805616,18.972816710194024,2.4802978355546452,0.022493832930922553,19.405410512089727,0
37751,-41.102822,3508.010990890202,15.195630568921192,2.270438604454829,0.037056509964168094,17.164416014105086,0
37847,-35.992634,3065.2563598134607,14.716920085318346,2.1059073675175703,0.0055087541769209825,21.347810255438088,0
37943,-36.323969,3122.0264947283918,13.229629240336703,2.220300200683905,0.01644637398421761,19.158292032927278,0
38039,-68.922378,6030.4809019322365,25.133667524695422,2.683725152781096,0.00026524029672148064,6.122324223490721,0
38135,-51.502538,4553.633229225216,15.621454291121498,3.0163048273292157,0.004883139766752698,14.803953220546243,1
38231,-39.574409,3371.6174888015357,15.56422775941457,1.4170725685079573,0.04147579763084658,17.994788191765547,0
38327,-30.620158,2481.449910805408,14.012956226436245,1.6448053181537985,0.06292331243227978,33.29875052347779,0
38423,-88.53472,7796.466035133568,26.964923106106383,3.8971511984474145,0.06144812684506179,16.38914241316081,10
38519,-32.269302,2686.2635371378315,12.209500739044277,1.8362876111151996,0.06728674080222846,6.190545610487465,0
38615,-60.731847,5279.147588894563,21.132248889207293,3.150414960560497,0.022702026739716552,6.062228889998637,2
38711,-62.832352,5438.458605869329,21.669316520834474,2.2628204909156153,0.06945616006851202,14.750349960923193,0
38807,-43.581124,3665.056346562715,17.486278478932018,2.3154495780114335,0.05056648962199689,5.362614229321482,0
38903,-52.835177,4539.992046414147,20.21987318676705,1.9027261129268527,0.04054691661149268,17.307920606881382,0
38999,-43.346064,3686.7259621082085,17.23108181844674,2.2337820281165426,0.02773112040013087,10.910015857219696,0
39095,-36.406907,3068.402280427231,15.28108201109125,2.1051881602264704,0.019765594415366627,32.23874850302934,0
39191,-33.147802,2748.542884929071,13.718051457242883,2.497808312193043,0.03652229048311706,21.546292948424814,0
39287,-79.022438,6954.163182136087,23.31114017683625,4.219615576224424,0.05330784376710651,8.886476018243883,12
39383,-53.281168,4504.505790501913,21.08052790469864,2.059604948489447,0.07254066169261936,5.313670024722808,0
39479,-50.79881,4403.987709561299,19.2841438999198,1.919155642946785,0.01373518649488692,19.896898675411943,0
39575,-41.638714,3515.1289778411824,15.18465802042292,2.5405614169727193,0.06105349361896517,16.258861535936592,0
39671,-27.909399,2342.99448755098,11.951022160268389,1.4225923518268266,0.021674040518701032,35.05527898207306,0
39767,-58.815661,5112.108984176021,20.97973835202408,2.4289795442236306,0.0286038653925062,22.479329991489656,0
39863,-46.92119,3945.508361308046,18.65424072931048,2.1922027220310376,0.06619688365608462,17.607502772063015,0
39959,-47.444584,4106.100042483573,16.191180407148874,2.5078376048680635,0.034872962906956684,14.073323377370837,0
40055,-26.495686,2221.592837697995,10.20223991239642,1.5093153681070073,0.041023977287113766,10.509990515708921,0
40151,-54.067581,4589.472494136499,19.329805220051643,3.3634332591640588,0.06856943946331734,4.81959134325385,4
40247,-64.738616,5590.702378082313,22.861886255471543,3.3222074610073684,0.04294291846454146,19.4353213776648,3
40343,-77.943688,6883.728429409781,25.99231236009662,3.16042027938866,0.0029694611206650956,11.928467553101914,2
40439,-40.000847,3393.698765237381,15.431180799174191,2.388517912096635,0.03193983957171437,18.230558184981348,0
40535,-71.398217,6190.69469071584,23.03864683167756,3.7103628176686,0.07303536406865246,8.592524766027925,6
40631,-32.205975,2685.7399481789466,13.484739983804559,1.9818259972714778,0.03402822270597289,33.16599775999784,0
40727,-17.128759,1345.9319977902855,9.276684316520013,1.9716920945948093,0.0065171227839431745,30.618831721544268,0
40823,-51.037441,4403.726683542037,17.649538958369675,2.1451049076935256,0.05648468565195797,5.832622362673282,0
40919,-42.026164,3483.7738112975144,17.258732613235512,2.410156058438949,0.06978293955326087,8.925929267108444,0
41015,-37.197991,3167.6592931758873,14.826611123776194,2.0997310732213323,0.015568184107542016,24.396676352024077,0
41111,-51.878649,4460.84106541378,19.866947664784014,1.9631887929101257,0.03499192018061875,14.219121398925783,0
41207,-53.606714,4582.92584652961,19.530904263285805,2.5565515210656455,0.059704243578016736,18.394624730199574,0
41303,-64.424837,5588.516712783412,22.295795110104006,2.8356854548520403,0.047777139209210895,7.980249940157344,0
41399,-61.797667,5442.197778053317,20.50818505725433,2.647736374578601,0.010942588932812192,8.36041640326381,0
41495,-54.65725,4762.075559415606,19.770630073677037,1.8284810652114485,0.024927501145161957,20.381578846424816,0
41591,-37.455738,3218.675325937117,15.407282880549264,1.3982203812533593,0.005834120325744208,28.854386420845984,0
41687,-68.308739,5990.182976185022,22.37091078568482,2.994400050009669,0.033191702701151404,20.194106705933812,0
41783,-41.219246,3509.932672383617,15.77564405565484,2.2563554095707143,0.032312279567122515,21.940388451963663,0
41879,-46.30805,3996.810694061838,16.499809782107903,1.7160706251461764,0.04690476935356852,27.693802365064624,0
41975,-69.454413,6072.109353621084,23.04446653554233,3.2167411327123703,0.035552172735333454,22.75527643933892,2
42071,-42.059851,3529.680188733647,17.265456975469768,1.5103888298486523,0.06528376191854479,22.537663309276102,0
42167,-27.273284,2249.098309779929,13.172694334587336,1.7268346753561183,0.009317225962877318,20.566315114051104,0
42263,-42.60651,3649.5833630190145,16.41393586867171,2.3404989850107794,0.016686422564089365,34.85589034304023,0
42359,-46.587961,3934.8352799585878,18.78612481360068,2.2657692768974265,0.04649750888347631,20.327190105766057,0
42455,-69.006725,5977.6595642756465,24.157105966686686,2.931371022646446,0.054029960744083005,14.170531085431579,0
42551,-59.480044,5222.149601124809,20.50218990100095,2.540858240533646,0.006103176437318392,35.28500880360604,0
42647,-58.64672,5040.064701478627,21.2105081069355,2.5436850472542645,0.05769640915095814,21.592969375401733,0
42743,-49.154281,4211.13375366587,18.34106827825499,2.4625393455007636,0.03704047109931713,32.18503334149718,0
42839,-51.74759,4466.501696436865,18.00323048623696,2.624173981492075,0.042128970846533775,32.65128965303301,0
42935,-47.487346,4054.580535994925,16.883865642769223,2.2811803219138302,0.06426060125231742,28.780618454217915,0
43031,-55.025127,4785.3064970368305,20.067292814462352,2.432820066780913,0.011916428059339568,6.986007504612207,0
43127,-61.371123,5368.275674044504,20.419942029819673,3.5007983714019537,0.010804290883243084,24.170298791974783,6
43223,-36.008072,3042.1016712762344,13.667228481839372,1.7183480919078864,0.05330315101891758,33.37223765820264,0
43319,-67.726534,5947.905392638655,23.479524243708596,2.6476735795366215,0.009636877849698133,20.269084938019517,0
43415,-64.056027,5607.0944967170135,21.69608916593184,2.3679673001719923,0.0352712409276712,18.442938529402014,0
43511,-37.493551,3202.415411072502,14.148656053198513,2.432887325343321,0.01677636336535221,23.728148716688157,0
43607,-55.11288,4793.141881028893,20.323483101991616,2.069239577622282,0.017114695906639055,7.549961153119798,0
43703,-51.426302,4433.3542948126715,18.765744408003684,2.5563556140108434,0.02936624586582187,29.13568395674228,0
43799,-35.823,3060.9774102441397,14.556258992210624,2.089392102166401,0.0007061038166283895,24.75955880284309,0
43895,-41.978304,3575.130542279544,16.309930980776517,2.25490778119436,0.028803767263889335,26.18816136673093,0
43991,-37.738711,3221.4454920630183,13.429384916663269,2.2470538552363974,0.03977462686598304,17.391650436371567,0
44087,-65.700707,5759.4512210765415,22.017290668939435,2.6199823530436963,0.030200964026153077,34.30000520780682,0
44183,-66.831375,5840.622423178591,21.38622429809995,3.6704821667275054,0.036072678569900374,17.60109205067158,8
44279,-74.130995,6468.54268888329,23.250449180426447,3.9873561393173143,0.05836603175848726,21.421478305011995,11
44375,-17.13199,1352.4634360623472,9.617687305370783,1.3136045536738443,0.013107175752520517,38.94559776231647,0
44471,-38.06305,3148.5224397413394,14.533405088651309,2.725700465889713,0.075168239697814,29.960203951150177,0
44567,-67.797799,5870.333491350535,23.42834280751381,3.8891773470355395,0.034019356966018766,26.18754797965288,3
44663,-55.791614,4752.6415804225035,20.538068910242554,2.697642581275058,0.06831472110199299,12.77007706075907,0
44759,-53.791007,4582.700791808717,20.181111036331934,2.3027165273980352,0.06590527854859829,18.594671182334423,0
44855,-36.352355,3071.219679269527,15.526476905686618,1.9730260823213916,0.012866992689669121,27.669457934945818,0
44951,-34.883909,2909.1265291440395,14.484926819737222,1.3274436410955197,0.061079183407127924,32.42156821638345,0
45047,-41.502605,3468.5648241412514,16.110471440256482,2.3161677705726826,0.07048988826572888,37.731122172474855,0
45143,-35.529317,2970.467019131704,13.734288406394809,2.3961544337195284,0.04972655139863491,30.347943693846464,0
45239,-58.202948,4996.764241537225,20.120958521585507,2.5560791229475126,0.07843908164650204,24.96615415647626,0
45335,-51.461367,4401.965937701208,19.03885634298587,2.3705423780761703,0.052122280746698446,30.777563975900417,0
45431,-44.250752,3726.652893914433,17.122935655134537,2.518555923515596,0.055994650907814525,25.39522401794791,0
45527,-50.074298,4299.291135592166,19.341259788483825,2.085001917314857,0.02966722231358304,27.22309496328235,0
45623,-62.999648,5500.337688606868,21.304151013751934,2.367117903047445,0.04387858025729663,10.268119587451217,0
45719,-58.339965,5021.729140396144,19.968532558110574,2.590411038578832,0.07306329794228084,35.7906879761815,0
45815,-35.453855,2999.8512220841394,14.325082391740386,1.3071753025119053,0.04232985656708488,21.183017469644547,0
45911,-48.493564,4134.202900320643,18.06786887617697,2.5854732536930447,0.046465675346553326,19.953745393753053,0
46007,-54.388003,4699.78632455317,19.23734417907758,2.4345267313311694,0.04300836212933068,21.886509645432234,0
46103,-39.454802,3337.3798563892124,15.748675929400768,2.335187290034158,0.02815502136945719,28.559581062495713,0
46199,-83.410602,7324.956560504125,26.72002012818461,4.083567251101073,0.03410689476877454,19.47398164123297,17
46295,-71.119937,6111.980103125895,26.25806652758305,3.114665409961365,0.0584566591013419,28.005898993760344,1
46391,-35.814854,3003.9144510113492,14.10536514716641,2.109415378012902,0.046688902936875776,22.495040509253737,0
46487,-70.372298,6190.487538239027,22.83647692503973,3.8196797544706276,0.005907171033322833,14.741435922533276,4
46583,-54.907771,4762.665586835807,20.03920453202331,2.334222378621373,0.022377660870552096,25.15149664670229,0
46679,-56.323446,4884.002492640319,20.29433539242632,2.4593301312699616,0.02742588296532633,20.418652451783426,0
46775,-36.19366,3053.867020545277,13.99124440126295,2.421074382610684,0.0326124243438245,21.670378683805467,0
46871,-44.026627,3766.9757911818315,16.645232391938368,2.6130165718138594,0.021206172555685077,26.880113311260942,0
46967,-24.678593,2050.8734713779922,11.261634736485288,1.377159054916533,0.016033628024160862,25.885945686250924,0
47063,-59.661766,5150.534674790101,20.514726949623057,2.853064047132125,0.05738504566252234,29.191810149997472,0
47159,-38.214629,3211.9943099134202,15.505683828192149,1.222283898024545,0.06360450126230721,21.386696255505083,0
47255,-33.522037,2788.6450833883755,12.824443194919708,2.1205593226666544,0.06266863066703088,27.683322022855286,0
47351,-49.564364,4263.685020896226,17.654685556960334,2.5973192728295666,0.03947869706898932,32.858790988624094,0
47447,-43.467662,3663.1084641511798,16.953346881945222,2.140797864408922,0.05961693935096263,5.939317432641981,0
47543,-59.040522,5097.942744561908,20.574932917113113,2.835475500683823,0.0502949507907034,26.176111233234405,0
47639,-39.443428,3388.096457981621,15.248694103551916,1.4339188701076893,0.0276191703975201,21.619097005277876,0
47735,-72.003721,6238.523104686768,25.954923275969612,2.31986966816552,0.0602709796279669,22.528711596280335,0
47831,-38.337704,3219.2933097953774,13.88911600750942,2.649196995987426,0.06122383400797843,19.454095501303673,0
47927,-39.977918,3380.1763247911053,14.340078082325782,2.70853610843015,0.05271442700177437,33.65426041588188,0
48023,-40.244034,3402.8254839989563,14.205865101995725,3.0845937595911757,0.048012158833444174,19.984912142753604,2
48119,-43.167566,3747.8593325051784,15.801253623723406,2.147397309457453,0.005975828133523486,11.523602833896875,0
48215,-55.481384,4804.456881135543,17.99305141015608,3.0029430350740003,0.05584819540381436,28.926185876876115,1
48311,-35.029309,3016.7496932420713,12.239904862752418,2.1324629509030704,0.02245701104402542,16.215024793297054,0
48407,-50.859481,4349.582629286063,18.167324151728423,2.8268944924517,0.052179991640150525,31.911862241476776,0
48503,-34.532615,2919.442231452263,13.749382681981185,1.6320631589833736,0.037370150987254935,17.607617427408695,0
48599,-67.304565,5710.64756335667,23.94659455537822,4.0813399195212465,0.09210501201450827,19.264743063002822,8
48695,-63.514789,5513.175761098154,21.63893976851783,2.7159133133481332,0.05366559329589732,12.689053585380313,0
48791,-29.341293,2413.1147113017164,11.928903536442498,2.0998775826793166,0.052768227271735635,16.703804710358384,0
48887,-45.893546,3866.9244787638213,17.680239732354945,2.661017860216948,0.05705481916666033,7.15738342642784,0
48983,-30.3524,2595.109197613487,11.855181021271033,1.453040243224873,0.017569172382354725,25.767085083872075,0
49079,-77.849897,6857.977391867993,25.138440196006503,3.824836645641079,0.01324376091361057,29.65073338136077,8
49175,-85.84845,7546.334206044281,26.656659282212686,3.974883362904676,0.05321046207100144,15.450777405947447,12
49271,-52.124227,4534.106972584613,18.030919980307722,2.8817602677517993,0.014745164290070611,27.127426581978803,0
49367,-78.647462,6821.799846350328,25.597077924054517,4.100997451853562,0.07399608250707385,26.969689076095815,9
49463,-23.1624,1931.9802309156578,10.490110246537638,1.2758525185993586,0.012348256446421124,18.124785972833635,0
49559,-61.122575,5268.212646008572,21.462284305960075,3.633934036408035,0.03654598072171217,23.258332172930242,4
49655,-31.068945,2584.325933925011,12.039777775956265,2.560992094576746,0.03929037488996984,23.72953419178724,0
49751,-67.695775,5904.185296853929,21.513565863874707,3.7470463841553245,0.046735563129186586,22.572423152178533,8
49847,-51.656697,4393.263145159123,18.379067683096334,2.7383923661864698,0.07433256246149539,31.949532402753825,0
49943,-46.817596,3994.1546199052623,17.86623936878851,2.3991898901129254,0.03710015323013072,28.695508466362952,0
50039,-36.136428,2966.8298933664682,16.028149993907082,1.1790346104428677,0.07920468263328079,23.889873782694337,0
50135,-36.568377,3164.6420143201303,14.471437004344441,1.3490838841033232,0.0027261337265372387,27.879946526885032,0
50231,-54.16315,4668.290657228997,18.163364659317896,2.6843287485430833,0.06383349856263709,31.247251688241963,0
50327,-48.419454,4200.109794115479,16.71864509951425,2.4174537988434914,0.029052097164094515,27.917658646702765,0
50423,-38.206597,3247.997950947518,15.712588596413191,1.8669813458097468,0.017736589536070824,25.66555745080113,0
50519,-51.007102,4392.205083455375,18.212331241119724,2.4168782510839444,0.043640025146305605,32.624051134288315,0
50615,-52.057799,4481.613080980372,18.75633873283757,2.7596233069249996,0.03406112100929021,36.611346616297965,0
50711,-29.753118,2503.9547066265122,11.770816355916914,2.026310517082736,0.024786800077479187,26.775770362913608,0
50807,-45.192954,3872.4914572237963,16.03244852374089,2.750935945694321,0.03719537779688836,19.121989242881536,0
50903,-32.480659,2737.7205354604566,12.55831057153819,2.2589778473623623,0.02882460150867705,30.33266266256571,0
50999,-46.553049,3970.6516045798166,16.336104560927616,2.876799088572885,0.05299877356737853,12.302087269127371,0
51095,-53.206738,4509.695378745687,20.616283776663998,2.1619089676334493,0.07067569419741632,27.85046001285314,0
51191,-40.461182,3511.4003275676628,14.400077860389876,1.7045404620388434,0.02302258275449276,15.163844259083271,0
51287,-50.103801,4319.3422531318265,19.875553615498813,1.8127827027394292,0.014839928783476397,24.13146086335182,0
51383,-65.15351,5679.835890912583,22.296379685775836,3.4296557808188157,0.01962499953806396,31.021553540676837,3
51479,-71.93713,6263.6696684733315,25.710351595438933,3.6993047484553605,0.007173708826303471,19.660881678760052,3
51575,-42.867266,3673.692246959848,15.751952164187573,2.591842727013702,0.024534714780747924,23.137707418054344,0
51671,-28.774344,2350.557193510465,10.777639119293639,2.308766556509909,0.07413160596042873,36.96765898033977,0
51767,-50.150111,4291.999956419352,17.62696536567855,2.600259037222676,0.06012791097164161,24.434333445727827,0
51863,-66.390947,5745.9085363196,23.131948164443298,3.2286799571780413,0.046720368415117286,21.425393243283036,4
51959,-48.285069,4109.88389287429,16.245632645672643,2.310557546345735,0.09255448412150136,29.867195698469878,0
52055,-47.369164,4052.4936385585934,17.979803248668937,2.1601649818240323,0.0390814012308654,21.23260845348239,0
52151,-66.645461,5781.9639125643025,23.627657635305848,2.7229108431383837,0.043224023282527946,20.13428665146232,0
52247,-57.823678,4967.987906257957,21.213995203284878,2.5965890239615685,0.04939763788133855,17.242484303861854,0
52343,-48.443972,4123.149875755339,17.230368041045985,2.50962341773301,0.06930092070251703,26.8820937474072,0
52439,-69.301688,5992.898300951362,24.57414302358844,3.0805998428187076,0.051214778982102915,16.986275063008073,2
52535,-63.527848,5525.713489544765,21.41521152816763,3.406493137486708,0.03223682753741741,23.972047004252676,5
52631,-50.448632,4308.467210119358,18.3412770438553,2.461424715550638,0.05846712049096825,28.813836626559496,0
52727,-68.534005,5956.237085257404,22.785733118204014,3.641663632735912,0.04528325852006676,16.762886593341825,6
52823,-49.474528,4278.639369457673,18.543918055318176,2.438424211487178,0.0099726233631372,31.47604174599051,0
52919,-52.575261,4426.171015062835,20.18521210609012,2.210644773979389,0.09158192630857231,19.104155583530662,0
53015,-46.144165,3998.931474347793,16.44711183613064,2.366773288289086,0.018267142586410046,27.934312909096477,0
53111,-72.429399,6283.946564919537,23.471370274259105,3.730740738372331,0.07041508387774231,30.917463858425617,5
53207,-35.20611,2953.102570049454,14.381271054257994,1.6986675520769272,0.04541574548929933,13.747296779453759,0
53303,-17.500695,1386.5573656749373,8.735699120763764,1.9347307143777472,0.016034601618976962,23.261326796114442,0
53399,-60.806054,5311.680321907117,19.32704489606025,3.550069552499039,0.03140729489295113,22.29282874718309,4
53495,-19.741689,1523.507972515315,9.802598676073705,1.3694317543533026,0.06787048187106853,29.872621738612654,0
53591,-27.68902,2268.8759077623304,10.969882639561432,1.6103110502641065,0.07101146634668115,19.0992450158298,0
53687,-38.513338,3260.9660602483204,13.454041790665878,2.178560129089604,0.06640272047370671,21.284308367073542,0
53783,-72.652777,6303.286592562722,26.307114095258203,2.9291616188623024,0.03707417696714399,20.98914985910058,0
53879,-38.036684,3249.64112181364,14.777149128077598,1.9006606728693014,0.023124236054718472,21.698328662365675,0
53975,-46.326044,3904.620874508314,17.443425406406185,1.8399994226140892,0.08738721460103993,21.26030476406217,0
54071,-32.531406,2792.666752195248,12.394997059786316,1.7078563395308666,0.013539766706526235,15.275296643227339,0
54167,-43.683271,3683.0828485750294,16.481523118297705,2.634012233972342,0.056958703677120914,28.065843787938356,0
54263,-37.821639,3181.085032534617,13.646680671014627,2.2072845613351904,0.06892472933977845,33.64599493458868,0
54359,-61.35119,5289.3605804101435,21.13134469407566,2.78829698498412,0.06685743927955629,16.07669623732567,0
54455,-68.81141,5951.5019562574635,23.497573804179456,3.2835389763831344,0.06224684249609713,11.352929129600527,3
54551,-36.564663,3118.2603162579217,14.10050484059695,1.8475577136312364,0.02752569764852525,23.26529466062784,0
54647,-48.214675,4094.2743669922334,17.27049941890444,2.817394471268958,0.06425489634275439,26.621078017204997,0
54743,-51.757922,4501.228443659056,18.61755775471164,2.1445915421046173,0.020168933644890696,17.269526674896483,0
54839,-33.638704,2795.5269698542943,12.705824494302854,2.4046180779502295,0.06065595839172605,20.929119245558976,0
54935,-53.493215,4559.940204103519,20.20995460871432,2.3273840164783515,0.05999151691794402,16.027079021036627,0
55031,-52.59955,4572.97083973316,19.1944866567408,2.05557680926694,0.01928435228765002,15.246993675231934,0
55127,-58.515474,5087.813362924092,19.688772584698683,2.5808249449003324,0.04655857831239707,28.67785219833255,0
55223,-64.22126,5516.806661146853,24.259110980752595,2.9680321162895913,0.03921648878604167,11.921267937570814,0
55319,-47.67194,4083.356768777397,15.74387752428992,2.300316046802545,0.07967220377177009,31.520819895416498,0
55415,-45.142275,3856.120279622926,16.412897788450785,2.117094601289266,0.05402433369308712,28.164681802093984,0
55511,-36.354398,3058.8775708281455,12.492703357597307,2.40738114550423,0.07032390087842949,20.181308242082597,0
55607,-40.587514,3429.8539413581157,14.645825678282396,2.6124048147824315,0.0566843468695879,25.254109562188386,0
55703,-38.271832,3267.931128327828,13.238330766076027,1.9358758234085154,0.0564447689801455,17.54456121504307,0
55799,-37.781996,3236.2748470643032,14.880270556250219,1.6095996098963181,0.02075511613174491,19.082455042004586,0
55895,-69.175288,5997.181384115584,24.355189102021082,2.910082149219563,0.04885897359957819,20.223810534924265,0
55991,-51.213012,4441.767850800822,18.564508947212687,2.434746610488896,0.016805487684905418,30.252972130477428,0
56087,-70.448364,6125.646645343323,22.730725727177433,3.273957925310186,0.07087313290685421,23.10398420721293,1
56183,-33.580775,2796.840653046445,13.427277618985103,1.4520752559860877,0.06689034160226576,23.67947383269668,0
56279,-52.982255,4552.980593779885,18.57762394498975,2.8222809031806753,0.05001664888113738,34.52327592924237,0
56375,-45.041618,3842.5700543457597,16.07084989274727,2.738285470908004,0.046623222157359145,21.56463346913457,0
56471,-52.590277,4531.052404885391,19.139423059420874,1.5427175800139716,0.061389276385307334,20.607147839814427,0
56567,-29.236312,2425.853228351466,11.289771069267353,2.2318100787486403,0.04654162991791966,31.709543821364644,0
56663,-39.193837,3301.6555045814343,13.243603019565716,3.1129661275582516,0.06393431369215252,20.96260901510715,1
56759,-31.548062,2642.3059620572317,12.234055519696067,1.9352290086458663,0.04537962432950726,14.001264101266864,0
56855,-39.912428,3384.785392350096,14.948895060913811,2.477440574121246,0.03926195584629716,33.94702494591475,0
56951,-40.744557,3447.807717856721,15.324412256346397,2.7500320542858376,0.03794287666678431,13.315703534781933,0
57047,-44.280487,3726.9300847514996,17.148778476658457,2.6101253072081656,0.054833482392132316,22.522053144872185,0
57143,-66.482225,5742.842470517004,23.40194629143806,3.2338095307111803,0.049312821589410416,14.174149747788906,3
57239,-24.289905,1983.4632169729666,11.151532046962258,1.8378863902574996,0.02497721333056696,26.238788496851924,0
57335,-60.401325,5206.372134454259,22.479438594436672,2.6026426630938984,0.036847658112253046,24.44771581545472,0
57431,-43.547708,3666.293798985202,16.547815937885392,2.3680321601308596,0.0648808119818568,23.094599211812017,0
57527,-70.566536,6078.528145498252,24.763385026743133,3.3946685979220312,0.06629146058112384,11.291883387714625,3
57623,-29.867443,2438.3194734187014,12.242289100946829,2.524229631001923,0.053457958623766955,30.275227385312313,0
57719,-46.509092,3956.3153989849698,16.964375451179787,2.5651164012914824,0.05537189915776258,23.987578599303962,0
57815,-24.977594,2035.9358826958207,10.026329718047416,2.4830072947900694,0.041142209060490154,34.11367091178894,0
57911,-57.25214,4938.165838666833,19.829661996486248,3.19108769490049,0.04300983779524509,20.136010646373038,2
58007,-56.696107,4838.037797133526,20.062452359961082,2.846186661049288,0.07723460253328085,27.32112845152617,0
58103,-69.243646,5990.852095602067,25.54590102518719,2.558871686627554,0.04318709638165796,28.259954616278414,0
58199,-31.708303,2616.4278801747446,12.71691446085041,2.452023176019713,0.049876011535525344,10.64894703358412,0
58295,-51.946263,4443.707131312993,16.42251398235214,3.3524686725177304,0.08276334453962353,21.59908885166049,4
58391,-37.058014,3172.078979405719,14.05656193857727,2.204125127229843,0.015907015837728966,35.298261383175856,0
58487,-61.993787,5469.578899796075,19.881298701299713,3.2249000279486015,0.002909879494262413,25.801181727945806,3
58583,-42.185558,3615.8871162344967,14.848633883246176,2.5299497396553923,0.037341090105473984,15.125892122089862,0
58679,-43.105575,3631.5708377405617,16.99783467458587,2.3869208561100295,0.04904985073953866,19.63025039747357,0
58775,-51.348565,4444.9035671392385,18.77394375728058,2.741254638839898,0.01138959806412465,38.21500445961952,0
58871,-35.223675,2922.561530760055,13.51180630702462,2.3415507348698505,0.06719315480440857,28.454458492845294,0
58967,-95.350736,8389.217166521927,29.80083551448909,3.8246504672308417,0.0658969229087234,15.261798781752589,13
59063,-69.406824,5952.60197932889,24.265779781772594,3.17889026158909,0.08863425049930812,19.137636927813293,2
59159,-69.268764,6026.7558433956665,24.024709078200825,3.41684521333456,0.02847030963748698,6.613583203852178,4
59255,-46.514892,3944.144260777803,17.559480698203043,1.7526209821356762,0.0736371509730816,19.545258576869966,0
59351,-46.419241,3976.395305574718,18.790114150660067,2.3868445979226864,0.0042343603447080325,9.930971146821978,0
59447,-46.670874,4007.411975175415,16.729721969410214,2.52946899113714,0.03773665409535165,26.665014444738627,0
59543,-44.438333,3844.0022240846147,16.29682021398878,1.924476002802534,0.02263162489980458,13.020244556218385,0
59639,-27.941094,2331.099456159289,11.954511948852568,1.806782844278212,0.021402210036390756,22.749485853016377,0
59735,-61.490708,5391.828298344522,21.925017275137577,1.9376534459589148,0.014657249487936452,28.588158119767897,0
59831,-43.080552,3669.8893104568833,14.862988388325288,2.985317173057378,0.04857571683824058,25.04038196414709,0
59927,-36.786078,3085.9854128834722,14.07432222884147,2.471727452515564,0.04768239241093397,23.296482809782027,0
60023,-40.698006,3448.44681574381,15.790840667616163,2.6947323288671234,0.02655954714864489,24.079547930806875,0
60119,-66.574663,5797.685072913987,23.096306495363997,2.914397648554809,0.03354409765452149,23.10076096579433,0
60215,-34.465123,2896.3368909350243,13.389969821933823,1.8924556427645642,0.048518692515790496,14.732835716605189,0
60311,-32.881481,2801.7013574649736,13.614842523142212,1.7603719402605278,0.005057755298912503,13.734904668033122,0
60407,-45.609732,3884.38227875027,17.446352396123693,2.4346111412549454,0.03721062391996388,14.583496306985618,0
60503,-39.062896,3255.3621705133505,15.427783080637743,2.7343443801210827,0.052480111643672056,18.51785455584526,0
60599,-49.91078,4293.247388838803,18.574087361173678,2.441200846180324,0.02863996513187883,29.19368294492364,0
60695,-35.243341,3034.7729642515164,12.848779098457268,2.269722201780537,0.008872593468741252,14.232290157377722,0
60791,-24.263187,2045.423983041837,9.65546666511429,2.151335729493546,0.003451556153595492,29.01825260803104,0
60887,-36.683165,3099.7353527211217,13.74199065763372,2.222129506462084,0.04495750535279519,21.777060912400486,0
60983,-68.155434,6001.417706289231,21.908916552903122,3.7006226601087873,0.00588885303586717,20.221043112576005,4
61079,-48.431857,4209.517716871603,18.38065485609809,1.8564975435921858,0.0053256539529875635,30.28652891486883,0
61175,-68.231515,5873.275574057963,24.590265788295117,3.125599320761336,0.05809595808386803,11.1981696946919,1
61271,-37.69866,3245.7437098314126,13.864364055429363,2.2822943693090676,0.011266363784670719,20.35846554905176,0
61367,-46.279445,3939.594033463396,16.25789287137687,3.1022684208164057,0.05101529117673642,16.994215182065968,1
61463,-34.858992,2961.483928935243,13.69154331314862,2.28610801743579,0.014816404879093303,21.132674401700495,0
61559,-51.118067,4389.077742644117,18.152225950364556,3.4376371646272776,0.02710444033145909,30.505086665153506,3
61655,-48.152135,4165.019515102657,17.277361249569648,2.303256190420945,0.026495299674570538,22.713390683084732,0
61751,-87.424775,7734.9756313592225,28.101906642229658,3.969311636150547,0.0037814641371369806,29.616364360451698,15
61847,-46.153208,3856.9738837137634,17.37138967493701,1.793471213704981,0.11031094975769529,22.545116707831614,0
61943,-63.483586,5589.845943598605,21.436768680474533,2.664972120244343,0.005873824656009663,18.391957711577415,0
62039,-51.502763,4445.877053573064,18.46907690595624,2.482297847923594,0.03402336314320564,35.31596075579524,0
62135,-56.672282,4892.744572279821,20.67230998651341,2.6934078858866988,0.031052018329501163,35.20716505602003,0
62231,-49.088979,4235.85538312573,16.778130472678246,2.841547081664355,0.03735782969743018,22.744406038969757,0
62327,-55.55732,4853.960337371056,20.13307276851725,2.4396020059208485,0.0001302706077694893,42.0554785490036,0
62423,-54.481329,4707.79651044048,19.91747404460297,2.618839422514847,0.025372363254427932,31.372921319156887,0
62519,-48.319831,4144.73527312419,17.621835863661587,2.4878575352250256,0.03938560715239292,20.17177193745971,0
62615,-50.672494,4344.337993631383,17.673467341968923,2.6842406089684707,0.05689185764640575,26.057654063403604,0
62711,-38.551364,3246.0051538440775,15.8258278826659,1.4756591538396036,0.05022005438804633,22.38476879790425,0
62807,-43.276645,3722.0347428776954,16.250150508188838,2.48364933055047,0.012519509904086623,29.61668972685933,0
62903,-30.126715,2588.385380082953,10.77522956742429,1.9936279017658982,0.014189383201301031,15.338770619034767,0
62999,-43.006434,3660.6390813014305,15.493407103598821,1.8033052011000201,0.06871323583549577,17.470657735317946,0
63095,-40.431512,3514.1780198459933,14.676319918548812,1.8322751450515846,0.010261717624962308,24.25962013885379,0
63191,-45.931767,3932.467774159374,17.931883645273057,2.2667519436944756,0.02138821650296452,11.730097781866789,0
63287,-41.139905,3473.2469784054565,15.19073053517833,2.6401933003136073,0.05294259861111639,17.475110497176654,0
63383,-29.161902,2452.1959312530494,12.699063781877788,1.7615635961215494,0.008373239146251432,19.43347912430763,0
63479,-43.568672,3800.218479546983,15.806317842710527,1.9420739023538407,0.0031841572766242443,15.261575339436531,0
63575,-55.351089,4790.957960682958,20.049082535954597,2.420415220103702,0.03057454004883764,29.553136762529608,0
63671,-60.385698,5193.57601999504,20.322794974363866,3.5933550520020177,0.061050506681203875,21.581517490148542,6
63767,-59.498824,5181.101387427923,21.223326338651106,2.637432192874852,0.017722624540329024,25.586413384526963,0
63863,-25.774717,2177.2611012561256,9.79894081028725,1.898898581711517,0.02019096761941913,21.915304030925036,0
63959,-60.698525,5229.479347380538,20.899300594042117,3.32533207136124,0.053587210923433326,22.559575738012793,6
64055,-33.824973,2818.0067294633777,13.125171165627547,1.8261474804855937,0.06512632557239972,21.233235920071603,0
64151,-59.592515,5205.00641631818,20.737915010350207,2.9586338650451403,0.009174879267811797,29.778910171389583,0
64247,-39.242688,3351.2344260603186,14.815111845599045,1.5350349107438581,0.04478639699518688,24.19248317435384,0
64343,-69.627286,6026.579608123188,24.65600260144375,2.5687768169026954,0.062478587982293776,29.829260946512218,0
64439,-34.760327,2901.183830097824,13.265905381744039,1.7889645026074021,0.070208758674562,15.002770932614805,0
64535,-38.54272,3322.363201114922,15.107953791913872,1.8460859941580474,0.0032178424298763275,24.3958481374383,0
64631,-49.855509,4369.446718028587,16.485403248023683,2.1610125845091455,0.02340107810144354,9.16468027099967,0
64727,-66.115916,5771.449255000858,21.496782258326363,3.476313726463554,0.03745755236595877,30.43071779772639,4
64823,-51.108818,4434.368265178822,19.010546814637074,2.5114287218557507,0.003826676867902279,29.186582016795874,0
64919,-50.040104,4304.771018500028,17.47024659525123,3.1471475530786783,0.03283075038343669,27.764134459346536,2
65015,-47.400479,4022.998677093662,16.825320648975282,2.2116266610069193,0.08254969902336601,28.070597570091486,0
65111,-61.094228,5292.962109333122,21.100711908570545,3.1818122070235297,0.037444574758410565,26.27001700296998,3
65207,-51.161799,4425.28164764043,18.029653771714816,3.182046295523669,0.01515117900348023,21.32844240054488,5
65303,-43.623253,3745.6344079271944,15.83508666062748,2.5472651741201298,0.026498458161950067,14.582152807414529,0
65399,-46.487907,4051.0887035300516,16.747624047033668,2.3245630539321063,0.0015271630138158354,27.856244416087865,0
65495,-45.788215,3963.7024348983964,17.090098929042902,2.4805139904686566,0.002130345813930068,24.57219636052847,0
65591,-48.008892,4169.614327408647,17.0092790324315,2.4526414275226314,0.01526055261492737,28.9716223603487,0
65687,-37.416476,3221.342485432735,13.955379283819235,2.2629977742947496,0.007415878959000088,15.365464898943904,0
65783,-27.8022,2253.991033828109,9.400129617152432,1.3447899275899715,0.12695564273744825,27.57545851871371,0
65879,-65.541384,5677.601379575859,20.785290540315273,3.5545284235743244,0.07386479172855615,39.594549908936024,5
65975,-49.729458,4243.77820098573,18.763431764037914,2.7215160962554354,0.03826936595141889,24.739035764336585,0
66071,-46.911659,4068.134365023189,17.10500908828743,2.464313759432167,0.007539162784814868,24.72315847054124,0
66167,-56.532818,4919.81512139494,21.155789126494806,2.4373375391681606,0.0008663525804877281,23.05767057955265,0
66263,-71.005013,6142.869004961734,22.733682801178674,4.024836447800077,0.07641888540238145,25.59752236634493,10
66359,-86.698586,7559.475407567818,28.095996599904723,3.7960277150367605,0.07710814960300927,20.4543097345531,9
66455,-84.830723,7427.373633275863,26.422241751325693,3.7981808467059697,0.07406946420669552,28.76657098636031,11
66551,-69.117413,5936.740869077361,23.66719910734087,2.6262927253974566,0.10662180911749608,43.88813341960312,0
66647,-34.181517,2939.6317442447507,12.374733896578688,1.7244619123184197,0.02553299069404591,24.750302045345304,0
66743,-40.445106,3462.5392998206307,15.27714705582315,2.643650974798886,0.011940565891563781,15.240719458907844,0
66839,-53.687437,4647.904774067143,19.05076034240708,2.365845098076019,0.03645486142486343,22.03594536200166,0
66935,-57.719433,5031.565304077273,19.889164996752537,2.7184710467438595,0.023309466801583745,32.12044112265111,0
67031,-26.630928,2233.9805137912754,11.340402032950127,1.8328844576478487,0.010389904677867934,36.4406529033184,0
67127,-67.44893,5808.639164338122,23.543696241253183,3.283126129892275,0.06574527565389876,22.8587619073689,4
67223,-30.136043,2570.4166431885246,11.212905702145465,2.0331459295473353,0.01698311846703293,16.25526598885655,0
67319,-43.125475,3713.2397928035575,15.924068113207236,2.292564503271402,0.01992203872650855,8.511737765073775,0
67415,-48.845484,4282.364604388938,16.03532605038629,2.079329893531095,0.02530052457004789,8.13863352328539,0
67511,-52.739525,4418.968609934879,19.58624914706141,2.2839386540934052,0.11735922727537784,18.134014152139425,0
67607,-41.255806,3564.8192034285303,15.420277406434561,1.7956465828395942,0.01755145248025658,26.09512854203582,0
67703,-43.277124,3697.893605902752,16.43028012775096,2.2388013749815707,0.03157221078872674,27.19102082133293,0
67799,-66.742262,5761.265087007625,22.56415168067353,3.5921443930468184,0.061567200906574804,22.435084838718172,7
67921,-71.803317,6242.624497951084,24.788952566389703,3.0336271777340866,0.04846235366636209,26.274910739809272,1
68017,-47.055939,4104.655041097448,16.84309812881346,2.322260742603303,0.0018369645272430235,41.40536813542247,0
68113,-36.622115,3135.595563019873,13.909167100246442,2.689459232635861,0.0011750405654310514,17.706143623143436,0
68209,-55.411136,4833.552655802887,20.061987687537584,2.4496440623621556,0.005143675766885236,38.48729790985584,0
68305,-23.591094,1983.1731206160057,9.634628010584693,2.112507511542322,0.0015981169417500496,16.294088642448187,0
68401,-31.330129,2653.8662907213043,11.9829552031986,1.810587362092754,0.03148962408304212,21.94290358424187,0
68497,-42.248549,3685.046438980223,13.819732629061312,2.5873275740868955,0.014482257142663046,15.700324126780034,0
68593,-34.79626,2973.891147520193,13.694059785645939,1.711321652354642,0.01764014922082424,32.92244683787227,0
68689,-52.507152,4492.992790851958,19.22711826766339,2.561101227709247,0.05230985619127754,21.653085254728797,0
68785,-52.359764,4538.18943455168,16.054664794772467,3.3093258382119672,0.05584933143109089,18.38638310790062,5
68881,-64.11801,5649.8234235326645,21.81039069151595,2.6507686438382194,0.0010900633409620109,35.03100946053863,0
68977,-57.172121,4972.981712368108,21.575301050384816,2.2926192676742487,0.003511048314210563,19.119657554030418,0
69073,-40.378064,3488.6536886452914,14.741871928568937,2.510722936239765,0.004311742819845588,23.74015128195286,0
69169,-44.593806,3864.039551515279,16.441351100286493,2.1946852504916583,0.00954204779118284,38.55332104831935,0
69265,-45.894598,4004.128597420031,16.366702865270835,2.3173199530816797,0.0010915159198798818,28.416436901092528,0
69361,-34.95689,2947.4684566561473,13.65794721465135,2.189365969977519,0.033938329108059384,32.03879633396864,0
69457,-39.77952,3432.069345320496,14.671052340248401,2.5203709315413643,0.0032908065244555695,18.543451089113947,0
69553,-38.053152,3240.2144989858907,12.974449874102264,1.526374255864627,0.07654148787260062,28.699932270646098,0
69649,-42.148025,3653.444242460436,14.730819655057228,2.3970405909525465,0.015701346687580275,31.26366384997964,0
69745,-35.661183,3039.47063089733,13.30222818187163,2.397660548637842,0.021116293594241053,24.17179042756558,0
69841,-58.013339,5040.502989460376,21.137722106959274,2.6603397921472736,0.013523802161216736,31.814616833925246,0
69937,-53.588051,4670.17067460675,19.80706588938171,2.323448031125221,0.0009896717965602875,18.466809558868412,0
70033,-57.345745,4985.628599577309,20.203270297262485,2.095019411616911,0.03936464488506325,30.32977853089571,0
70129,-32.892632,2784.28897667276,13.79840590970519,1.6690549422556145,0.016173247806727797,15.294719618856908,0
70225,-48.583856,4219.443879322649,16.89758288978615,2.271798195531348,0.0274281920865177,25.721758914738896,0
70321,-44.323595,3841.9232370819104,16.05892598500044,2.52320968222632,0.005160088092088733,35.9394358587265,0
70417,-30.925827,2615.934111599711,12.01107884071646,1.8594300233873837,0.027959343232214495,15.870735275298356,0
70513,-52.584667,4578.8872391564155,18.70934799152469,2.7855609524107567,0.004584375210106351,28.23015203282237,0
70609,-40.77859,3466.8637971050207,14.190442266259824,2.626285772491185,0.05348699986934663,16.879854293614628,0
70705,-36.516057,3076.404507017552,13.490964319049205,2.095214456190976,0.05777580887079237,29.2460032042861,0
70801,-35.579392,3032.543109855833,12.789824785146926,2.342005960296129,0.03201407727442296,26.871039418876173,0
70897,-68.164372,5924.613312354077,24.52210458324429,3.105406573032302,0.021296346932649646,9.484423144161703,1
70993,-52.787365,4589.521785006721,16.571995477084986,3.361610549811317,0.038393596373498484,20.043342602998017,4
71089,-38.654288,3303.335585644008,15.253947964365054,1.696058140369224,0.024421611055731818,27.17923482105136,0
71185,-27.958822,2370.0273306998683,11.901058760149176,1.5929609937058067,0.003403122723102503,20.88483367934823,0
71281,-88.086105,7691.228831065312,27.781665073899784,3.910840627015301,0.08499870840460066,27.27829336956144,15
71377,-30.822302,2628.1975555165104,11.522325312683225,1.878171526777965,0.022157322801649504,20.262499144673345,0
71473,-59.403527,5162.235811062727,20.86358497827468,2.9501151223751867,0.022803133167326406,22.920544070750477,0
71569,-63.273236,5549.124013380591,20.755655379419846,2.5788166728804898,0.03491818103939298,22.692953477203854,0
71665,-42.579914,3681.968929628468,16.25534521835657,2.1915212800220965,0.0004675399021881743,25.10302958413959,0
71761,-51.650296,4496.956533840159,19.039872535238498,2.1100532366230125,0.008316523954272292,21.157656365036964,0
71857,-43.068641,3690.131732958896,16.89174624169949,2.420057238809042,0.008785108800389352,21.547497648447752,0
71953,-35.671446,3029.7272078951282,14.390182041312134,1.9187054167973154,0.019309169622628186,33.817802471965564,0
72049,-29.162961,2447.5120472529493,12.299495801075883,2.473970799461491,0.0005602074787020017,24.364382209181784,0
72145,-77.542563,6789.639423205259,24.679464005673463,3.6058833644568002,0.05333175696432596,17.313216743171214,9
72241,-52.403675,4570.243381238642,18.96568369317915,2.0245884117768007,0.013446736335754328,24.462330479025844,0
72337,-49.625601,4230.173963149715,18.85469395541517,2.4127650854438585,0.04682313392036841,33.75582358375191,0
72433,-41.625962,3607.182499715535,14.936839421096442,2.510533589352213,0.0045914603397250175,18.79224881827831,0
72529,-28.968754,2434.5972584389233,12.084798478622025,1.5225169430104892,0.0258889796212316,26.35830176994205,0
72625,-58.821598,5195.55054799286,19.218503553565185,2.5095247899759396,0.006448783539235614,44.31389565005898,0
72721,-44.562298,3855.079135651923,16.711637832667087,2.184146525269285,0.008290430717170172,36.463857363909476,0
72817,-47.364393,4116.981214024793,15.010029374777123,2.9553860151645037,0.03396117892116313,17.8744719837606,0
72913,-25.382814,2097.157509885889,9.606802286944992,1.7122299770991667,0.05628708768635993,23.176933973729614,0
73009,-50.640876,4379.992593550494,18.252517781696778,3.2408083850490685,0.004591402234999764,22.888759633749725,1
73105,-64.032782,5543.111926707129,21.704833158346446,3.5182693706665513,0.0455270336940885,22.260796778649095,7
73201,-80.976143,7084.672045698839,27.642890567374035,3.163945147317419,0.03806513585150245,28.058377963006496,4
73297,-40.195508,3432.963809123004,14.411715456484421,2.5915419209667596,0.03371587842702867,20.189842168092728,0
73393,-70.986982,6213.077104347465,23.486865964743835,2.9579485276379174,0.04179810020876562,34.247623076587914,0
73489,-30.895547,2600.378259447518,12.36520439207026,1.857299950429419,0.02928555625441831,43.62775657951831,0
73585,-15.905198,1278.1720612004663,8.300298583514277,1.4352220805189857,0.003953292593359969,31.890637502372268,0
73681,-51.532318,4499.093079801859,17.72958179395794,2.302184067906996,0.020109281502664,24.2783841997385,0
73777,-40.73934,3518.242392441383,15.319982386558879,2.3831682763182442,0.0005102841183542983,15.181645399481056,0
73873,-38.065912,3191.389077394427,14.897971993700917,1.6195052985755267,0.0689885096624494,17.853806187957527,0
73969,-52.882883,4569.965273654847,20.289464428081278,2.095798689687542,0.017204767651855857,26.15442925170064,0
74065,-52.409446,4544.4771997994885,18.14905370231638,2.8507154791900526,0.025311453081667434,41.39785713121295,0
74161,-65.035982,5590.671529096983,23.256897206018024,2.873919720446443,0.06684200555870407,17.40269489347935,0
74257,-62.174798,5464.845736375151,20.13933310831098,2.823046255440132,0.02368813026696448,27.590018739402296,0
74353,-53.186179,4652.225683139487,19.351226701408283,1.9639105554557865,0.004865978540558646,27.237330452054746,0
74449,-37.166374,3148.7888172214143,11.761581572995942,1.8058451023711835,0.09517825245857237,35.92877236247063,0
74545,-69.471069,6087.428420038531,22.26460354315504,3.1937815957951083,0.04265941772609949,33.14469435125589,2
74641,-41.197455,3574.1109719073247,14.680254602120447,2.4398650075507025,0.005088189244270402,27.98050474226475,0
74737,-45.616507,3974.574929621637,15.637521396818832,1.8286595662487972,0.029869141429662738,36.607386169433596,0
74833,-67.024034,5830.206858269686,23.785285587283106,3.0000069554360014,0.025758495740592524,17.389478429853916,1
74929,-38.55408,3247.8922519398157,12.612562603117487,1.6738123289070834,0.10812427774071698,32.11231402918697,0
75025,-26.677195,2175.5253871649606,11.306619376827841,1.912897935610052,0.05098643563687799,25.316721202433108,0
75121,-42.203806,3629.4182050876816,15.659766048202133,2.465579075771964,0.015030860900878795,32.921703941226006,0
75217,-45.907266,3960.823244580072,17.25065313644981,2.416623858491893,0.010479180230513974,28.01766283035278,0
75313,-67.518908,5841.622256520828,23.16407943766757,3.1174594487895195,0.06043187616098866,15.391784486174583,4
75409,-59.993881,5266.057784303772,20.565594063597512,2.7734406427629548,0.0036165649071335793,36.49418854624033,0
75505,-57.292538,4998.779264548834,19.71037230835593,2.644017516232997,0.022268418222665787,30.717398391515015,0
75601,-47.770004,4165.8963763255415,16.690802724808826,2.430804279921349,0.008765150234103292,30.875802308321,0
75697,-51.673052,4456.787749808237,18.372535873805454,2.8890302246256203,0.02918680310249333,37.834410180747504,0
75793,-46.418039,4030.3676673080477,16.266704303735153,2.4884404895125547,0.01593166869133722,39.733105962723506,0
75889,-55.037937,4755.319389120637,20.642192075019096,2.511515304417479,0.019165308400988568,18.528306953758,0
75985,-62.840156,5529.579597722589,21.284742637285778,2.8291482269441364,0.001818520389497147,24.872951340079318,0
76081,-35.149446,2999.2062295791916,13.470319295749727,1.9240262192017012,0.02311183344572776,39.64936114683747,0
76177,-66.854889,5854.9845422478975,22.88487995314915,3.10989689783339,0.013041395880281914,24.98879775881768,2
76273,-64.46603,5709.040348117805,21.124463473106076,2.343376264649652,0.006729103124847535,29.40777743324638,0
76369,-38.893867,3283.8178969849814,14.54361655652756,2.4098489767877562,0.048577597737312295,28.963779846429823,0
76465,-54.815102,4739.044948956357,21.039185044315396,2.7003685877829313,0.0021833321079612333,10.161143027842042,0
76561,-51.068083,4445.7755319074995,18.08635372569936,2.738612601701769,0.005931765586137838,37.77593048200011,0
76657,-35.062866,2978.760206834285,14.164210374180879,1.686453774321001,0.023427969403565008,39.10736403420567,0
76753,-42.118689,3643.3500323831818,15.23142360548742,2.461269551824243,0.008750240318477043,37.67405999541282,0
76849,-37.068393,3205.1335282721543,12.625746928594518,2.577621880620794,0.013218959420919496,22.778005305677652,0
76945,-67.317834,5918.797756248446,22.886443750120254,2.7749875730576266,0.0102618573233485,30.96506809785962,0
77041,-66.301796,5722.5109158137575,22.929470899608766,3.5216830930313687,0.052611505700961625,28.353975075483323,7
77137,-72.408722,6296.807588783748,23.761610268965402,3.9243743937166142,0.04949423912912615,27.6385460151732,12
77233,-15.786095,1261.6239166950802,8.56483836588397,1.4975283096176126,9.283991040365258e-05,36.373827278614044,0
77329,-38.37451,3268.4520473833745,15.127778002012228,2.591423674024985,0.00767244249582294,32.40718284249306,0
77425,-67.678746,5823.993956822623,23.8079264514661,2.817687752862328,0.07795687168836596,45.37406000256539,0
77521,-54.090385,4676.852748250245,20.280635114403292,2.6018938736229655,0.013127323426306292,15.524819749742743,0
77617,-53.460868,4629.9951953817845,19.456965026122422,2.4696029792384357,0.02239900473505263,26.25851510241628,0
77713,-34.713272,2945.2920781327334,14.219703571568603,1.788455483125655,0.018603870272636436,36.152411167621615,0
77809,-34.116641,2937.0503393350436,11.496081912935981,1.5359864400602932,0.04552790825500308,36.25151599004865,0
77905,-40.668432,3515.6198872576397,14.517391105217408,2.2912113475284777,0.016035445220768496,44.02762337014079,0
78001,-35.213371,3013.949603749659,13.654646367845652,2.2581864650791164,0.0049471259117126465,36.44804683476686,0
78097,-58.897663,5136.2480742404005,19.524458845980057,2.5681362246740447,0.04337265644418575,41.859679465740925,0
78193,-51.758724,4504.130520316936,18.196672943850338,2.5353057512126904,0.016286287829279877,41.35336376190186,0
78289,-43.28235,3718.974634958201,16.67472933458334,2.561343815141954,0.0043765159323811975,33.42692702531815,0
78385,-50.97927,4459.348252877257,18.02821184353894,2.171376432052744,0.007251585088670298,29.46814124152064,0
78481,-62.507796,5494.816570152091,20.135643784715302,2.4899511692117047,0.03486379683017732,20.16141198515892,0
78577,-59.037951,5161.313628204932,19.48328409009513,2.5175362511289956,0.03818768169730907,38.36098405718803,0
78673,-33.543686,2848.693949195634,12.568422200498974,1.567718737908619,0.04394213054329155,22.631999016553166,0
78769,-47.859056,4134.267831431691,17.1046275956097,2.715768266985719,0.019912116484422482,33.04735657274723,0
78865,-54.123612,4747.582817304535,18.400160351267697,2.63393533702594,0.004944119896543697,28.902422035634523,0
78961,-38.234905,3213.8574367530564,15.643142968108167,2.265429575675087,0.03314775861799718,33.65306521326304,0
79057,-83.823472,7357.157665806067,25.449839494514833,3.938816492095526,0.06942781601101161,30.820431838482623,22
79153,-67.562958,5816.476636667386,23.861727459062333,3.141318249312896,0.06554304747597173,42.71436131164432,1
79249,-36.865186,3074.52819367892,15.035720390623542,2.235372956433541,0.04766926262527704,19.983882604092358,0
79345,-71.016513,6329.577077545436,20.894688406264056,3.3986962978969038,0.006190464831888731,24.56943683028221,5
79441,-55.176327,4813.16051550126,19.93766629241155,2.4510543071129653,0.005533345602452888,48.35344300553202,0
79537,-56.68997,4926.112312987628,20.0880758934635,2.8441805632564465,0.017650102823972724,34.981324889957904,0
79633,-37.057858,3168.1635667548144,14.106638852284176,2.602082474179631,0.006893150694668226,41.85530599579216,0
79729,-43.345627,3732.683931066164,16.384315577610515,2.5991910449803255,0.004254462011158533,27.502345737069845,0
79825,-22.704084,1887.9565750246707,10.787785180534103,1.355326179020478,0.003070149943232514,22.540426490604876,0
79921,-59.559684,5187.2839036475025,20.314129274150563,2.8820921111446527,0.02931794878095395,37.31116438955069,0
80017,-37.950597,3170.5084924415464,13.451938120243323,1.7243138151613633,0.10134697966277606,23.43532388940454,0
80113,-34.500169,2922.141891318395,13.837305606801891,2.1111446229930015,0.018873365223407768,30.899519801735877,0
80209,-49.610486,4304.102578110839,17.76781844880946,2.596582171989952,0.013365466147661209,32.68470673397184,0
80305,-42.798301,3689.3674268398127,16.131067305200276,2.3002698530869004,0.009679919481277499,27.01222338423133,0
80401,-58.50103,5132.64781029158,20.124142811614053,2.7900618422371055,0.0014189648883122796,32.025293462276466,0
80497,-38.542499,3313.1448482965498,15.834214886128278,1.5060659158527252,0.0038906418865448655,14.500979168862106,0
80593,-71.700072,6186.246237601177,24.91218304987025,3.0790269654842892,0.07548962328582998,30.698660592883822,3
80689,-38.725545,3347.5816074674126,13.400456563238178,2.5676683085103145,0.013501644320786044,22.080151392221453,0
80785,-41.477257,3539.411069792423,16.464700318961302,2.7217826268036394,0.003668229468166917,34.71792640581729,0
80881,-39.074562,3308.124235821939,13.071990348911111,3.1177545980759396,0.05497468244284398,20.117237799167633,3
80977,-42.591394,3722.247512520013,14.395363690904519,2.3012536291932753,0.008653869107365542,18.558621276766065,0
81073,-54.955847,4767.615788668278,17.80621458657403,3.1003727457006023,0.046511700376868303,23.288051037043335,1
81169,-36.695984,3128.752511630988,14.085264907933432,2.041983663396099,0.02440570835024114,20.543988804817204,0
81265,-50.944071,4437.920919768262,17.675959260491652,2.8394646113558144,0.008419219404459,42.1583198569715,0
81361,-34.332592,2832.130823202802,13.529931415402528,1.6075646337214946,0.08728525880724197,18.04124993890524,0
81457,-65.237076,5576.818675113403,23.56972198968422,3.7339003592270954,0.06029417485390842,21.527859527170655,8
81553,-62.437428,5492.726799967558,20.794445739189687,2.7568271365950894,0.011273017996235868,20.2680455352366,0
81649,-28.312826,2397.8396271180322,11.089446454670329,2.056257458797066,0.012339516729116373,21.503785770386454,0
81745,-45.091886,3893.3148237578507,16.60305671858138,2.5933111799190964,0.009366397187113795,21.31118230745197,0
81841,-30.877232,2599.2618546857066,12.998299440409172,1.5709706407322743,0.02378235328942535,26.026475793719293,0
81937,-79.012053,6839.639776585548,25.137889009467266,3.644245189124263,0.10777272507548336,26.796886427849525,6
82033,-86.624311,7615.4366374726105,27.633333549648142,3.5351729333063036,0.051058350503444705,25.730805220603948,9
82129,-52.856481,4598.648542441832,18.17717987224728,2.6979824262714978,0.02250993333168716,24.709459493160246,0
82225,-76.428934,6736.080902984605,24.096435080679267,3.737646974038887,0.022942399213972897,31.58318479016423,10
82321,-25.134391,2039.630449525001,11.73385164889182,1.5673404109678855,0.03939968831837176,30.817235006988053,0
82417,-60.470998,5272.342043927093,20.546723792184082,3.267382464323608,0.018440484069287832,26.617359636723997,3
82513,-31.170039,2616.7690231756483,12.195798672464097,2.3099440199951653,0.027975459955632664,24.255447542518375,0
82609,-66.848378,5888.661473600335,21.78783870971394,3.3238457025968855,0.006391550414264091,27.139016666859387,4
82705,-50.795547,4367.2134634369795,17.992008033508938,2.9167706501639783,0.03727344161781826,40.50022098764777,0
82801,-46.88411,4071.854657016208,17.08390702848947,2.275973861882108,0.008666797168552787,27.028416464477775,0
82897,-32.931596,2853.127045512546,10.668847096359569,1.3472227673491173,0.044052148237824496,40.92987519070506,0
82993,-33.518625,2850.2660853878033,12.890698949058638,1.4694399465407746,0.03739854867913217,21.808140194118018,0
83089,-54.862861,4776.259613621982,18.25876938261001,2.708246846754372,0.035955671995486105,33.186705404967064,0
83185,-48.821217,4221.693246468614,17.422154155321998,2.578384353968617,0.02308566588908434,28.832473304718736,0
83281,-38.283003,3230.6813322490493,14.813125146156796,2.1287698637907044,0.04538291748613116,34.48141682550311,0
83377,-50.998325,4395.530892205352,18.189564433659715,2.6245535024486526,0.03575499784201386,30.820375193506475,0
83473,-51.69861,4513.561735513816,17.562733715229452,2.853833904797734,0.010175963491201423,38.95346133247017,0
83569,-28.779615,2408.258341538047,11.032287382815097,2.1885666399165586,0.03412791471928356,26.545502442866564,0
83665,-46.71024,3976.011305211457,16.87998053663206,2.7622229301929604,0.052082924201692415,16.396418119817973,0
83761,-32.760373,2795.790070532701,12.331545067795588,1.9672348637114923,0.021074311199941076,35.272676793783916,0
83857,-45.354542,3974.5441674604367,15.191337324786307,2.5203530369752896,0.002903848661011843,14.848499350696803,0
83953,-51.385713,4420.052546988713,20.00963951096696,2.188900928039753,0.0204490282131653,25.489069522321223,0
84049,-39.380569,3377.420137091804,15.203147467497717,1.9813987308222811,0.016857566311955452,18.787077341675758,0
84145,-47.985953,4068.215983961697,18.475753224975772,1.9185124065818668,0.06624412369963373,33.03484387814999,0
84241,-65.492094,5619.658150658177,22.721148393060364,3.5653914982346255,0.07020077463239438,34.136699087619775,4
84337,-70.343387,6094.822235002585,24.1972466753021,2.99757217839224,0.062464128062128976,28.622902313470842,0
84433,-42.016093,3610.80011342882,15.262885623918342,2.5240337575416856,0.021307531930506163,32.53793568119407,0
84529,-27.366456,2338.0657011136173,10.039413671858714,2.172374279030737,0.00700169945821949,29.012154204249384,0
84625,-50.409095,4380.158050490518,18.135706157284613,2.61058117290955,0.008171333558857352,32.24496007725596,0
84721,-66.440682,5750.752325404812,23.74614000129992,3.3158139359426775,0.0321994235739112,14.995471419394022,2
84817,-46.678094,4040.449159613466,16.323567342485187,2.3564497059951295,0.028930126316845328,31.136986845880745,0
84913,-46.112286,3948.2035052994797,17.955968232374385,2.441408271983101,0.017793130806010027,39.847264973372226,0
85009,-67.058307,5859.802586032823,22.686196068417427,3.2750748099108216,0.022959476709365934,30.33805473834276,1
85105,-58.265184,5051.467804098444,21.99100908782002,2.659893793869017,0.005949711985886119,32.724014533013104,0
85201,-47.988344,4174.762823701133,17.090487050814705,2.5132033919075094,0.0072192171588540965,29.818111413121223,0
85297,-66.172238,5759.207927070911,23.920874692924542,2.988544260493888,0.01389855500310666,14.83537381872535,0
85393,-64.850118,5653.887803838191,21.556802752680802,3.249621725197772,0.0362900560721755,31.740878696590663,3
85489,-49.683141,4306.475801512273,18.166496586565966,2.519905747206903,0.010698086582124233,38.27230804607272,0
85585,-69.35743,5979.129462756931,24.36248125887999,3.2835508087727465,0.06293137682307715,20.297906657904388,3
85681,-49.657458,4238.7243505242095,19.13174797527232,2.4437589672654907,0.03687912691384554,39.73851928263903,0
85777,-53.322517,4571.602468173561,20.571445693839635,2.198964781899654,0.037031535059213694,28.82428213581443,0
85873,-47.031677,4019.083808154783,16.82676883888375,2.3718051809463665,0.056272444874048144,29.629944368600846,0
85969,-74.298848,6415.839195186404,24.53026188278153,3.690828559890549,0.087003049813211,38.568222607821234,7
86065,-34.067412,2865.8541846986172,13.520725875287923,1.5482458192851956,0.04889028314501043,17.004482399672273,0
86161,-15.518436,1246.0292364899674,6.865843545063023,1.4633999647400624,0.027535342856457423,36.68412857890129,0
86257,-61.769809,5406.89948087294,20.830335645390598,2.9496442316353155,0.01812369171530004,28.617760727703573,0
86353,-14.730127,1150.5342928021078,6.946358087257327,1.1601195001628575,0.04512194264680153,31.46146927908063,0
86449,-25.245486,2101.5511875320944,9.716717734845794,1.480956245509849,0.04817175923993722,22.66308979600668,0
86545,-37.983314,3248.701423542629,15.158596495255932,2.280151059933714,0.0024440031694737963,32.70881436079741,0
86641,-70.239203,6084.45061153819,24.403260324744934,3.310356037006048,0.049971785543388436,26.391224026232955,2
86737,-39.228301,3314.5762621494905,15.068898183253863,1.9521984684169407,0.05206597130745655,24.16135202392936,0
86833,-46.584984,3924.587342929718,17.739379944795903,2.178784342196122,0.07638555131852631,27.75587498024106,0
86929,-31.976314,2750.453927859017,12.38200527931334,1.7002739817736292,0.005137576349079631,25.06980326443911,0
87025,-43.391369,3747.199916197017,15.618435804574199,2.393935212731504,0.018417643618426793,35.61144152879715,0
87121,-36.762804,3103.8946721856387,14.36102744098194,2.219977254113323,0.035170510038733505,21.227353782802822,0
87217,-62.70313,5477.55474825209,20.329008513811438,2.9093738916820446,0.04434204045683143,26.074507302194835,0
87313,-69.521638,6036.289753849491,24.549562031012385,3.020473926277771,0.039045477844774745,12.99434772640467,1
87409,-36.07178,3060.3461524102236,15.152751588509048,1.986171525783924,0.008534947223961309,42.723391173928974,0
87505,-47.723057,4101.672979477865,16.83844391519356,2.7324468185631607,0.03745436370372779,38.701077679246666,0
87601,-52.222135,4456.257388001745,20.273877388389923,2.1648507552403062,0.04743051996552633,25.32459202855825,0
87697,-34.560387,2923.6845484512137,13.85255334181817,2.2730982658635757,0.017235727049410343,23.500964201390744,0
87793,-53.019277,4579.700343472277,19.7691993866527,2.085158038699917,0.030496721920606262,17.801472492367033,0
87889,-52.40797,4539.259730514037,20.515315491743372,2.105785083063176,0.0012309381248136186,28.621757724732163,0
87985,-57.961997,5024.5666519017905,20.10611667386775,2.5736775733188173,0.04366832673549648,32.79674688652159,0
88081,-61.184244,5300.734391901402,22.714980802369976,3.325513008975045,0.002146699652075812,28.22190755560994,5
88177,-46.173533,4013.058528763786,16.045089384906433,2.2964921232438806,0.020721614360809437,27.21075593158603,0
88273,-44.815781,3896.507321896846,16.760054526219005,2.04129260450967,0.0004116462543606869,28.955127114057543,0
88369,-35.238351,3041.1234851564404,12.534606388020347,2.382151824338271,0.007591597853522591,25.238740144968034,0
88465,-40.385357,3479.943204541288,14.50766220670684,2.4725322069695137,0.016307569853961534,26.25172301784158,0
88561,-36.167179,3077.415521558789,13.653248430860378,2.1810329752585407,0.028309096395969457,23.025346358567475,0
88657,-37.500798,3233.173392282677,12.118255585913193,1.6857555096193293,0.05728565101560795,42.9208283738792,0
88753,-67.233118,5878.324906254383,22.1761411811045,2.887063878260796,0.042813389444429584,27.045950469970705,0
88849,-49.020932,4196.895995407608,18.984638382206512,2.443086763587002,0.02528973054140804,44.184220282733435,0
88945,-69.201778,6020.019276652802,23.005331538734875,3.6812537572989292,0.041832305265492475,14.880015949606896,7
89041,-32.431406,2842.0321260857595,9.745540278429944,1.4470084290465048,0.03390798382461069,41.132230042815216,0
89137,-52.363046,4507.807498439209,19.21580429474834,2.7858131170642,0.02706030867993825,31.50607055827975,0
89233,-45.485007,3908.899816216735,16.133855971517654,2.6503049902340474,0.033048648200929176,31.190447788238522,0
89329,-50.500429,4391.228438517884,18.390488355517334,2.497404606157046,0.00480238981544967,24.44345889464021,0
89425,-28.260071,2365.3821730525087,10.56372206592252,2.0799696813899824,0.04034300248481726,22.875613343566652,0
89521,-38.895702,3311.1899967536187,13.333908102669247,2.9527476028748287,0.04016873277723787,21.097073889374734,0
89617,-30.181739,2529.9700055330136,11.080259890633414,2.14239671120365,0.046733489260077477,20.496683380454776,0
89713,-39.432615,3410.8582755369025,14.445984564463615,2.456764437702304,0.0005020678631569853,41.540938408374785,0
89809,-39.965132,3439.7842004963622,13.564604331009988,2.8468661237762705,0.023944178782403513,19.268100298792127,0
89905,-43.511277,3720.382173495451,16.64092456373048,2.6076462267188663,0.01814126465469601,34.075164384096865,0
90001,-66.585717,5741.797955400483,23.973404149030543,3.306934345908193,0.04352948367595677,19.777556338310244,4
90097,-22.912028,1905.7157107509297,10.633024968140923,1.4274464898808428,0.006265653111040548,31.152020585387948,0
90193,-57.50635,4998.912317802688,20.968713194146794,2.672065721722934,0.010519134919894313,28.515249121934172,0
90289,-43.580139,3693.644850001321,16.4044779583712,2.460228842226387,0.04921703431755309,22.61149540886283,0
90385,-69.254435,5960.7831158618355,24.619736209248515,3.188577754736846,0.06568345595151193,16.574492294341326,2
90481,-28.165608,2376.5047019265635,10.783833174762016,2.3110266308862517,0.016066670045256526,28.115713553875686,0
90577,-46.927665,4009.6715706506448,17.41337873670482,2.2926916266173296,0.04599062837660317,32.3911456361413,0
90673,-23.719635,1982.9257187016883,9.17528645816587,2.391804638961548,0.012071308121085145,20.03742336019874,0
90769,-56.457811,4899.862307081127,19.500515692434856,3.4756230855564967,0.01458559129387138,24.357281615734102,6
90865,-56.967269,4948.080574928434,18.603170911203247,2.9253823631252462,0.049023962765932017,34.66520909696817,0
90961,-68.740605,5922.57326853249,23.722471938715813,2.9439243723882327,0.08137072741397122,46.334422412067646,0
91057,-31.046189,2584.846290036936,12.804688987142235,2.436575535128603,0.02544596437364821,30.09107712894678,0
91153,-52.806317,4567.260136222935,15.526260970087193,3.311638021592094,0.07674547519142694,35.42816620856524,4
91249,-36.159571,3083.415343338439,14.19786393053159,2.2555117849163713,0.010923593305051382,45.15669718295336,0
91345,-60.432107,5265.070848543052,20.37170408887983,3.4103668956339193,0.02038269955664873,11.555459100902084,6
91441,-42.552129,3673.4838410948378,13.278729948007616,2.7553498417939113,0.04876878467437479,33.023413916230204,0
91537,-43.1472,3725.242657507324,16.21811773132482,2.494833629003935,0.002093653194606304,19.296037205904724,0
91633,-50.597087,4375.36277223473,18.652967160672937,2.745213784970861,0.00996556300669904,43.001890707463026,0
91729,-34.802828,2945.073739600387,14.405659171059241,2.3367645236176378,0.006379127600475376,35.75649226248264,0
91825,-93.87641,8252.215160667476,27.745163090537755,3.748581332757041,0.10208515319973233,13.911342921257017,20
91921,-68.524682,5935.286572649157,24.31460165316386,3.0202988153086108,0.04462108910083773,45.04703285202384,1
92017,-68.901675,5952.9395577429505,23.310346080110293,3.4173266801333044,0.06748302225023517,8.944528603702787,9
92113,-46.331475,4009.0581442551415,16.88302577310538,1.6209231226095644,0.035174452513456356,35.753827972710134,0
92209,-47.605472,3983.427863645224,18.591091151476665,2.3966525322045076,0.08234697342115016,22.216430952697994,0
92305,-46.344081,3983.3579611247974,16.84734471575748,2.385464855501073,0.03347415942698723,31.683170537650586,0
92401,-44.892636,3816.7333795223017,16.255000242780916,2.199090245339419,0.06461108867079024,28.664075134694574,0
92497,-26.674708,2235.9542143624662,11.175007251193675,1.7861575225917499,0.016546730863812753,35.142413496524085,0
92593,-61.240467,5363.359229169457,21.45324861371236,2.4161231386896382,0.013630076370349076,32.54096685692668,0
92689,-42.668566,3650.8916373529664,16.788817966893145,2.769064333492101,0.0010252123698591964,32.63490012809634,0
92785,-37.179911,3146.61079889532,14.167704397396982,2.4613535508361153,0.03193000722676509,23.245052750706673,0
92881,-40.246093,3433.1620891251455,15.334585569204297,2.4342794379551442,0.02269232980906971,28.62701486006379,0
92977,-66.598423,5814.473079053105,23.749252473057034,2.8007888077019274,0.013906723074615046,29.584384265691046,0
93073,-33.529533,2829.3036632637763,13.437734377651203,1.979593221937236,0.027555885538458835,17.981089183390143,0
93169,-32.235023,2706.367038604887,13.712203240508387,1.6000715075151324,0.027844217007881755,29.455019683837893,0
93265,-44.66386,3808.21658973046,16.1477031765669,2.6047050965259997,0.04636673480272302,24.70097153171897,0
93361,-39.076624,3263.973837103153,14.889303587327174,2.5521075434608154,0.06328345499932764,36.09923365488649,0
93457,-49.560376,4238.76128896579,19.78336417408089,2.441400900229816,0.01741293147206313,37.83432531416417,0
93553,-36.660579,3151.369781353419,13.814521117369717,2.0361306812845346,0.01253814809024334,25.449233943969013,0
93649,-22.993263,1907.0864756716455,9.027603909649578,1.882888902725282,0.030730761401355222,26.672155302166942,0
93745,-36.393438,3125.3744346632593,13.08828371652863,2.3209389465134764,0.018988886103033953,26.593958996683362,0
93841,-67.424039,5895.438106057954,21.637172734882707,3.6092189909899064,0.03565456736832856,23.622985965013513,5
93937,-47.934236,4079.54146640664,18.04162817005635,2.231894263261783,0.05557164885103705,33.21179446399213,0
94033,-65.467144,5734.395130585713,23.12921189913031,2.8652368267694843,0.002555625709263931,13.071682092547418,0
94129,-37.189768,3160.189148727754,15.194211880950515,2.261909046479277,0.008323284826780686,38.33771047487855,0
94225,-46.777707,4073.58364976329,15.949556532120912,2.9941933206329185,0.003955106025463673,26.623709442317487,0
94321,-36.251794,3058.7763589148826,14.539803684479924,2.373860213628532,0.02350303027778855,25.981055250018834,0
94417,-52.853809,4513.537302425495,18.771907438980573,3.4945560688125727,0.04593606889247892,21.53881936892867,7
94513,-48.479137,4200.366330767029,17.279923745756168,2.6461103892343836,0.015536856651306219,25.140386631041764,0
94609,-89.386608,7915.713452703594,28.552960098345693,3.8223676586753808,0.008975874073803458,29.476003623902802,11
94705,-46.838103,4043.2378250093684,15.76395342258759,1.8073161984099275,0.0635741754189918,40.99220508694649,0
94801,-62.151958,5453.263473212967,20.724222229132454,2.662855711300213,0.02246094644069674,16.80346611648798,0
94897,-50.600174,4402.020371893344,18.319436479632508,2.537574444982008,0.004607292264699969,35.34727359414101,0
94993,-57.556568,4966.8762292146985,20.329134606781075,2.8839511530175503,0.04236568920314321,38.331639960855256,0
95089,-48.654389,4202.216749687649,16.41096400058297,3.0147018887551145,0.03353674662740613,37.42023091569543,1
95185,-54.656101,4718.812392441389,20.262685109905227,3.1549018899981576,0.008480731211602754,24.887432566583154,2
95281,-54.412319,4728.0659801052825,19.39398409496123,2.6607341700941327,0.01661132443696267,40.722908081114305,0
95377,-46.668505,4062.294802405291,16.588745475889006,2.434465344145729,0.0063431724611866525,30.69565389230847,0
95473,-50.891852,4342.913620912429,18.386899016466288,2.795352571763728,0.0552336648106575,30.087910340428355,0
95569,-37.472667,3179.071377347287,15.93996698576749,1.8062331683669965,0.011831310950219665,40.457404729723926,0
95665,-44.588635,3763.616233165746,17.437110695042378,2.7286801300585646,0.0419911505654455,24.792593004256492,0
95761,-29.490807,2483.3178633978805,11.076097129539246,1.9925222395657218,0.0358527004914847,19.739541561901568,0
95857,-42.452323,3640.968137752159,16.288827905433333,1.7876238176020283,0.029396255726092668,26.593454349786036,0
95953,-41.061939,3507.5575918476734,17.233165274834107,1.7543001229826853,0.00764622893184419,39.436249922662974,0
96049,-45.769246,3919.993111045859,18.146324625947127,2.260705417975305,0.014742341284689209,29.39778644457459,0
96145,-39.86209,3422.526344165211,13.444114742853898,2.733964218597247,0.03400046210736041,31.40816439196467,0
96241,-28.137496,2377.0442514446004,11.99367809481896,1.635975107542753,0.007637305185198784,30.064083721637722,0
96337,-43.313762,3714.587947581798,17.337149191257314,1.9069937036539675,0.013596042618155557,34.34666062310339,0
96433,-55.246848,4797.678536956725,19.7345134515222,3.2113384644572336,0.004344894737005278,33.022759530246255,2
96529,-59.590819,5196.517015027391,20.483178124551458,3.0546116842108417,0.01725669763982296,23.39448331087827,1
96625,-57.679702,5028.260238454533,20.58887771442435,2.7053577917541003,0.009219546988606386,37.484485551863905,0
96721,-25.478698,2100.593358227499,10.698895054527844,2.0313371638934474,0.030037370696663845,21.81525825679302,0
96817,-59.583776,5178.739464168093,20.036265491442094,3.067008388667138,0.03724656272679572,17.980756436288356,2
96913,-33.185693,2888.0455436727557,10.924552258921064,1.5397590869025286,0.02746456451714041,37.47710240647197,0
97009,-59.305319,5114.238404884269,20.705791537788706,3.007616489214869,0.049876734349680596,25.852626341432337,1
97105,-38.60032,3239.9114136144362,16.367366417086217,1.8021372622285377,0.03800939619541177,46.06655968904495,0
97201,-67.560699,5808.363729833507,23.387522129874277,3.232932441426624,0.07784215319705645,46.77937333390117,2
97297,-34.251666,2865.268099622224,14.164161907079134,1.8946570799694626,0.03945824149996047,20.32358806312084,0
97393,-38.843753,3343.1620578440893,16.09227806941657,1.414157103329837,0.0012524090707302094,24.04770967543125,0
97489,-49.849346,4305.8310106183935,17.66363453208544,2.338069559634709,0.03711453663479336,10.884308317303654,0
97585,-64.462721,5525.164203124488,22.022106103496935,3.447371642151115,0.08169988337904216,47.90093605846166,4
97681,-52.938898,4624.391450356387,18.59025161292776,2.468986398824309,0.00868757417131405,37.27210652559996,0
97777,-50.661769,4302.329517317954,18.997959246832288,3.079521990724216,0.04715181655789685,32.29704955995083,1
97873,-46.401745,3924.2930581422474,16.75176106173241,2.3245123878981024,0.08023205120116472,37.141810783147804,0
97969,-60.567003,5283.127928060402,20.250999428756913,3.3588346850079582,0.0211259940639138,26.10333398669958,5
98065,-52.339641,4443.9161277161875,18.861208304561277,3.3144894106388345,0.061088069900870345,23.70079095706344,5
98161,-43.063195,3736.456412629385,15.476314323698102,2.6085458687240495,0.0008211933860652332,32.16089191839099,0
98257,-49.086488,4309.203810148954,16.1862902238097,2.333544209145253,0.013676373101770833,30.012130101174122,0
98353,-46.576743,4044.8437628619563,16.498129426600016,2.4532386085247855,0.013171373680233911,31.491760389655827,0
98449,-49.170041,4195.963895016009,18.17837325629452,2.652089379925248,0.046403597295284316,21.50692024573684,0
98545,-37.487571,3227.4060633077615,13.731946684648076,2.454285515359775,0.007480829022824709,30.47136123239994,0
98641,-26.113719,2208.638079559022,9.47627587511996,1.5811956617402603,0.036798504965477874,18.568356726318594,0
98737,-64.613984,5565.363058673064,22.004913247400452,3.557380319991348,0.06239514537155638,33.052277444452045,5
98833,-49.137351,4205.471150941722,17.387591157332427,2.821767121216907,0.04917701855301859,24.860258745700122,0
98929,-47.817253,4141.151317551814,16.87770566776163,2.646085031051252,0.018932935968041464,24.86027808040381,0
99025,-57.888834,4970.653994134759,21.89939631595728,2.5084889922596316,0.04060528390109541,24.416798389106983,0
99121,-70.766755,6166.915503668076,23.350427640999747,4.016955259407438,0.0323792980983853,26.221681756824267,12
99217,-84.197777,7359.346072540399,26.73212339412382,3.738631559440981,0.07261510863900189,20.130512225031854,14
99313,-84.648102,7482.403489260558,26.226516569408233,3.6561855505989778,0.03290916457772264,32.76405996099115,11
99421,-69.389961,6066.473903697399,23.743219575704067,2.848849753976821,0.030847745761275303,26.377246471494434,0
99517,-47.671671,4151.860276989576,17.364456921037505,2.235697261465209,0.00329678915441034,39.96366078421474,0
99613,-36.870408,3117.3864873161515,13.853924788084777,2.7789825123027616,0.0285848289728165,32.2676882404089,0
99709,-55.334259,4805.777092910808,19.517659343166546,2.987780914742191,0.01507184468209749,32.99379371389747,0
99805,-24.126009,2012.544059534643,9.200485939671953,2.28189367697596,0.021844366751611166,10.675399600565434,0
99901,-30.39812,2568.437014012328,12.537814172364808,1.865412301525477,0.013749385066330444,19.343045867085458,0
99997,-42.195661,3609.7468370137035,13.470796683466865,2.7189805419053004,0.06462409459054475,17.897833376377818,0
100093,-34.939798,2997.89487304852,13.517502547710915,1.858113841293966,0.010823550261557013,40.58744147703052,0
100189,-50.614657,4376.492354255438,17.938820900327723,2.4784098681892885,0.03178152426293024,28.037931334972388,0
100285,-51.689865,4567.016785457136,15.757515078514277,3.202499274012146,0.0007628396153450678,26.547845363169913,3
100381,-64.301963,5596.135395146038,22.141142361444373,3.2884715997938225,0.025525167770683754,26.039253657311207,3
100477,-57.819009,4981.179646740519,21.42554174377736,2.4994870251138623,0.0386503366753459,29.917189103662963,0
100573,-41.331835,3488.0266733890708,15.395032456528654,2.503307301001801,0.055449042841792084,29.073373440504074,0
100669,-45.180523,3850.1234648690806,17.734335505107484,2.236220317083757,0.030966657027602262,28.31401165753603,0
100765,-47.004751,4065.3045964659896,16.3225236377089,2.504883912416919,0.030199643969535894,27.475209562182425,0
100861,-35.130889,2986.2445529745505,13.831997394004452,2.459542243561885,0.009001847356557846,35.92432653665542,0
100957,-40.292611,3434.9988539729716,15.298297958955464,2.5837986140507745,0.02130760811269289,26.4289478546381,0
101053,-37.414884,3261.6959105997016,12.164838271729954,1.6505832396338476,0.03254933413118127,39.70312274932861,0
101149,-42.603631,3686.1564868905953,15.305941644216146,2.6987164202438905,0.004719826206564914,25.288904028683906,0
101245,-36.125905,3065.670656973703,12.68869155973754,2.359007635814978,0.0479325005784631,25.278462879955768,0
101341,-58.682487,5085.281873948461,20.58032065371853,3.096392646703643,0.027801021374762036,39.01807084441185,1
101437,-52.659775,4553.657210875963,19.959570963376212,2.2914999809003893,0.014582082442939293,18.354965972453357,0
101533,-57.526196,4966.283566526561,21.114057786170214,2.256015302868783,0.04178246837109334,36.65962925910951,0
101629,-32.845091,2765.0828606893983,13.986817459900024,1.8068639143401821,0.018364771828055293,29.20602301836014,0
101725,-49.26511,4273.240759664416,16.402033680148385,2.7422133889988376,0.03434712551534169,27.39392686754465,0
101821,-44.655631,3858.8830025645566,15.380502551684577,2.718930448093719,0.024338567100073094,42.02923552602529,0
101917,-29.970366,2563.8529095649988,11.079307795982851,2.2295892284840235,0.007747283950448103,12.444932000488043,0
102013,-51.893529,4508.663743746544,18.070716485398375,2.869531362042486,0.01585760917514556,28.617346023172143,0
102109,-40.110955,3437.2724019720094,13.087637857465245,2.7106231410310997,0.04851270448416478,17.33147286474704,0
102205,-35.757857,3033.324937424306,13.63170520357725,2.217478434384419,0.029873643835124142,27.2645893496275,0
102301,-34.834143,2998.9761398120972,12.273834831135362,2.32394796620114,0.01551014408469209,32.622850851416594,0
102397,-67.405672,5814.755650951785,23.717669843193946,3.1868223782529057,0.05787238720804455,17.05730001404882,2
102493,-51.523698,4460.073420611171,15.934975430150004,3.3112669265237424,0.05453093107789764,32.817316159009934,4
102589,-39.542172,3375.203305184193,15.540420094089106,1.674487109810054,0.03054784999081961,29.17834262445569,0
102685,-27.091419,2270.5184688055924,11.511703400662109,1.8190306932100653,0.01367409396916619,23.147845180481674,0
102781,-87.366641,7724.923525632964,28.141113859072686,3.6597864994971006,0.014077144792597585,24.63423204287886,9
102877,-29.94914,2561.701882959815,11.891139636781237,1.7683104508998218,0.003830344367184102,19.270827780812983,0
102973,-59.552384,5126.553041189602,20.823155136196682,3.101916854557689,0.0532760243862867,20.934277677834036,4
103069,-61.551914,5405.070827420267,21.39020358707029,2.624760800320942,0.002282688394188881,19.085517972409725,0
103165,-43.150083,3661.4569871315916,16.206866548726566,2.4064714555386706,0.04739096779376267,25.206391716003424,0
103261,-52.428454,4524.9181157607745,19.459157334024383,2.1300709171487924,0.03263316657394172,29.074207160621885,0
103357,-42.613424,3651.2448265444914,15.973073256751766,2.4764041063464894,0.021232793107628822,22.764232670962812,0
103453,-35.370592,3037.8837805901267,13.406202406059903,1.8837285976397151,0.01442678449185264,41.709000274986025,0
103549,-28.738296,2405.397299683419,11.728856587994409,2.6228914636527367,0.0077673237770796155,22.682000547945503,0
103645,-77.597706,6833.70659293143,25.222977681236358,3.6644238845287833,0.015198493935167812,16.12205828100443,14
103741,-51.483251,4470.59276427767,19.57052802683493,2.2435827288984385,0.0005821282044053966,26.687975832372903,0
103837,-49.485691,4199.296413356932,19.002498112913976,2.443107616648082,0.05431560967117549,41.37441683426499,0
103933,-41.303628,3544.1167609116474,14.625876082364368,2.761933341849886,0.02466158531606194,31.263315222114326,0
104029,-27.607443,2320.812334571798,11.151340028881057,1.639824855769447,0.026532533764839217,39.923571283519266,0
104125,-58.368272,5070.988302690311,19.524968900825424,2.949103292926114,0.04141712058335545,38.191713454872364,0
104221,-45.127376,3839.162450485218,17.06879737639642,2.367354621296659,0.04454472754150629,29.32344004884362,0
104317,-46.606187,4020.8283855703266,14.882867393234788,2.96750707267488,0.04973601121455429,24.148105511367316,0
104413,-25.0965,2074.409395799665,10.032718524898582,1.4452721904198986,0.05096545255693952,26.95344754368067,0
104509,-52.056522,4484.698977621626,18.372409787391167,3.4909455949413415,0.020095424716802035,21.258227763772013,6
104605,-64.266881,5578.89581687215,20.89396906917609,3.457028685680437,0.05512802843004461,23.351880789101127,6
104701,-81.514848,7148.22962152351,27.166897289915372,3.0850030479667696,0.043232088722288564,40.26474415481091,2
104797,-39.83062,3411.221784462923,13.326453201621206,2.651715441446139,0.04398532789200543,19.735814299732446,0
104893,-72.46151,6345.033270173468,23.753368340346558,2.956721709076364,0.046831847109684854,35.27837845221162,0
104989,-30.358344,2562.2181637522003,12.300802532663496,1.965547396150583,0.01731353451154738,36.5628405199945,0
105085,-15.592898,1202.4195731937618,8.302022871616867,1.472649963406433,0.03260236358956292,26.205786591470247,0
105181,-50.497272,4398.440594438213,18.33803268073165,2.3846533017775022,0.0038396934047341125,22.647027594149115,0
105277,-40.920745,3502.656118933422,14.612265722213232,2.6511141113125603,0.030003882758319445,22.224222585409876,0
105373,-36.65515,3127.0080890031336,13.752092685375409,2.3126030142783955,0.02229334712028508,24.86703433275223,0
105469,-51.817788,4495.145091963697,19.961179303288645,2.0951948617078786,0.0026603396981954575,27.93994688987732,0
105565,-52.058579,4553.966777959492,17.58515059001123,2.7429971715239816,0.009744455292820864,44.53098992347716,0
105661,-64.630486,5591.081348800716,22.74648254880176,2.8376645165672496,0.050710793398320686,13.345002945661545,0
105757,-62.434294,5471.480858540569,20.656068954550832,2.862297783336764,0.02518303599208599,26.59990419536829,0
105853,-53.188762,4577.554684401678,20.4014807062695,2.2481438841558523,0.026234241575002648,15.811563274711373,0
105949,-35.872457,3096.5706076358224,11.249231492342147,1.8399729308499966,0.0530661580005759,30.403318524807695,0
106045,-67.803762,5872.940587066191,22.948650099298096,3.576682909096659,0.050605861283838816,27.718425876200204,8
106141,-40.722538,3527.3452570883856,14.886949266428877,2.4509428258252006,0.00017490126192565292,29.259319762587545,0
106237,-46.443342,4079.0711323817577,15.210747963199426,1.8484432747019757,0.023335243389010496,36.94133766382932,0
106333,-67.358971,5791.252500653172,23.57748802109837,3.490626498630772,0.06512994524091487,11.100229584872723,8
106429,-37.395164,3266.6178087701855,11.727761537060518,1.7517587772331942,0.033996954932808854,34.42172714054584,0
106525,-24.959685,2069.1382300801542,10.620781708950584,1.8288138269064622,0.023369481600820974,33.97772961571813,0
106621,-42.77162,3646.3242000867444,16.02950773973052,2.6695410996325677,0.02878062371164558,28.860909476727247,0
106717,-46.227679,3975.8647170114714,18.183696617131847,2.38793335048389,0.003916662304024876,32.05098099499941,0
106813,-67.60661,5863.671008519656,23.566887014044507,3.101029769961853,0.04396149255335324,13.878052686154845,2
106909,-59.774862,5165.635129167758,20.887830547937316,2.9619805441387257,0.04449127113544632,39.76962675526738,0
107005,-57.514902,4957.109583583963,20.027296424613883,2.6973486529364883,0.057111857645213704,33.618780255466696,0
107101,-48.180664,4131.350071812195,17.24083933668137,2.7960708877570846,0.038432214222848426,27.97560767188668,0
107197,-51.22787,4399.019490550974,18.212912099312035,2.9366199886246056,0.03994353748857976,35.351441262364396,0
107293,-47.68987,4125.593504613023,15.143639335035518,2.6767146376191295,0.05467717777937653,34.82416795417666,0
107389,-54.511824,4702.904826619791,19.57593501884161,2.7860290288637755,0.03303888048976661,20.093335257321595,0
107485,-61.16689,5314.6106094665,21.137159450923004,3.350729389742441,0.022622965080173474,21.35408830910921,6
107581,-34.636715,2987.883937816596,13.191280881243674,1.963505590029148,0.0010059371590613875,48.23905591771006,0
107677,-67.255409,5915.461182172494,22.072348495110134,2.976565947614853,0.019231072254478954,25.887483708262437,0
107773,-65.368164,5774.043412911172,21.445592088898184,2.611475379515959,0.00996413987718131,38.99187051698566,0
107869,-38.105272,3249.227672110969,14.331974807342165,2.5122975653974517,0.020565615966916084,35.213732989877464,0
107965,-54.553152,4744.146819918615,19.91120773722816,2.713852912647061,0.0035187020897865517,21.715860522687432,0
108061,-50.782179,4379.773725265595,18.19949707052739,2.8156009202642767,0.02655683979392054,37.47471734553576,0
108157,-35.07354,2962.5632832889232,13.844627655594088,1.9335721558188608,0.03473934827274394,42.6693439859152,0
108253,-42.766686,3670.3654734224124,15.845851394847772,2.553541406812787,0.019190598279237747,22.27477018788457,0
108349,-36.605822,3173.4656683276603,12.457287538141992,2.4856280352433786,0.009315203316509701,21.400861601680514,0
108445,-66.656934,5810.792104697491,22.43221649003765,3.2782355079016887,0.0338702436536551,35.327637167423966,3
108541,-65.833208,5672.878645358042,22.09523397754303,3.634579362591229,0.06813464537262925,23.6331773121655,10
108637,-72.264289,6288.0853851333495,24.01106324252967,3.9247777949722216,0.040680320188403174,34.78732513189316,11
108733,-15.477974,1189.9249784034846,7.846201383243284,1.7030769983869531,0.03624219186604022,29.95472322255373,0
108829,-38.689049,3225.9141368749433,15.070071532365615,2.7752013872583117,0.053253686055541094,32.09818213269115,0
108925,-68.204584,5908.847090984211,23.32189512853154,3.371532382561077,0.05139542501419786,45.17742474868894,4
109021,-54.854392,4708.27833321593,19.488457549873253,2.8541535466621992,0.05222735088318592,25.098133908063172,0
109117,-53.380251,4629.788603005085,20.57442197969181,2.241573698391947,0.0008939357474445631,23.025165016949177,0
109213,-34.554133,2930.5327448309567,13.915451345421928,1.9518086707448177,0.019563130289316222,31.57218329653144,0
109309,-33.204396,2849.819873191076,10.756258089834365,1.9924111829973812,0.04549037292599678,42.43112953051926,0
109405,-40.646812,3490.769810561739,14.81206607873103,2.260232259579679,0.026093384809792064,31.60404074057936,0
109501,-35.059635,2989.9038236153588,13.527898531623599,2.4844527293063616,0.00722973868250848,35.93055822938681,0
109597,-57.706253,5000.026818715231,19.66772975373643,3.1020788193781783,0.03765560115050326,32.67663869395852,1
109693,-51.497923,4490.784462136425,18.212807011722514,2.5710872688375455,0.006520119681954317,30.40186572372914,0
109789,-43.75154,3728.9167308611936,16.82657288707907,2.74184606593255,0.021177488751709495,27.790745440274478,0
109885,-51.82508,4484.679819405056,19.70028608505705,2.3301268975650196,0.00907632969319816,32.26967891424894,0
109981,-63.496958,5587.621507200035,21.4566959830139,2.3518314638527884,0.01620013564825057,27.944304652512074,0
110077,-58.502295,5083.537672127967,20.036465854500936,2.8927293505918086,0.03325912822037935,31.575441313683985,0
110173,-33.057016,2796.1412814842533,12.028256644008573,1.6472899164641075,0.05521404024605692,27.317440245300524,0
110269,-48.235482,4165.44686690186,17.30345160905758,2.706978444526498,0.020479115098714806,26.409447934031483,0
110365,-53.79363,4628.783863340551,19.391412024673503,2.6696278231928945,0.041367768868804,23.460376638472077,0
110461,-38.996091,3282.046434964703,15.466325152500627,2.7894810329880526,0.027995797060430094,35.34059347957372,0
110557,-83.815281,7327.631973237761,26.579076186235817,3.5373769500186962,0.07668584726358718,38.72749067664147,11
110653,-68.491547,5908.146797787996,23.410593399286977,3.370313825813789,0.06925172116607431,48.977612989991904,1
110749,-36.216198,3091.526645896637,14.17504392834302,2.397139485516793,0.0059708138731749405,27.767930709123608,0
110845,-71.970496,6355.621816651336,22.420820278541456,2.8873639240394535,0.03553910832852114,30.435836599171157,0
110941,-55.953734,4849.93325235513,19.285602571419286,3.3176534657101246,0.022777289338409834,26.708284547477962,3
111037,-57.412281,4975.1923426134545,19.90003638855624,2.8380379291030806,0.0370087968185544,28.924217575639485,0
111133,-37.447843,3162.453197494509,14.818252325432693,2.7952554246951182,0.017315537482500143,36.61061800613999,0
111229,-43.755241,3731.912349695461,16.63227330831761,2.7272048147112526,0.02370356395840645,29.55841301858425,0
111325,-23.324405,1882.5455665714594,9.992084376673589,1.8908172732106536,0.04966645787813162,35.875281660854824,0
111421,-59.60778,5167.476465275012,20.722372881544075,2.8514429619432784,0.03838174771517522,35.2660976652801,0
111517,-37.751271,3254.779134550285,11.457419614684605,1.8040751861778657,0.0696415483951568,35.084613552689554,0
111613,-33.543975,2844.2340009367417,14.116106776561695,2.091353657674322,0.002017424255609357,33.07650279134512,0
111709,-49.781694,4296.186544752236,17.892945033719368,2.654653403831993,0.026005569286644492,24.240811055451626,0
111805,-43.373553,3690.275919965504,16.607990202079225,2.3556014893635844,0.036410379409790083,24.098557401895526,0
111901,-59.761007,5172.832285953294,21.283508005348615,2.817758734632309,0.03470187932252894,32.410568707585334,0
111997,-40.921512,3435.0688862300212,16.639106715866987,1.8878914463817473,0.054928939985601555,28.331903245151043,0
112093,-68.839928,5940.336578692584,23.2022436007762,3.7490823009408265,0.06508375741541383,23.151250037103893,8
112189,-38.202733,3276.072364332174,13.639211211435509,2.781104155077468,0.01585362255573275,22.231106129288673,0
112285,-40.888704,3476.855819886967,15.725709543852194,2.7774921348650485,0.019429043680429525,33.16850230872631,0
112381,-38.499044,3319.5856595218374,13.320208263782895,3.1232606990646303,0.0038546830415726596,20.611543565094472,2
112477,-43.022485,3730.2269453805498,15.694611682059415,2.3501846049880672,0.004783884249627612,5.852751487344505,0
112573,-55.909997,4909.093119793136,16.195158019784497,3.1167286506373926,0.047588484361767824,32.354539813697336,3
112669,-34.027582,2922.096891716555,12.509174488090299,2.186765479692089,0.011943634226918132,26.401020357459778,0
112765,-50.976584,4395.897748842604,18.505929729134472,2.9118213837786047,0.020073273777961753,31.782731463760136,0
112861,-32.818229,2804.000310520177,12.413806913242844,2.163421731824064,0.012581029446109337,25.549847289174796,0
112957,-64.613421,5553.475242132408,22.467134565719004,3.687029574890534,0.057581097073853005,18.408410429742773,12
113053,-62.016495,5446.365212122075,21.477168432135667,2.48389165671571,0.007742359489202544,23.094988806545736,0
113149,-27.830886,2352.992186544365,11.216672487720276,2.052705200782387,0.0076586792245507684,24.670431148558855,0
113245,-45.618342,3910.355184904214,16.500996821229947,2.741582984967085,0.031190539337694667,25.003416067957875,0
113341,-30.292477,2523.738379431242,12.432060941638985,1.6878492694630483,0.043355671502649795,26.893648141026496,0
113437,-79.494499,6945.822931645421,24.852315449356038,3.5981139631788523,0.07608865428912015,26.851910849660634,6
113533,-84.807253,7445.583232285857,26.771829969593874,3.4616902321239382,0.062346342206001326,21.23590151920915,9
113629,-51.781199,4494.772365946566,18.536893328143695,2.8353315722432066,0.009218322485685326,25.250337540209294,0
113725,-77.284475,6780.8538040158755,23.970490659796113,3.5453415744696386,0.05777688692078781,39.17969622179866,5
113821,-23.319652,1866.647762466917,9.778946458649669,1.9601045643798203,0.06236324813216931,31.210103713423013,0
113917,-59.696187,5222.375258971696,19.73500189823194,3.516404066602616,0.009691497310996056,24.86044881790876,6
114013,-30.522314,2562.982750995194,11.570373194124565,2.342335478744937,0.032296040654182345,27.251582060307264,0
114109,-66.89507,5838.40451149007,22.41543694737823,3.673478144347242,0.021133491583168462,29.64846040263772,6
114205,-50.683073,4338.291412984208,17.852719507116046,3.002905131594032,0.04954540636390453,34.23647636309266,1
114301,-46.422944,4010.6518692686177,17.49877619586608,2.586674582430738,0.002141477726399832,35.45364978089929,0
114397,-31.869975,2673.5939725624576,11.258470044203957,1.6953437095979984,0.07189047187566766,23.72071070209146,0
114493,-32.643036,2775.399587081015,11.982110122230239,1.778004374691265,0.03888037167489533,24.575862233191728,0
114589,-54.02432,4710.742517611659,18.779094941975057,2.827443416673958,0.0101459100842477,29.014084297120565,0
114685,-48.664737,4192.479865733499,18.275980005088265,2.719427899123986,0.011291554570198148,27.400518015921115,0
114781,-38.379122,3212.069967685297,15.296531114689943,2.108806346005632,0.05506271570920951,33.38993612155318,0
114877,-51.397589,4490.994459730813,17.919695491233057,2.500474814423178,0.007436364702880449,28.26964729592205,0
114973,-52.353228,4557.058757918389,17.759829360685533,2.736796235973538,0.023998182453215167,41.71957093149423,0
115069,-27.853586,2363.4865572286085,10.799090871640633,2.1204982160493326,0.00871957112103705,28.837422342151406,0
115165,-46.822693,4059.496085987327,16.285584232105798,2.8439635509252676,0.013631413318216823,21.27220104396343,0
115261,-34.160448,2874.6626510250903,14.362264409863673,2.487104626370565,0.00735332667827604,23.091711119413375,0
115357,-45.279059,3947.736591263498,15.662478577075099,2.5895265255418254,0.004475932931037319,11.762651644199678,0
115453,-52.02476,4491.4850795091015,19.92296406317878,2.024083967347347,0.0215590700507165,25.459824590981007,0
115549,-39.751177,3417.5825218131754,15.058749368092437,1.9339534554375657,0.018943068198859714,25.129583158642056,0
115645,-49.040366,4226.883059492853,18.413446137415495,1.8683814690748282,0.033343286253511906,35.66881449609995,0
115741,-64.032106,5571.519844230274,21.441859839181415,3.4908597225216584,0.032533734105527456,39.115118595361714,5
115837,-68.87442,6000.07650940623,23.342572004101775,3.5126668556752945,0.031054419779071696,25.586735655665397,6
115933,-42.307713,3603.026266955804,15.810593772186936,2.5260707631250616,0.03492292854934931,30.046594451069833,0
116029,-27.445916,2324.4285201102803,10.862949957520382,2.2361784525002806,0.003218298964202393,19.238328925073148,0
116125,-50.109216,4373.886399110867,17.837433449568202,2.5236137193758257,0.0006450768560171127,30.483542519360782,0
116221,-66.827013,5802.841240266921,23.181218923519086,3.446932746119527,0.031030801869928903,18.91104579746723,6
116317,-46.360286,4012.527704762067,16.15896526979872,2.5650121993194093,0.02408761954621269,27.498910381942984,0
116413,-47.726056,4126.922568235951,15.553779792958835,2.4743633135108487,0.05339676886796951,44.06993964120746,0
116509,-67.360707,5934.774220460851,21.844286026645015,3.3402447195072646,0.008238707855343808,33.61081127509475,2
116605,-58.605572,5111.315280687398,19.944164342096645,2.7449329247229017,0.027413105219602496,35.02340702310204,0
116701,-48.111277,4140.817593038382,17.812423601406955,2.707733803993516,0.01841868013143544,31.54324568077922,0
116797,-66.24064,5782.868021383109,22.695759532352724,2.97475154603188,0.02755539361387488,28.213496192097665,0
116893,-63.854298,5571.440494523544,20.873009335244774,3.611998953958091,0.028879367932677313,27.188063756525523,6
116989,-49.757896,4326.530831263094,17.726817391896823,2.5595572573263414,0.010047962144017153,36.08663159638643,0
117085,-69.232157,6009.022025919017,23.573173435305414,3.588803828701679,0.04229754526168111,7.789429157227278,9
117181,-49.34235,4206.426355756399,19.338404436059704,2.8551932600587646,0.02229920066893104,41.18389181256293,0
117277,-52.581116,4514.410653722642,20.438284516662677,2.2303793787276813,0.02755818944424393,29.434654406011106,0
117373,-46.121686,3981.830427963548,16.436078358591523,2.2509969097416334,0.03147731181234126,29.2109724098444,0
117469,-72.397375,6296.33229115065,23.533020772837148,3.803973889443769,0.05683706291019924,31.5710727879405,12
117565,-34.11639,2838.0803313609517,13.730708598480199,1.766644873013015,0.060647737234830856,18.534376525580885,0
117661,-15.266971,1193.4977845627332,7.824510304578392,1.671716240217472,0.02106356397271164,30.94383317112922,0
117757,-61.05866,5264.516677035356,20.84376464113321,3.4115845565688896,0.05304867736995228,18.67901491686702,6
117853,-14.348294,1095.4864154394827,6.661081998152614,1.5087368855362873,0.05277400650084024,31.43870348498225,0
117949,-26.159419,2146.1517311141306,11.085695245220716,1.68292014106916,0.04660164825618268,19.651253690868614,0
118045,-37.586949,3198.0887110798576,14.698411655915569,2.3203266140900176,0.01789386030286555,33.63689565792679,0
118141,-68.108489,5876.934728810011,24.044655429656647,3.8012554028428345,0.04034950975328688,17.014625963568687,9
118237,-39.985764,3423.973402418923,15.850345329165174,2.0220008450448628,0.012141736596822772,19.74767338231206,0
118333,-47.086338,4049.874045530213,16.95712844949325,2.2113418982292563,0.04106150157749655,31.080160756856202,0
118429,-31.60508,2670.238722328451,12.98505277515333,1.8559603042771804,0.017652874900714433,32.183636052012446,0
118525,-43.020859,3688.8893742000396,15.937054568112892,2.464850664377355,0.024327219836413727,40.720605363100766,0
118621,-36.461181,3038.6302145385466,13.899514605146434,2.3627359574428644,0.06399536188691862,27.917542167007923,0
118717,-61.74684,5383.234681383211,21.211876231792655,2.833457202047722,0.02783650904893875,26.769927047789093,0
118813,-69.34056,6052.63079235408,23.048708112896133,3.4709534002004765,0.03408387340605262,11.95559012785554,9
118909,-35.073714,2998.827125614653,13.37842150455703,2.0795352400020635,0.016006814502179556,41.50052444949747,0
119005,-48.215238,4144.784880563682,17.29595481057041,2.822797863694844,0.029965562187135253,25.872378086000683,0
119101,-52.391471,4515.887732667988,19.73318549820152,2.111716686393604,0.03119675740599631,23.762070263177154,0
119197,-34.234155,2888.256686372374,14.3481191640597,2.3159744587909366,0.008050817437469993,31.045836603045462,0
119293,-51.542105,4457.583139828721,19.701677036139852,2.299779579458428,0.009057261422276475,24.797227968126542,0
119389,-52.005884,4486.513810321903,20.020604571786482,2.1749236323140964,0.017639676854014408,24.802864281088116,0
119485,-57.918489,5039.164874240237,19.523880610452554,2.9368035168488436,0.03299694657325741,37.741265794038775,0
119581,-61.450539,5344.208471908013,22.519771384704057,2.9564789413744768,0.004662056826055028,33.111343957483776,0
119677,-46.050419,4010.968836279389,15.909569120495178,2.4218847804918786,0.01327375071613407,24.958906233012677,0
119773,-45.146142,3872.824248800937,17.362537063237355,2.348453692690366,0.017983794026076805,31.806571510434154,0
119869,-35.239522,3024.3969229996937,13.142985981657544,2.3470226570604344,0.007589852251112583,30.54106826916337,0
119965,-40.981121,3474.1116151912897,15.681497672911037,2.596096089678063,0.033141133561730374,29.96660033226013,0
120061,-36.209571,3098.166771564215,13.536642926238953,2.223556529226016,0.018499189428985152,22.188526055514807,0
120157,-37.803201,3244.662311189941,12.205469730099923,1.8150007801500716,0.06459577530622479,29.549674361646176,0
120253,-66.997392,5868.200521565874,22.878529426024034,2.892393711853939,0.019658011570572897,38.038897715806975,0
120349,-49.76643,4231.606282572782,19.05133290950417,3.0201273528188506,0.03512774091213949,40.79797592222691,1
120445,-69.073615,6017.717059322727,23.43368539107584,3.729473340148996,0.024969958817880444,21.548874600082634,6
120541,-31.826836,2711.147635743333,11.256724212313467,1.6278498392065697,0.0458135284483433,24.468741746246806,0
120637,-53.446189,4595.385580787164,18.888346617577447,2.9111047149073705,0.04409250728785996,31.386029568314548,0
120733,-44.938684,3874.0083534112096,16.497880135551483,2.598382156314522,0.013992218859493755,29.401744424253707,0
120829,-50.932697,4332.703087244583,18.454957469005798,2.4623657773072534,0.07228215709328656,27.514393869638443,0
120925,-28.247951,2355.3228102692906,10.89054301720412,2.0453705595538594,0.04062747713178405,18.06173698604107,0
121021,-38.252076,3302.209827319712,13.352150115833947,2.8864366839714535,0.00465052314102643,17.90384974092245,0
121117,-28.949813,2410.2764375945358,11.387796387827857,2.250372092816428,0.03537073563784365,21.261554977595807,0
121213,-40.752962,3513.656816555048,15.02207807104409,2.5376366902858076,0.006314415014103791,24.849120396524672,0
121309,-39.797904,3429.3920595156465,13.67442609392038,2.8536148865030544,0.017347307316958938,17.10396395802498,0
121405,-42.727154,3650.7357212738416,16.963408961312858,2.643473884299242,0.004892323538660981,22.838552462309604,0
121501,-66.938256,5798.788853689838,23.72022527157722,3.4725064185105574,0.029686467535793792,11.617059390991926,6
121597,-23.637782,1898.566154112955,10.14767797339373,1.7740078957563856,0.05988090820610531,24.909407798945907,0
121693,-59.036724,5106.440618250748,21.91521539134987,2.740208523246143,0.020111328922212124,30.53878315582871,0
121789,-43.256809,3696.1450375432387,15.968396439081332,2.6146761086858525,0.030597925931215297,20.680874936431646,0
121885,-68.287361,5930.607425071297,23.58426568819992,3.6169108453487966,0.03061616253107785,8.249989212751393,6
121981,-27.838377,2343.9842779191604,10.585026310339748,2.2941672216731854,0.02035729996860025,20.01196622148156,0
122077,-46.540535,4025.576770260894,17.26166078120285,2.5007611448258333,0.007064320833275184,29.896630816608667,0
122173,-23.125514,1918.4112961979602,9.418976572297632,2.358056787112946,0.011499029956758,28.535297463089226,0
122269,-55.563901,4822.614105697647,19.003752656565986,3.4340498204683656,0.0175342705100775,23.786305043399334,5
122365,-56.801116,4981.5086306747835,19.08794311082861,2.957249262257975,0.005116455443203494,34.5136659066379,0
122461,-67.476813,5868.246735009417,23.001798995891498,2.819078619499558,0.051078292913734946,54.007510634809734,0
122557,-31.271555,2615.8515443866713,13.187541744038052,2.5593105710201707,0.008870190382003873,35.733104371428496,0
122653,-52.554363,4554.0126491379115,15.508538243548411,3.352016493801071,0.06805789805948737,25.300065729916096,4
122749,-36.35515,3104.597134943023,13.758528415217068,2.396137526256844,0.01487767063081269,40.59938336476684,0
122845,-60.712256,5238.878787465998,21.17401170943391,3.4620455520902342,0.039096429198980376,14.287534551173449,5
122941,-42.770233,3680.529322601625,13.54308884752763,2.745691940268414,0.05358242969959981,33.44023818165064,0
123037,-42.168039,3644.239735784741,15.287347718837626,2.575955079666548,0.007270380854606628,23.21893011838198,0
123133,-51.110581,4354.766793658765,20.037165760342507,3.214841666370917,0.01772176809608944,33.776655421108,1
123229,-35.640989,2976.2380648046924,14.704595978487312,2.5067992659729845,0.03096729051321745,32.68659361794591,0
123325,-93.29125,8295.49901126956,26.41493176341196,3.7532941195984217,0.06069753132760536,20.166654684990647,18
123421,-67.903298,5897.915617051852,23.70306969219966,3.0765996521101395,0.038838710263371545,43.90840907678008,1
123517,-69.607903,6053.487400001005,23.73831202984005,3.4822158935761065,0.037243236042559136,11.527797301560645,7
123613,-47.042941,4050.264518318859,15.824019632561807,2.1819346516926545,0.06135438866913323,38.051166850924496,0
123709,-45.572547,3911.151085749328,17.25860919830042,2.488365427240251,0.01920715551823371,29.029770592898128,0
123805,-46.495515,4002.634371444096,16.828757338450963,2.6777160870796375,0.023297170549631208,31.23945223599672,0
123901,-44.910845,3870.156416475535,15.638620814598402,2.131176966402079,0.04434822313487535,23.870147557854654,0
123997,-26.668096,2206.6713272430143,10.700176729510757,1.8582253522219947,0.04320262633264066,30.75821257606149,0
124093,-61.603356,5407.048888013408,21.370909637037222,2.494076402806879,0.008264229446649507,43.83840318962931,0
124189,-41.879237,3566.16754439863,15.87827660059589,2.6991543883617526,0.02496113199740646,24.67114887222648,0
124285,-37.952023,3245.417718148902,14.382117416799257,2.520112358018427,0.011677736602723532,22.27712588757277,0
124381,-40.070781,3438.1039764955203,14.811319218574488,2.701684181984189,0.011044790782034408,31.157386890202766,0
124477,-67.289808,5847.102406010492,23.948923326311046,2.913733785120259,0.03124089259654289,32.10384881585836,0
124573,-34.305302,2877.546633912684,13.368623394884422,2.020139177237567,0.04741289205849175,24.627242400795218,0
124669,-33.742097,2820.4453019714924,14.083494621869923,1.9027191306150955,0.03676716629415755,24.411960150599484,0
124765,-45.818009,3942.866966661892,16.235294121676603,2.7687063808942276,0.027417888688413827,19.882996661067008,0
124861,-38.485618,3258.1774470210635,14.472876313250547,2.762376311212869,0.030468663014471598,27.574814966470004,0
124957,-49.062928,4200.949877598743,19.000438647457152,2.43151937399805,0.025379338674247243,42.394308946877715,0
125053,-33.966637,2912.0538921649163,12.344675119915202,2.3162483843899127,0.014413097500801109,21.243454467505217,0
125149,-22.780629,1899.1710695751817,9.243711532668117,1.9358507201090482,0.01609762315883445,20.541543408632275,0
125245,-37.575141,3219.776118714138,14.348306512358148,2.4717402206938885,0.00561275426298391,26.303520040810106,0
125341,-66.479685,5808.566929609892,22.558389342516705,3.599803483426145,0.012438490986824091,30.94602772027254,7
125437,-48.384353,4181.172892170572,17.4205964611971,2.22663791042958,0.030385970138013363,33.11413598790764,0
125533,-65.947033,5763.062049177074,22.467849005408386,3.0460958262602222,0.023841311115967656,34.03215197578073,1
125629,-37.719929,3200.528729839872,15.254598209759164,2.3974852028114038,0.011951237916946467,37.84799453184009,0
125725,-47.364201,4117.744642272772,15.6888858803149,2.98252561009024,0.019138553366065014,17.952064359188082,0
125821,-35.649307,3021.136541449713,14.306379391785903,2.4026638810546412,0.012330803647637278,24.035127483010296,0
125917,-52.100099,4509.086665336594,18.454763802273536,3.4425612818910287,0.006385219097137407,15.554328396618367,6
126013,-48.292733,4178.5721277421135,17.771384943999053,2.6741182303446127,0.00706325396895402,30.20357537060976,0
126109,-85.473933,7532.438718168665,27.13995087409821,3.936790939629742,0.02885627176024419,17.544525373727087,15
126205,-46.060388,3964.281543239998,14.245296492379302,2.322734412080683,0.08099263384938249,34.94905897542834,0
126301,-62.611316,5501.164205137015,21.34108244250318,2.4057361666069523,0.015670313313603357,27.092826631516218,0
126397,-51.09067,4466.108424081571,17.323493277427303,2.5974618333305877,0.012903524190187476,30.39144318655133,0
126493,-57.082689,4956.05039818718,19.964852870228842,2.8888030932917887,0.025147192738950275,39.82365512326359,0
126589,-49.882472,4329.585657549327,17.154541795953158,3.1652788338257367,0.011609431728720754,27.8712098993361,2
126685,-55.314568,4809.240231122278,19.186322290649723,3.2736143384794802,0.010454904101788953,29.733837322145707,2
126781,-54.121794,4698.228240196292,19.052260344226166,2.8742440704899144,0.018275728262960977,43.15166330456733,0
126877,-46.550509,4060.017587400041,15.927688272238868,2.4008815446434726,0.01411158125847578,31.445295500457288,0
126973,-50.61508,4381.255711855174,18.0841167538455,2.919205414809917,0.0139736814424396,28.74712728485465,0
127069,-37.961533,3145.751371062107,16.001591072731056,1.8282628824046372,0.06481576114892962,43.71123939037322,0
127165,-43.175193,3727.8562640937657,15.962822446022466,2.7667899141690526,7.116533815854087e-05,28.89878039360046,0
127261,-29.080658,2474.2714883065264,10.898949057762657,2.120575135826937,0.014668560214340598,18.64425615817308,0
127357,-43.492428,3709.1359737430557,16.695123375055115,1.9158059252467277,0.04174728691577917,20.935179304927587,0
127453,-43.586966,3762.2778496868136,16.241750408503812,2.0820779944722103,0.017255412973463502,33.891698797345164,0
127549,-45.637162,3961.383571252555,16.269505667378834,2.346298057421564,0.013597048691620928,27.8394775749743,0
127645,-40.457402,3468.7062757085405,13.821310459902753,2.8213399160907997,0.03302736803889278,14.442111859172584,0
127741,-28.699224,2406.2298219063005,11.405790842422684,1.9429791062991617,0.029199784249067384,31.544022413045163,0
127837,-43.113557,3659.5131608996494,16.916180512441212,1.9689015286973583,0.0437340464442969,27.730066722929475,0
127933,-55.275851,4774.661972699172,20.447134882634685,3.352486658535442,0.003606402687728383,30.282537225931886,2
128029,-60.985228,5280.826451205059,21.125294421459454,3.1307224882918048,0.03913906738162043,32.91705402761698,2
128125,-58.232141,5070.142140264063,21.175286415581432,2.6742644457505618,0.007228494621813297,33.44617113366723,0
128221,-24.973826,2064.058767794401,9.918612530071632,1.992350668756233,0.037380950152874015,25.480694715976714,0
128317,-59.802069,5144.0338827133755,21.193594477169782,3.323589051394494,0.04494776595383887,19.262064428627497,5
128413,-33.192937,2844.4375282241026,12.16432705659436,1.7129088393967364,0.027606670558452673,29.3550961895287,0
128509,-59.153875,5120.012722543172,20.461666622293055,3.1759631773662287,0.03632413563563641,33.334403289258475,3
128605,-37.900289,3217.884436407242,14.443642197492846,1.8467345585158585,0.043310520611703374,44.331473203301435,0
128701,-68.458641,5916.5919011945,23.925518339854154,3.022344004107822,0.06040858756750822,48.481322912275786,2
128797,-33.676811,2831.053671684892,13.28166135565551,1.9683174327955812,0.03962989840656517,28.052361522763967,0
128893,-40.929813,3501.996050090052,16.59625388166306,1.6600732463895675,0.017796498164534602,24.25054610624909,0
128989,-50.62677,4398.735782322652,17.83765427490809,2.277776579559827,0.025133701972663403,14.548469273597004,0
129085,-63.725811,5561.187619754809,20.595042478721208,3.495380768807413,0.035817960404643856,39.04429130896926,4
129181,-51.303123,4471.1023966912,18.62622204681714,2.492862770804022,0.0004725174978376101,25.343749009221792,0
129277,-50.233884,4290.773467222881,18.288735462779066,3.0089486488777504,0.04239659905433657,39.88128416121006,1
129373,-45.622266,3922.5057777242064,15.702996706661466,2.322864179399148,0.050477557443082355,32.12455758288503,0
129469,-60.572439,5288.864482311846,20.276778951828263,3.3335406011368427,0.0178229806944728,24.677385454028844,1
129565,-51.622653,4415.212773640403,18.657563284500206,3.0851916207647436,0.042611959390342236,24.580831203013666,1
129661,-43.090981,3678.2381492918803,16.29318658199809,2.6820395848447696,0.023188533075153783,37.03692316010594,0
129757,-46.975199,4061.762683620356,17.726836930850837,2.3856832866971107,0.005683207325637318,35.48523893207312,0
129853,-46.016232,3978.930944903805,17.1323393001818,2.530193856311937,0.005009543150663376,35.08868134900927,0
129949,-48.257583,4161.8699512509365,17.28375815862616,2.4877362677811896,0.030577403120696567,37.93846659123898,0
130045,-37.691257,3232.9826928709213,14.379906664598131,2.484308774284259,0.003582321293651991,38.12943482801319,0
130141,-25.450284,2102.9637895200685,9.508348889410916,1.7459467950629761,0.05798417795449495,22.436578654199838,0
130237,-64.407568,5608.675742654854,19.92457602765373,3.5548156374958713,0.06143409106880432,24.16035750046373,5
130333,-49.072643,4235.221318243556,17.187484440890916,2.8841026064368624,0.027369566448032956,24.528592689633374,0
96,-83.796448,7199.043847768283,22.341415243438266,3.6731568762429916,0.24228815463812725,15.529462923109532,3
192,-58.131398,5023.31580986547,17.653375668983063,2.4147603747616855,0.109088176273202,17.393542653322225,0
288,-49.273893,3881.608707627909,16.086990814734023,2.506453368848101,0.3086084825918079,24.34296214148403,0
384,-68.48826,5931.549742143816,20.01218880024718,3.2516751727347963,0.12456236370888218,19.940923056006433,1
480,-38.428645,2916.5290703557957,15.331917683422825,2.5809678394916173,0.24209275919159784,23.19323775798084,0
576,-44.051639,3336.623742574596,15.889829533395243,1.6711328202423292,0.35,20.843186284303663,0
672,-55.073219,4402.085691488955,15.796376355685126,2.6586235872844957,0.35,19.83412461578846,0
768,-47.738026,3768.2625195482665,18.120911393638732,2.571002647888352,0.23938175010445872,19.48567407212924,0
864,-62.078771,5089.834442825802,19.789357024947844,2.647484545201784,0.2789750098789995,20.23446432650089,0
960,-61.545223,5376.720923898717,18.556763656242985,3.1001252534169885,0.06472896498284836,19.539889522492892,1
1056,-78.555364,6701.042607242965,21.845918850004455,2.6513142952747346,0.2620424443169638,17.07038185000419,0
1152,-65.09136,5685.286160889846,19.97758858524038,2.674586108629535,0.07835915781753611,17.889381593465806,0
1248,-50.386236,4327.571142057325,17.695983428023546,2.44208348098229,0.05499309121974205,18.47699081947269,0
1344,-56.878234,4526.403207627521,18.180211003427555,2.2753459233400193,0.35,19.439351507127277,0
1440,-57.042885,4910.43271744457,18.732767005343455,2.636923771239418,0.08426388808967245,18.254453603476282,0
1536,-45.476783,3596.9456707404356,15.832060033220833,2.257955756844402,0.2569684208321732,15.693013888597488,0
1632,-56.09406,4598.664139905462,18.000617591896052,2.5303868672512664,0.24633860049867273,23.03451532125473,0
1728,-45.932974,3967.859034597516,15.955351497700892,1.7052699358779364,0.052378007514696456,21.153634992241866,0
1824,-54.64864,4656.085503207512,19.447610954003963,2.2938169228479603,0.08906501312004889,21.054446029365067,0
1920,-45.569278,3897.570964944324,16.531183551746732,2.568200746368489,0.04046222121503773,15.901252642273896,0
2016,-68.966809,5977.546647242033,20.100264740539238,2.9633585892087564,0.13172799230210097,18.831263352736535,0
2112,-63.829602,5259.404353202054,19.553150229238007,2.59602342162638,0.2887469565887986,19.6816489559379,0
2208,-64.209288,5394.706449421317,19.63400306004215,2.8945849877201733,0.21427922472357752,31.38440509647131,0
2304,-41.647904,3090.094654457456,15.728274322657605,1.946187022535065,0.35,24.792824224084622,0
2400,-57.518983,4852.1146543404675,18.14793410285109,2.81242702823343,0.16189905081532502,27.077865401953456,0
2496,-57.266745,4827.4624290622,18.23757969540543,2.5847471321055604,0.16579651983552862,27.28257113799454,0
2592,-40.989835,3092.0982717405495,14.394611386414043,1.7916946860607958,0.33558606468141083,32.050028818547744,0
2688,-63.238322,5266.3119595825765,18.783447556391724,2.8945476039559175,0.25215662225688756,20.681615942269566,0
2784,-52.669352,4206.771869857636,17.36397007039453,2.3550203819333344,0.2966956147924066,19.61150182455778,0
2880,-47.548284,3925.661874106423,17.629047430184556,2.242370785200174,0.1404001894063855,26.563220232129105,0
2976,-49.326426,3848.7598468869764,15.883556993859607,2.0594010110624064,0.35,31.09790987476707,0
3072,-79.031124,6758.571223456808,22.38469172058047,2.4564656686291277,0.2498278884021075,23.38356513172388,0
3168,-61.32952,4989.186137754568,18.099794395149058,2.6719818214765576,0.3292618344881033,35.914905590564025,0
3264,-46.780103,3841.6220574377458,16.399589682223493,1.9419367876042584,0.1778153925840008,17.092825254797937,0
3360,-41.841465,3104.1887159282996,15.122916801198679,2.5317574275291594,0.35,34.988972834646695,0
3456,-96.879759,8406.701148268523,25.299669775908686,3.8482651049025773,0.245569340698421,26.230389287620792,6
3552,-43.384765,3369.5574700311035,15.467366033797722,1.8793691426727441,0.2864821983893451,22.223333312422042,0
3648,-68.964531,6009.14129229816,20.998609875941927,2.8695504160008074,0.09504765697607864,17.57483195066452,0
3744,-72.155787,5952.782635679814,21.317939387184595,2.456446246842319,0.35,21.93104425743222,0
3840,-53.632843,4389.784241322389,17.26344751125884,1.9536765625792374,0.25163303669542075,33.076851613670584,0
3936,-61.275293,5165.313892237935,19.593274699270797,2.801487032833122,0.1749050930926675,13.664300950765602,0
4032,-55.038612,4387.330470995141,16.36353337265264,2.5156179623390096,0.35,31.16955417931079,0
4128,-44.416349,3502.437826632452,16.183788046059217,2.156003866690681,0.24496217870006437,29.878442508280273,0
4224,-43.228788,3414.6744163746885,17.100087990226427,2.92368764532648,0.18550281351138104,19.26059118628502,0
4320,-90.212294,7653.550328204992,24.671099906731197,3.5805439954567917,0.32288290150463583,19.48030374288559,2
4416,-59.221054,5153.438265245449,18.145486367362665,2.9549628708892306,0.0707359883542123,18.292510614693164,0
4512,-59.181495,4782.800563745877,18.53970045272471,2.5781119986187058,0.3173556352720449,31.11218057945371,0
4608,-52.655012,4201.4204570256,18.03578166397033,2.3355185603883246,0.2863910647599321,23.000690394490956,0
4704,-39.625214,2904.648503529755,15.366714814854019,1.796785694358229,0.35,26.714778419136998,0
4800,-68.423113,5776.30544932293,19.582121791449822,2.910902492296908,0.2414040500004041,18.787562786191703,0
4896,-57.262056,4659.56038969261,17.27359313824537,1.9037076502497066,0.3148593911705049,28.48986822620034,0
4992,-57.092806,4599.434727841706,17.095245225957726,2.4082151653345485,0.3337732457898949,28.550671049356467,0
5088,-34.881109,2650.3758299650794,14.271159446601505,2.03336275949034,0.21884385194433364,39.32495537132024,0
5184,-60.68291,4960.801894044561,18.9262870552799,2.815524235930691,0.28471967186778785,33.78813747525216,0
5280,-75.632154,6284.949350795313,21.13147831684797,2.983042383916727,0.35,36.8248944182694,0
5376,-86.327888,7411.418625785869,24.293381031427256,3.108590289585738,0.2454834096133709,24.941016116142272,5
5472,-50.808904,4106.912940988077,16.414759352605767,2.1423029056435228,0.2638950199771085,35.607222082912934,0
5568,-80.19229,6800.57103893005,22.243691842018567,3.224609448206568,0.28157522268593316,29.363480702042583,1
5664,-42.072144,3142.4394995167218,16.171636404938525,1.8737556413847023,0.3364503581468996,28.899439366906883,0
5760,-28.12366,2037.5051108079176,14.954889792077676,3.01663232317967,0.13703261935397232,18.04542591869831,1
5856,-58.437596,4835.3880965104445,17.955739834318607,2.115753599377464,0.2567127754421611,25.53611041650176,0
5952,-50.639222,4008.76146283784,17.51064660437042,2.219072151326958,0.2940523058176041,23.101428015232102,0
6048,-45.575524,3778.1596509520728,16.628623616941027,2.7603373233882254,0.11341368625626758,27.236890609115363,0
6144,-61.810158,5041.918869244606,19.484896271398974,2.8419367137611014,0.2939150789654568,27.486762187033897,0
6240,-62.732713,5076.3495781048605,18.280933186540164,3.0873433270072077,0.35,36.21414084911346,1
6336,-75.314257,6458.468550735821,21.416187857402313,2.67194021982007,0.21572929528590878,27.815868052542214,0
6432,-69.878381,5716.0855511881255,21.269386885561914,2.7167739103987625,0.35,31.99895743086935,0
6528,-64.75798,5379.117898109789,18.24314466737445,2.493662603652245,0.2997594928663028,34.02103058159351,0
6624,-43.677348,3475.4844540425966,15.759505205358751,1.687593872323334,0.23464093988663276,29.25363478630782,0
6720,-77.097684,6443.133168412574,20.94627970320405,2.990879032453292,0.34574115052819254,26.31481671065092,0
6816,-48.542892,3969.998714783891,17.432250789358367,2.094297599844649,0.1850340710952878,37.38231031313539,0
6912,-54.387423,4539.116974326811,17.28013886090365,2.45107212690681,0.18878550212830308,26.147073763161895,0
7008,-75.513726,6408.939518999895,22.257672577721483,2.769569245203749,0.2426134074989118,32.02358545795083,0
7104,-44.277539,3578.3746362229995,16.41269062076622,1.5844325212817933,0.19574746550305894,36.84553333044053,0
7200,-33.607091,2759.8553536575246,13.114151034191158,2.363772546912588,0.07525218272287604,18.94739394411445,0
7296,-50.505597,4125.891532006061,18.508157444742537,2.2111924812619987,0.18731719218194487,34.11562035530805,0
7392,-55.028129,4378.6106364342495,17.355067191067267,1.9637572633887135,0.35,29.153891219347717,0
7488,-76.593451,6524.093502447896,21.972948014580982,2.973384757899166,0.23808518024651626,47.81555946215987,0
7584,-67.820432,5673.993152984488,21.221395638195116,2.7268483852947516,0.24155619220906183,33.15858990862966,0
7680,-64.944113,5555.071329717927,19.13685544331711,2.637205457882839,0.17316407855404053,36.707426299005746,0
7776,-57.359748,4671.925053714301,18.11524839657337,2.6548304190714864,0.2762660567599692,41.84539675429463,0
7872,-60.907064,4911.09848824774,18.9004895033115,2.8554360955707594,0.3322505328804255,30.51435448050499,0
7968,-54.128482,4674.839131907476,17.232907883560944,2.3221570794346658,0.08542368653181354,26.76013529688121,0
8064,-66.309416,5497.2682917377315,19.65688727329871,2.432546337070369,0.29777655713260176,28.51142660081388,0
8160,-67.443029,5740.444333101599,21.042157529609934,2.403099303213451,0.1843132458627224,34.32802418127657,0
8256,-41.285755,3356.1520734244286,16.290053000180883,2.125660831264602,0.13246360826060954,30.299758670330046,0
8352,-73.443278,6404.047171891847,22.57659485688696,3.0033709867291645,0.09523193555835047,34.31650943383574,1
8448,-71.976889,6137.9175693937705,20.919186683271384,2.763585785689899,0.21443483304036293,32.646167931705726,0
8544,-46.51807,3608.707475275759,15.990025120136904,2.196867414680659,0.3170160637874352,24.298018194586042,0
8640,-62.401741,5309.323543868836,19.544744547384905,2.3024754450058476,0.16827278137207036,28.069723764956,0
8736,-57.798899,4880.801806050886,20.728880563911876,2.4540960374565364,0.11937188041445457,19.723634342253213,0
8832,-40.232707,3338.7454163731136,14.353573001006483,1.8078443584322148,0.1210695156729536,21.30974343597889,0
8928,-50.030525,4179.543504678715,16.9636432749113,2.3809044804009947,0.14624232109636065,31.516670304089786,0
9024,-44.997474,3625.1790834080125,14.482688434163126,2.204716509944814,0.2345993113556975,30.195298574417826,0
9120,-72.667592,6238.113351498573,22.49740653646879,2.6742599791408184,0.16450215859436684,42.368587187826634,0
9216,-72.451406,6142.436935304668,21.63998789499611,2.8825259036831183,0.22546867844893742,39.35456227242947,0
9312,-77.978619,6711.615519275719,23.826411027022115,3.2432819785084432,0.1611485136672855,34.91875557199121,2
9408,-24.485299,1773.5394047496948,13.25856343501917,2.45168637724299,0.11944407820701597,33.40649344176054,0
9504,-45.650946,3641.8451439296787,15.353920181558108,2.6691645267253477,0.23724352195858955,30.007534701824195,0
9600,-74.413133,6332.676494322922,21.17315834642251,3.3654574956987284,0.22588249025376222,37.91396173417568,2
9696,-62.634562,5293.765840168319,20.364387118119716,2.306150392641518,0.17767512905166338,37.97309486061334,0
9792,-57.545823,4988.322078583652,20.030430735925513,2.2851601403066737,0.049293943700429665,28.26807899713516,0
9888,-40.257752,3333.610907861889,15.076055585135435,1.989545429282348,0.10686717242198568,32.5691337953508,0
9984,-38.193146,3260.1421368033893,15.024919260072316,1.7085919794947977,0.026720827200303,35.21609360158444,0
10080,-45.885385,3923.722836048466,15.364843914534099,2.0726933837458636,0.0806417195028381,36.25022190079093,0
10176,-39.584827,3133.325248581427,15.361172959369785,2.1704435128785584,0.18500302676111458,32.38056095525623,0
10272,-64.050931,5441.464896173991,20.133104414911017,2.420788471282804,0.17520237080752854,31.975286482423538,0
10368,-57.498322,4788.784896661033,19.045569613030107,2.320493033098011,0.19790702597483206,31.88934091955424,0
10464,-50.923766,4172.0928437004495,18.11453353323022,2.8072340069020894,0.17637226656079297,34.78833650112151,0
10560,-52.872508,4515.112900630186,17.520262463918616,2.507870932781893,0.09747678054202541,34.48406546220183,0
10656,-67.33448,5807.367685881891,21.284649493791985,2.877964468339855,0.11494814527073977,33.56877495273949,0
10752,-63.347897,5397.6701389358395,19.488580980161785,2.5263230777847547,0.16760611385107038,40.86203213363886,0
10848,-38.138058,3158.68522773758,14.589370678571697,1.4145697057884679,0.10723780065186717,38.0150483930111,0
10944,-53.715709,4558.58331952464,19.006286709670196,2.082917149874387,0.1063215011044551,34.17270466461778,0
11040,-59.258269,5024.516914068643,18.72645256278042,2.9047320373675114,0.14888473251148282,37.593654801696545,0
11136,-43.792136,3668.72032294513,16.164823984384896,2.1802312201508274,0.09222618825733664,30.45776181265712,0
11232,-86.897107,7707.251046961084,24.708852219597176,3.6745973568516117,0.06280679301799919,38.60849531412124,7
11328,-69.63033,6099.122261016643,22.184727931185815,3.3049371011567072,0.044114279580351634,29.226419167071573,3
11424,-39.572612,3303.7157338737907,14.575833647223728,2.452741189881828,0.07877386103531248,37.82513632535933,0
11520,-75.029173,6548.3685478644275,22.43460004188543,3.1962273721824106,0.1024411367252469,30.054903364777566,3
11616,-61.475372,5222.487018799648,20.11873204900388,2.901045247994375,0.13696428607953226,31.25697550103068,0
11712,-60.199398,5276.81747971698,20.966824121094994,2.621507491097152,0.0061715350045186135,41.244916601777085,0
11808,-40.621713,3430.10354419025,16.244983019528174,2.0977244675017,0.040539537742733944,42.21722300589085,0
11904,-49.573801,4063.765158328229,18.293387477508038,2.7406301103175066,0.15679206494241954,38.679392302632344,0
12000,-26.955399,2116.68027160329,13.035820497453335,2.438872687073987,0.0601534210929745,34.71542591974139,0
12096,-64.026116,5446.301881927857,21.098028329677163,2.6932584019655286,0.1437589937821031,40.44484009623529,0
12192,-43.13573,3584.3151299985284,15.475410554511285,1.8615800325914362,0.12702155159296175,29.742783740013838,0
12288,-38.555298,3251.3078816657426,16.014489668066716,2.1205424396510217,0.025976994604264503,43.88766339957714,0
12384,-54.574721,4525.442234049831,19.111788357932497,2.887447611104841,0.16211890038102866,42.79485490396619,0
12480,-44.793874,3798.8955074315318,16.16278139410737,2.1056846623067065,0.0742540379986168,39.81792302563787,0
12576,-63.027632,5471.729764649659,20.416724615593225,2.928961581800105,0.06758214211777647,44.16373672947288,0
12672,-41.610904,3453.2720609323537,14.46546858337395,1.8539142908110606,0.1331318372860551,28.620805391520253,0
12768,-72.704087,6424.887782188895,23.892039726253724,3.167911439506195,0.001362191081831221,29.824800818413493,2
12864,-40.955944,3501.5612816622074,14.457437566864614,2.4483976901826034,0.041582700982689846,24.16899476632476,0
12960,-46.364876,3857.9948957132583,17.948702380953506,2.2772924132587278,0.09929327906942681,33.28682293072343,0
13056,-42.588174,3633.6419763020917,14.936443157649322,2.6742760194974147,0.04674073196947581,22.781404504626988,0
13152,-44.51949,3790.404963683196,15.709264767571106,1.8500371127478203,0.07750975154340267,35.68966942995788,0
13248,-56.390286,4943.947378827516,19.196525805622127,2.5542146942098185,0.011344573323271767,30.845045779198408,0
13344,-36.735856,3140.6311691013348,13.68805369549831,1.7819581334165344,0.03402301519128842,21.89635674849153,0
13440,-55.015265,4673.664133638268,18.637875508305978,3.0532855118073456,0.09772981280755061,33.991505147516726,1
13536,-34.435235,2916.099476908634,12.72824265393496,1.729660659659296,0.05092689619448626,25.83601490348576,0
13632,-67.540301,5878.809115084076,23.230062049206424,3.5386646202741314,0.024515016563236736,29.413365444540986,4
13728,-64.282388,5652.568294416421,22.144513462401207,2.274538895208676,0.01356903798878184,27.150704121440658,0
13824,-30.876055,2588.7340229905476,12.304207491992008,1.9866666226550533,0.033519036401259195,22.357759615033864,0
13920,-46.910373,4055.9667602575178,17.32245697555893,2.3049448404752946,0.015466032990891776,27.314537261724478,0
14016,-32.053084,2707.1739887628128,12.804666445855801,1.6486178376619745,0.032033118419349194,26.557013718038796,0
14112,-80.636813,7117.3031615109685,25.98000990361656,3.270770443596592,0.024098002940024177,27.813221024572858,3
14208,-85.881534,7537.7469769063455,26.779328605035246,3.404467333750941,0.07389856148511176,34.51661647871137,3
14304,-54.167024,4687.282151685384,19.258780362198433,2.824154696052542,0.025793762328593428,30.199874651134014,0
14400,-79.717942,6954.702130005912,25.69805616303761,3.892260935324235,0.06030661575496188,26.923858003020293,6
14496,-23.98944,1964.335322708081,10.587647007707043,1.5014162772400803,0.0379484152421356,21.25010986402631,0
14592,-61.927718,5391.138477682833,20.94067241153348,3.662570760164825,0.01794018947372311,17.408932405412198,6
14688,-31.429018,2641.3852934000465,12.11639316012408,2.060184134555384,0.03707825017994959,16.614881549328565,0
14784,-69.124067,5983.943228024451,23.27854582176692,3.6906855465853043,0.05498643908649692,24.415324462205177,4
14880,-53.17518,4620.894847357534,19.092211723248806,2.8780081101506605,0.0058243358409718615,38.220599818974726,0
14976,-49.497753,4213.030127849103,17.66245168019974,2.254809861018149,0.07778616509351288,28.502763241082434,0
15072,-33.176324,2812.719675151901,13.185535306562667,1.6412071482381387,0.02913228441029786,18.493192109167573,0
15168,-34.018858,2900.5668631441254,13.172070099761255,1.49640128273608,0.03086717487557933,19.06803609222174,0
15264,-56.410354,4841.467867538493,18.710676708825908,2.73722153366053,0.08583892775013258,30.519400826841593,0
15360,-50.491943,4336.2153084084375,17.926196364717274,2.8745210498719986,0.04014150518923987,24.38238286703825,0
15456,-39.163825,3329.372303189414,14.87088554226197,1.8294096666373647,0.04513814952224493,22.345824957638982,0
15552,-55.073116,4654.172760432921,19.11705209131003,2.919271151778394,0.10857092794030898,26.128615136742592,0
15648,-55.633469,4763.311170021254,18.98838584731581,2.960657886979126,0.07463856940402791,22.835863616615537,0
15744,-29.114782,2481.0906463282527,11.680381093660916,1.8481957482200115,0.004032192536090551,17.141020896434785,0
15840,-48.831084,4160.578280720629,15.11629683629014,2.3257859616794665,0.1173398246988655,25.854957164376984,0
15936,-36.936644,3069.813983420418,15.389365458831369,1.9532921334191453,0.05602515237896055,25.861008055061102,0
16032,-48.67074,4171.122728013048,15.328862104312442,2.1180860537253356,0.10090800411999223,20.893673485368492,0
16128,-52.845605,4609.650374785236,18.018054008917396,2.3922048340038726,0.02578684147447341,22.902335775494574,0
16224,-41.368924,3563.366582437802,13.849692673905718,1.8465341503075645,0.05611578934874972,17.23323947325349,0
16320,-49.592048,4338.083324921414,17.95429607189465,1.9175021418954388,0.0038616459816693816,22.83777466505766,0
16416,-65.938409,5780.968876339144,20.694713249866318,2.891841716372931,0.05090464875102052,23.707866770327097,0
16512,-69.584713,6086.187249495361,22.34328326871099,4.1305536492887285,0.02450891190061444,23.471799143999814,10
16608,-45.761488,3816.5402774513354,15.862968633476642,2.01973459996144,0.13528671637177458,28.07429208859801,0
16704,-29.671073,2487.7973463761023,10.158413996093795,1.7668591119136186,0.06925546447501374,30.54850849807262,0
16800,-51.788405,4415.154691861886,17.36680569170955,2.51685023228404,0.09467173814773555,36.797653115391725,0
16896,-68.047558,5964.878577266257,22.5407081540014,3.3497531801223817,0.019777245682321087,36.74426641047001,4
16992,-47.389373,4085.369210197866,16.66345937234161,2.4139895431048286,0.03806979674845934,24.45795162454247,0
17088,-48.104316,4095.6035440998016,17.062337085492217,1.9088410922823655,0.08440289739519358,34.52936914518475,0
17184,-67.417193,5937.864488803249,21.289447997005208,3.4743637349416656,0.017464522066477084,29.67872901171446,4
17280,-59.431872,5241.294375807265,19.476927778465516,2.4787953941527157,0.01228881496936085,40.64812348082663,0
17376,-49.885867,4335.513321100431,17.978804011712313,2.2020318239817565,0.01708533614873886,34.45846184208989,0
17472,-66.454189,5848.208462033742,22.360370531961124,2.9257459170787463,0.006246337686714343,43.05981059864164,0
17568,-63.593709,5576.465583688971,21.802863178170053,2.876886383507569,0.009162647826106873,39.16496206656098,0
17664,-49.813691,4352.816378523053,17.24914484493289,2.359473912324719,0.011132926680147703,33.74764949426055,0
17760,-69.563416,6117.895206905256,22.894118726412508,2.831736282453243,0.02556888987555317,46.456763735264545,0
17856,-50.243258,4355.0125533277405,17.272076899561227,2.855235491864232,0.02462769038975232,33.172489601224655,0
17952,-52.991256,4553.561840129811,19.25620250922665,2.1983591899297017,0.05329557564109555,24.09799178853631,0
18048,-47.758343,4070.069172604018,17.082287738181492,2.0128561021578983,0.07518814839422705,32.316171840876336,0
18144,-72.114748,6336.477501922007,22.74996439413683,3.6826310937209175,0.03012876603752368,31.013666060268875,8
18240,-33.030016,2826.5631930688746,11.458747224766345,1.9603374788190775,0.03617496802226494,16.136100661456585,0
18336,-15.298472,1188.5844390957438,7.702954368477386,1.4877028154410017,0.033777330070734024,33.767613747715956,0
18432,-60.451995,5301.335668883399,20.62026862913943,2.9004749834214922,0.006157835249445909,34.77244303509593,0
18528,-14.40509,1160.7100923653995,6.7920177736655605,1.4060358218526534,0.01319793406873948,22.872624731361867,0
18624,-25.8559,2156.6421501564982,9.601063603368754,1.4759076350931066,0.05458641406148679,13.197272427380085,0
18720,-36.491119,3157.763241711898,13.300736817653098,2.01997553295792,0.007685011252760887,30.140792544186116,0
18816,-71.818766,6268.068463452977,23.76326341485305,3.34685877679315,0.044690579793562946,32.567084268182505,3
18912,-38.386822,3242.8073481327697,13.68921421804284,1.5767075928081276,0.08142008967697612,16.41887856602669,0
19008,-47.703788,3997.0047584906674,17.2158564659383,1.776051289026252,0.12390420436859129,24.952337605357172,0
19104,-31.443134,2682.1688085534033,12.638928275767308,1.4025058895016191,0.017917642556130875,17.398633165061476,0
19200,-41.686752,3633.605608828901,14.873351159174698,2.1547852324418124,0.0017851119861005404,24.154331006854772,0
19296,-37.112629,3183.4478309373276,12.853340494970462,2.701277398602457,0.02277586497366435,19.67050933137536,0
19392,-59.393793,5196.888420661351,19.65772084544851,2.6061207893794935,0.03234295113698438,33.52963231176139,0
19488,-68.849469,6017.6071831126455,22.241489259497023,3.018951684544048,0.05289132874459035,40.30757633820176,2
19584,-34.45353,2977.489643849877,12.357159734196301,1.9112420082763708,0.013799283467233137,30.273729130625725,0
19680,-48.2504,4186.374831508963,16.89657150703942,2.560834221313302,0.019556443206965812,31.004203343540432,0
19776,-53.747195,4648.885646496372,17.978917005881705,1.556421268180313,0.08280633669346571,23.417136787772183,0
19872,-34.09365,2938.88068788544,12.734696825296053,2.1075752255689286,0.002760294079780512,22.177401043623693,0
19968,-51.60349,4522.96242824309,18.419395284650506,1.907063688599089,0.0056814767420292345,30.51499727755785,0
20064,-52.147649,4572.483016924274,18.192988719979187,1.6725428374561688,0.01972697824239733,25.862488394975664,0
20160,-58.193532,5006.889897177933,18.928801951863335,2.443096820146479,0.09791692660043111,34.15169805660844,0
20256,-62.270242,5396.11746824309,21.63002005814135,3.0373564332203578,0.04034122303128229,30.16191926062107,1
20352,-47.761009,4065.6964257222203,16.689901307709057,2.097569355019064,0.08386978041380644,16.186588366776704,0
20448,-45.78217,3991.0187276789957,15.960644635529997,2.36871778339513,0.009086805209517435,34.39797715961934,0
20544,-36.218513,3097.346284307176,13.03273879393307,2.116802477356643,0.03256717249751084,12.21962049618363,0
20640,-41.42,3611.881167945609,13.63263212476656,2.4937350968986016,0.014260333590209506,17.688347414582967,0
20736,-38.618163,3280.901657463446,13.591949685579946,1.8164100521249469,0.06699986550956971,13.51999993696809,0
20832,-40.312859,3455.2200250651586,14.423127200030146,1.3823097109182603,0.05871980506926777,13.58013837873936,0
20928,-67.32896,5933.870864995064,23.254578542084168,2.456605270519169,0.0020823707804085156,28.99492140546441,0
21024,-50.433812,4435.927319607,16.80464022208746,2.4218592905664487,0.004293516837060363,27.387235920876268,0
21120,-69.262304,6141.733033158419,21.839367418497087,3.173098925792232,0.0015948964282870293,22.121008829176425,3
21216,-32.707409,2764.7798894752523,12.914067674763432,1.0343622322928792,0.05144299372638528,19.74577910423279,0
21312,-53.727659,4603.31635337443,17.70947069477764,2.64764831963893,0.08817297033965593,25.716688083708284,0
21408,-45.472461,4023.4292692410713,14.30695744662718,2.364163128440696,2.7713052144218153e-05,23.771724891364574,0
21504,-50.440293,4381.068396658804,18.97631240476987,1.9141555675655662,0.011403559520840656,30.505810103565455,0
21600,-30.319599,2612.4205170233063,10.646013966524436,1.9469154607135604,0.014854907616972834,11.732569142431018,0
21696,-41.076437,3513.422650741691,12.803922285244902,2.482845036799504,0.07385969366878276,11.384318619817495,0
21792,-29.903317,2570.9014140999634,11.013180796715224,1.6153845720761892,0.016279680468141988,13.88459112390876,0
21888,-40.227545,3458.313438012257,15.193532822520773,2.2038376231461823,0.013654413025238066,15.04364879742265,0
21984,-41.780282,3665.978026765527,12.739532224768022,2.502089088063075,0.019853744469583046,22.3462132884562,0
22080,-43.31486,3726.1133175463096,16.724611624670008,2.4578572863872656,0.003546698352223876,18.948158850371833,0
22176,-67.834161,5943.445358549109,21.6462139811064,2.6987730204820695,0.055088913254439875,32.98354633048177,0
22272,-22.904605,1867.6288048295924,10.044221108826884,1.5924536930917355,0.03853793255004445,19.7537557592988,0
22368,-58.572767,5136.770997818435,20.371196673547942,2.03756132931799,0.018578252941369944,31.858769076317547,0
22464,-43.409546,3814.039645220778,14.29925021068185,2.4427986817278198,0.0001503581181168112,28.217678717672833,0
22560,-69.224421,6087.778351976506,22.214207397819255,2.8425129429724323,0.03635798934847112,31.08389307871461,0
22656,-29.625887,2524.5627929218213,9.81040704474184,2.1495916228372405,0.03848667879049722,15.927830878943206,0
22752,-46.82827,4090.724523581022,15.99608204643735,2.458718093014353,0.009247498214244754,29.705268952101466,0
22848,-24.118349,1985.631236473882,9.168517143553716,2.0147388850247805,0.04703907212732661,15.08934720128775,0
22944,-57.324153,5063.718762965813,18.22190894230714,2.9029631157092823,0.0039471771568060365,23.53982439830899,0
23040,-56.775888,5001.211483465237,18.477684244994514,2.6073662406598834,0.01183475963771341,21.27657523423433,0
23136,-67.973113,5919.682155763883,24.33713078159346,2.94804992400711,0.019728800840675742,27.303007374703885,0
23232,-30.574306,2559.6127843826375,11.039732446215503,2.3655202301244835,0.04800336081534623,27.974025047868494,0
23328,-51.500115,4510.4021173719675,17.414940657469433,2.583766111854507,0.009207025915384248,10.488271898627282,0
23424,-36.67919,3124.225923401858,14.230831177084205,2.113686746492703,0.021480429358780417,23.495830518454316,0
23520,-60.465212,5239.12359319073,20.420343024791983,2.618093320566399,0.060042398854305956,37.28981335267425,0
23616,-42.375378,3650.725206734228,15.832462650307612,2.1567751093633087,0.01704511698335409,13.469899286180734,0
23712,-43.54491,3720.531920093482,15.007041800409516,2.5827049759305725,0.05362639315426343,28.369467117339376,0
23808,-51.214652,4367.536302111278,17.708323749409978,2.73766286293469,0.07544842221234971,21.475642837136988,0
23904,-37.782204,3176.2487268845252,12.248886345271087,2.4291141899746784,0.0915603717789053,20.049892328232527,0
24000,-97.761632,8563.206794930124,29.45655276025785,3.3153561808605643,0.13109704423695812,34.25754320472479,4
24096,-70.911461,6187.949277048709,23.255606898074383,2.7807674494666594,0.06286530662328016,29.905764766037464,0
24192,-70.383133,6140.367120476591,21.81622784643317,2.908103112998258,0.08475679997354735,35.98509033724665,0
24288,-47.141342,3994.7804822142684,16.593899535203906,1.550434864917015,0.10634623393416387,20.285833733826877,0
24384,-46.534483,3948.161371974507,16.317923341780816,2.267414627353664,0.08336845555979955,22.12534394592047,0
24480,-48.494807,4198.647906384989,16.269294850009416,2.6357797200173314,0.03821519576013077,26.163173240721225,0
24576,-44.472906,3842.075776988342,16.035777970638488,2.00940661047904,0.029176784257747557,10.265523644834756,0
24672,-27.068477,2253.334614173889,10.453810727760427,1.611536295208136,0.05029152357264566,26.28024627640843,0
24768,-63.08283,5527.842910115741,21.16676353752891,2.000547832889641,0.043610207697278525,32.031737251579756,0
24864,-44.152766,3727.8827727268117,16.854077639949704,2.8032930428321965,0.04642654778926003,20.161752607226372,0
24960,-36.681292,3098.9421223264994,13.170983413582018,2.381683701866137,0.05252678679596434,17.166253592967983,0
25056,-40.458585,3453.8831049123532,13.922042530613371,2.6000756784274044,0.046874071843922116,28.042030414491894,0
25152,-65.667596,5749.567387510879,21.480276299942993,2.760614805467313,0.04157287347081462,33.43457693397998,0
25248,-33.320231,2831.342706238433,11.852280008022843,1.6275154487238497,0.053340930334831616,20.738934942930936,0
25344,-30.952937,2668.2891445380474,11.204947453171014,1.494451153345265,0.020718707948138848,22.15519483372569,0
25440,-45.31273,3864.89428397979,14.786570943850585,2.6668773758887903,0.07740435190498834,18.475909363776445,0
25536,-39.048407,3302.8028818781113,13.012853927278924,2.777734423391311,0.06702854409813885,19.965496129691605,0
25632,-50.440436,4388.340959606505,17.00604482736241,2.437625961866383,0.03201082818406198,20.403824920654298,0
25728,-35.982018,2975.4022115569974,14.017270622479678,2.3068476610939292,0.07333835660430954,11.74531458258629,0
25824,-24.947345,2000.9222130568085,9.251225255042073,1.9381968994097343,0.09249841365963218,23.592371621578934,0
25920,-36.024426,2972.610668784,13.603082056895246,2.489344055935412,0.08144381362944847,24.51145438894629,0
26016,-67.916117,5938.311327716747,21.441089887149673,2.7980112671251804,0.0654314534052422,30.789899636805057,0
26112,-48.325173,4120.767972101537,18.394974845846257,2.027938509853689,0.05252172068545691,26.663444914966824,0
26208,-68.063544,5993.409200523267,22.61296332852174,2.883494552008284,0.012810992822051004,30.829081498831513,0
26304,-37.892098,3190.0518166034403,13.717594899988343,2.15690864928234,0.06756918029369496,27.607415952533483,0
26400,-45.816017,4026.9261146293748,14.418314773676636,2.920433586002334,0.003539188823809769,20.17356680080295,0
26496,-35.393772,2970.8944382428103,12.767544606209757,2.290679968289696,0.06255284082144502,14.446071811467409,0
26592,-51.774196,4493.143110038267,16.98065845070122,2.861626801001346,0.04026108719408511,26.92301328331232,0
26688,-49.437361,4263.427925988746,16.02140628908085,2.410475685529816,0.0688313379883766,25.467491550892593,0
26784,-87.578243,7790.147137314961,26.960347092889116,2.920507221465208,0.028030951879918553,37.63611802667379,0
26880,-47.22075,4070.0109113698572,16.29375350340071,1.7996322682656647,0.06084415838122359,27.014858776926992,0
26976,-62.942823,5544.08741394347,20.214909500194924,2.76941611440881,0.02198064234107744,28.44855469852686,0
27072,-52.088936,4490.29669899387,16.84419635833376,2.5195958195742643,0.07499143704771999,27.283537220805883,0
27168,-58.23918,5071.70976426639,18.277538125993036,2.8902855844947735,0.058847082367068815,34.08120569363237,0
27264,-48.946309,4249.277684638653,15.462806181021108,3.006588698223384,0.0408036269247532,22.729758335798977,1
27360,-55.814945,4835.051880378098,18.127714231513423,2.6858926480971026,0.0634502952918411,30.15838832378387,0
27456,-55.386919,4843.053013998529,17.590342616076263,2.9444685850935293,0.03343326244503264,23.58149869814515,0
27552,-46.631494,3954.455874631018,17.63168507973862,2.327476784330479,0.05776258606071538,29.713319863677025,0
27648,-52.82212,4624.080470625076,15.855001935624383,2.8774045479811146,0.044923544861376286,29.62829468041659,0
27744,-39.15084,3425.3013989636625,13.002615996254884,1.8460706939032792,0.017240863685545227,20.289792096018793,0
27840,-44.425093,3850.697480148707,14.973406027075013,2.9270287934820276,0.017018995434045836,23.57779071226716,0
27936,-31.029862,2554.203959800996,11.299013310191512,2.2045031183236716,0.08108783364295957,20.405623335838314,0
28032,-42.847808,3688.7783573161637,14.577188705084279,1.9207467390287616,0.05457129012793305,26.03528040349483,0
28128,-39.931582,3464.098521622791,13.91636890650815,2.2110601413227178,0.015417453872137887,28.609987004250293,0
28224,-45.984076,3887.359034429931,16.436626948785666,2.6737062164945558,0.07400099113583569,23.58658907741308,0
28320,-43.1329,3696.75303773531,12.988235708795802,2.982628499437062,0.07172314673662189,26.74613702520728,0
28416,-28.450644,2354.065608229488,10.784589372478884,1.9858020692985054,0.058686041086912166,30.417297330498695,0
28512,-43.538804,3781.2487797012013,14.275724504821447,1.9064075575377109,0.04540238212794068,20.675876732915643,0
28608,-55.689016,4873.399167270198,18.046292759023586,2.7294372071052586,0.029957461357116744,24.576659527421,0
28704,-60.743699,5301.41146147901,19.2877677633829,2.817105672324989,0.05442743934690952,26.244037102758888,0
28800,-58.743433,5044.345354252165,20.628525767131517,2.657285161587093,0.06990050598978997,38.3768771481514,0
28896,-26.667507,2157.699068336704,10.312608948109814,1.868078077566668,0.0833001777529716,26.319771293699745,0
28992,-59.914161,5164.937947121514,19.570786119365085,2.8916221538372957,0.08245981130748992,28.143614161312584,0
29088,-36.025129,2985.435984591961,15.271216092100008,1.9369864927507994,0.05430734428135969,34.72075768187642,0
29184,-59.398518,5194.390786974334,18.564137976099044,3.11835776977403,0.04253501389175651,25.06884825780988,1
29280,-39.39809,3422.088236554086,13.281596453670867,1.8815883517204555,0.02933958992362018,19.007436397224666,0
29376,-65.06782,5682.310972911632,22.04679395536046,3.284018162698877,0.02113767414304768,27.67851013958454,6
29472,-33.761364,2798.1237831424924,12.369696817565826,1.884073813353595,0.08770586848258977,29.081584217548375,0
29568,-38.505875,3353.6847887781555,13.278242970130323,1.6925704459958881,0.020568383485078834,27.14918087884784,0
29664,-50.065782,4361.765665976617,15.734745663223054,2.087772794068837,0.059506185539066836,21.612311355620626,0
29760,-64.831463,5655.389097354415,21.14010723342149,3.2142173755745995,0.043323533609509524,32.25085409730673,2
29856,-52.772642,4566.331125183248,16.719429849739186,2.843352847407928,0.06374404504895215,32.29889862477779,0
29952,-50.616469,4398.718052274275,16.89094115138839,2.3910365581131248,0.04037277256383709,24.37475207731128,0
30048,-45.358879,3861.679807669557,17.925599892692837,2.1105233476425562,0.03467944189906119,35.00744164183736,0
30144,-61.348782,5363.168449112386,19.41244348721872,2.786726463912551,0.05191158838570126,23.22930459111929,0
30240,-52.193887,4514.144421644855,17.212562604896267,2.556328670312334,0.0577428074945745,19.42533175289631,0
30336,-44.173659,3718.2918588083285,14.553157025170801,2.809101860744777,0.10007682330906392,21.5456560587883,0
30432,-49.267935,4284.1046865036415,15.616674892298898,2.7112196381318023,0.043826507031917594,30.135660779476165,0
30528,-47.4087,4088.1771281298265,16.08316999203807,2.896443159990054,0.03622667565941812,33.85394420877099,0
30624,-48.249301,4170.411712771079,16.6738745692233,2.7012072538116536,0.030835904181003626,22.87453676879406,0
30720,-38.099677,3232.4213250623607,13.328715966673295,2.7048242936648283,0.04632796477526435,24.727237498909236,0
30816,-27.11467,2243.661504520622,10.364215185774187,1.6957193010927034,0.059366822242736816,23.102469299286604,0
30912,-64.86837,5589.474637522625,21.410916345957293,3.245899354842063,0.08346595279872421,33.616126407831906,1
31008,-49.779621,4257.977638741135,16.492584917143585,2.7494834181281465,0.07681837417185311,37.33828317224979,0
31104,-47.749749,4055.9832894724286,16.900757243053636,2.6051503590681864,0.07184193767607211,28.54859746456146,0
31200,-57.009553,4934.125537424952,19.294402722764524,2.538003886722702,0.05765167940408,27.886498090773816,0
31296,-69.716245,6097.865189313227,21.07571504371566,3.3921514308008685,0.07053450830280789,22.09665322646499,15
31392,-82.028753,7197.978214664794,24.758827514428592,3.676399914452921,0.07671752963215117,23.24192342624068,18
31488,-79.989182,7034.074147420835,24.323571778700416,3.941867036210944,0.0516415005549789,17.219848974943158,15
31584,-65.034914,5593.819589557823,22.33329811479713,3.450895684609213,0.06775800809264187,29.18408519849181,6
31680,-34.323987,2880.7057382028606,12.949081754619613,1.6391804773892777,0.06510220635682346,20.691165430992847,0
31776,-41.044505,3517.7321794193663,12.534269855110336,2.7848160315224084,0.06619840189814569,27.583439701348546,0
31872,-54.044912,4684.476139126578,17.963915650589914,2.180378746602637,0.06258828416466716,27.510099056661133,0
31968,-56.539829,4867.366663904323,19.15288333088018,2.8835120971698927,0.06445947680622349,39.06857714518905,0
32064,-26.878498,2172.335914790934,11.098862712025515,2.0149825199256286,0.06796578783541923,33.73873910978437,0
32160,-67.309346,5845.235758143542,21.496788507204013,2.698543005838056,0.08856898732483393,29.34212290868163,0
32256,-30.215586,2505.3297802204793,11.481274414833388,2.3259133511060357,0.052502669394016266,19.887199606597427,0
32352,-42.523879,3568.495684869212,16.23655752872374,2.543190410971784,0.06337854862213138,33.19994647458196,0
32448,-49.075803,4287.072135364553,15.688151650048217,2.023566760279727,0.04594726823270323,20.268697615414858,0
32544,-50.380573,4336.8662802804365,17.656577744168505,2.5017523732866778,0.04761570654809477,19.215409101545813,0
32640,-38.776017,3302.0917124842367,14.087093076554547,2.109729849097834,0.045672020502388444,32.36229225963354,0
32736,-42.976007,3668.9534997695673,14.48548297496542,2.579533389652173,0.060600908845663104,19.50483092576265,0
32832,-66.241599,5777.490223916494,20.07328881188963,3.2030342008108197,0.0775664215907455,32.20930543482304,2
32928,-42.713863,3635.8526258475786,15.493328905239217,2.670570220874916,0.042607362195849485,32.98936580404639,0
33024,-66.664459,5836.384163046134,20.55234805447453,2.716684344325916,0.06988262329250583,34.27023907601833,0
33120,-61.2436,5285.546209694278,18.89226163738984,3.0691525104946056,0.09951987620443115,34.386888892799604,1
33216,-74.967259,6603.10314896478,23.961058812993194,3.210100238039627,0.030924638174474273,35.071927024275055,3
33312,-45.314827,3871.403083075803,15.162934062358145,2.6999344933509484,0.06479614078998569,19.264607035815715,0
33408,-54.147915,4717.794208106552,18.503482277579927,2.7706743393736195,0.020710585080087163,32.35424479395151,0
33504,-67.989332,5900.545222223568,22.92936475590018,3.0475997445268175,0.05906869117170577,34.6662303890288,1
33600,-51.546004,4481.128357937603,18.36522550387357,2.0660635656709387,0.02658185008913283,25.316002464145424,0
33696,-35.805029,3039.519338265671,13.957171523251597,1.8166054957880804,0.03306945059448485,26.441269149333234,0
33792,-78.085171,6827.933959141145,25.781204013611838,3.0000495791382287,0.05809667650610212,39.83000651597976,1
33888,-65.886854,5751.810730200801,21.136662063785423,3.0060104424444214,0.055022944137454066,39.1471872138977,1
33984,-52.04859,4439.182461671643,18.17498630490639,2.9539801945740285,0.06817851159721611,36.38231563195586,0
34080,-52.935177,4595.00124219314,18.108991841338646,2.3034437851567535,0.04207263309508563,32.453993184417484,0
34176,-44.77779,3876.00030018649,15.044114822991608,2.7417612982223947,0.02718986179679639,16.981546551883223,0
34272,-65.713196,5735.741786180985,22.105042339055764,2.915263672320118,0.03721069470047955,31.31355722248554,0
34368,-41.694141,3509.714431062123,15.615080061078222,2.757600483525835,0.053962156549096085,34.22738756120204,0
34464,-68.880271,6017.737369179837,22.95045354676415,3.6184657344020157,0.024691652879119008,31.14751258373261,9
34560,-45.507302,3845.88695274998,16.289963994842893,2.778822999251418,0.06999429725110529,42.74439645186067,0
34656,-48.89581,4169.523590286653,18.115314213151464,2.742449198442992,0.04460002481937414,39.40474741935729,0
34752,-41.594993,3478.1023646345598,15.036408213212663,2.765629339445673,0.07978632152080539,35.682809989601374,0
34848,-46.720043,4008.0468073028605,15.008389505121125,2.6688442857469203,0.07130136564373973,19.055757527053355,0
34944,-41.748623,3523.4481447025537,15.701877336777823,2.905232730735384,0.04276568405330189,35.45508018195629,0
35040,-71.198158,6232.656826360685,20.518755980323647,3.2827765558366364,0.09352351017296318,25.69193157181144,4
35136,-28.007673,2358.661260204182,11.286888921038347,1.9225013255994317,0.017732873558998108,29.79984578430653,0
35232,-70.281756,6140.188798715892,21.68429514103801,2.9492436887121865,0.07965878210961819,35.00389385312796,0
35328,-49.522942,4317.561960961492,15.693789227472422,2.253161687961388,0.049194731377065204,20.82995023995638,0
35424,-46.824165,4033.100021094451,18.63441193250213,1.9711941943803852,0.0076242426410317865,35.21465367987752,0
35520,-42.682177,3613.0074597539824,15.903968880639098,2.7261647168276495,0.046029702760279234,46.419558163881305,0
35616,-41.738629,3595.930017921461,14.99174409019131,1.8344626092025156,0.036534680612385295,9.828533522933723,0
35712,-46.57549,3978.099082996283,16.95554539482958,2.6979311062537965,0.04191090669482944,32.71698100507259,0
35808,-52.625795,4586.930813644525,17.041027664869727,2.9095531593588255,0.03202383834868672,30.938123049139982,0
35904,-36.914925,3140.700556333761,12.909919802210283,1.9057243171711864,0.058176920376718066,28.60664748713374,0
36000,-55.047736,4815.466700574368,17.705964295465506,2.9091753047036724,0.027840670943260204,19.727900257706644,0
36096,-51.731427,4452.352781115548,17.005831798035356,3.2693075509109035,0.053228459879755996,24.364884099811317,3
36192,-41.617989,3502.0693901860272,14.560296382358406,2.8696899654438637,0.07208869978785515,34.04646963939071,0
36288,-41.169116,3555.4578783562993,14.499333511260186,2.810618332671619,0.00936597958207136,19.560701762139797,0
36384,-46.501502,3963.9760042002167,16.890181806053665,2.342731769088977,0.0571729801595211,28.363866920322184,0
36480,-61.237694,5277.549144945331,20.79754087574491,3.270322653599233,0.06098741292953491,26.06789752572775,4
36576,-33.520449,2853.4724003252763,12.096851196008883,1.5827801088129692,0.04823716979865972,33.94655519038439,0
36672,-54.709414,4686.024709385817,17.992337494227087,2.9564630423384024,0.08459201063960792,22.87553083464504,0
36768,-52.719835,4575.86501544369,17.525320135361103,2.5353371477984084,0.04596360531684596,16.52635679230094,0
36864,-52.01533,4482.097949375504,17.83713192542984,2.7747714937646717,0.04888681136071682,18.36012211471796,0
36960,-57.728277,5065.574008338744,17.23341232505791,2.3495490623993653,0.06417954340577131,15.84570102751255,0
37056,-43.992851,3808.8685040082664,16.95377083491496,1.8974519108427907,0.003936944156885169,32.44153818443418,0
37152,-77.483167,6760.226467509016,24.416117158664417,3.8425835625111135,0.0679355999454857,24.721978321671486,11
37248,-26.316264,2155.921474211878,10.785358456374507,2.290496356454309,0.040349538065493074,24.953440819978717,0
37344,-40.542351,3438.2169714079164,14.819159241094017,2.9552156927476747,0.03548979740589864,28.954254329502586,0
37440,-66.507276,5790.571895562497,22.723847495218617,3.104878382913245,0.03616340495645998,30.733668687045576,1
37536,-41.737226,3584.6408847889775,14.686169540808958,2.6605141393029017,0.028050729818642206,20.41058066904545,0
37632,-67.99663,5869.714136137191,22.856899871781074,3.066499745575859,0.08105461280792953,27.665404314994817,1
37728,-37.274931,3203.565360738517,13.926290414805372,2.3033399965047674,0.009336920641362711,26.34396029397845,0
37824,-45.641919,3891.827413674354,15.176091205196508,2.4959678972690127,0.07816199008375407,36.63123718678951,0
37920,-28.616677,2396.8427748083054,10.953806596730164,2.437047736506221,0.025819179415702775,27.26319002047181,0
38016,-50.449421,4303.603603649226,17.895050705328046,2.9876225040229176,0.056654686294496104,43.29701134562492,0
38112,-77.738945,6823.3064198308775,25.511871108203238,2.8898449567792923,0.046425404772162504,38.96613108709455,0
38208,-47.219816,4078.7701261832485,15.98571700252148,2.777175717937598,0.03503529801964761,20.43016925409436,0
38304,-49.348331,4234.248098824987,18.882522469410834,2.589178508849585,0.020361456647515375,29.29760860905051,0
38400,-63.963617,5652.973828324381,20.001514306798853,2.4630380857128875,0.029880590178072486,25.8651575037837,0
38496,-33.065551,2816.102352002551,14.145086633090408,1.4783840263080883,0.004643200896680355,26.875658878237005,0
38592,-59.286112,5138.115148012528,19.44322657101014,2.7660318686378838,0.06437197793275118,39.085064121931794,0
38688,-28.116781,2363.884709544224,10.335965521585855,1.7392200344682527,0.045430391605355225,31.820405134111645,0
38784,-51.932281,4570.149297679396,15.817947593271548,2.6546935689757225,0.02823509536683555,16.345869695991276,0
38880,-64.9747,5627.355627106476,19.76332903627407,2.940251936790107,0.10640292391180994,36.94414910390973,0
38976,-58.230396,5083.363162725329,19.202598825631974,2.7265601780954185,0.0363574072718621,31.443367058634756,0
39072,-24.901386,2003.8438160525725,11.087253914584652,2.576709261993164,0.033739182911813215,36.60210091739893,0
39168,-45.371753,3896.1564437361135,16.795070835394256,2.431536853076286,0.02660349123179917,19.87133154332638,0
39264,-54.628449,4731.688790461924,18.10943343516752,2.673862537160516,0.05394576732069256,25.627043966501954,0
39360,-51.995545,4510.878479455295,18.506611119589646,1.963541742098199,0.0366239843890071,30.68639946117997,0
39456,-59.027737,5105.214552923364,19.374449899823176,2.8637492407246086,0.06785042267292735,22.827881034612655,0
39552,-68.280661,5984.615565434122,22.013077126083807,3.04588767426261,0.04081511501418922,28.683472715318207,2
39648,-49.808167,4249.102671796221,18.796130151081794,2.668606475325072,0.04072392098605632,26.330158516764637,0
39744,-38.461682,3255.3080779351794,15.273710705992292,1.735633340243576,0.04214899465441707,18.373871436417108,0
39840,-43.292035,3650.191946056556,17.997371050543894,2.4740238563742976,0.026752986758947384,10.892762648016216,0
39936,-27.960515,2297.042203884466,11.5908901316286,1.9672407663407614,0.04839532207697639,39.648606599122274,0
40032,-53.286154,4681.880461901275,17.480631772318137,2.5751003479602854,0.012874659895896867,23.733916225880385,0
40128,-44.358298,3775.0921436445988,18.458452884873974,1.9403867155152992,0.019579098373651516,25.148951038569212,0
40224,-67.228614,5890.197013317957,20.644327683225804,2.9624345225076416,0.06322476379573344,40.03334452569485,0
40320,-54.695133,4747.701189981473,18.053354265588414,3.016564072925865,0.0396992526948452,36.54525788038969,1
40416,-28.5101,2384.8672497548573,11.538119387582883,2.2878220301373817,0.018990855664014816,32.83626355946063,0
40512,-49.631619,4261.211943613053,17.278376498985214,2.7707879376728304,0.04851143397390845,35.9482186806202,0
40608,-34.958285,2944.838200688325,12.863227082869681,2.5627940321729086,0.04172115474939353,28.332773352712394,0
40704,-39.863477,3352.2830916103158,14.514518968832064,2.867277061730714,0.055958651937544346,21.080175172239542,0
40800,-46.52302,3995.488774307307,14.930396733408799,2.982682779909967,0.05972937420010577,27.31389013156295,0
40896,-53.143316,4615.105923449546,18.019294668691817,2.633597433129495,0.03553527742624285,22.164097470045093,0
40992,-30.235136,2562.3775494365086,12.76678637089094,1.8441122731954094,0.002911974126963257,26.11139824315906,0
41088,-35.269447,3006.2814890196196,14.46560610659423,1.9386160931099554,0.006100258603692121,26.31659710347653,0
41184,-47.759106,4078.3432983280904,19.098826145550987,2.2767163829246586,0.022355934791266907,30.233880782574413,0
41280,-47.097024,4116.884737801875,14.484245245349548,2.211754567472279,0.04654673319309949,37.32391264155507,0
41376,-43.116289,3696.7592389731285,16.331523355844265,2.4064278321765853,0.019111253321170862,20.067954342067242,0
41472,-47.775851,4123.198651460921,16.190248811738748,2.7208566334553463,0.03989650273793627,24.61355581969022,0
41568,-60.931788,5305.894264655258,20.175714049429494,2.5923754790492017,0.05221209072164801,44.22045649483801,0
41664,-38.206986,3192.9006785346014,15.157710553383716,1.902210520835947,0.06465214136987929,20.85713738292456,0
41760,-26.332829,2116.9761962493435,12.881475864499013,2.5240546644224278,0.019266814738512106,45.96367386162281,0
41856,-44.336473,3798.7923175854935,18.364127432700144,1.8673583408756793,0.006157862767577238,21.27468742057681,0
41952,-40.413534,3422.5687268899806,15.645126616980649,2.2601684253607157,0.039349448308348633,26.96862549468875,0
42048,-29.04505,2446.214190051278,11.604808307198027,2.2301820850616925,0.013959504105150733,28.080104979574685,0
42144,-46.827644,3962.213402606026,17.188984147210984,1.7412777567519075,0.09015360027551655,25.302033935189247,0
42240,-53.123397,4536.71460404606,17.82041294602244,2.7215994523117417,0.08809916749596597,37.05102264076471,0
42336,-53.255504,4653.833926321798,16.823772055382992,2.5471488073954944,0.043411573953926585,23.05836420208216,0
42432,-34.136516,2839.3876079950023,13.16284667080268,2.0170576320038407,0.06579751875251538,30.132324434667826,0
42528,-38.601041,3222.9653644965874,15.820922694684347,1.7178445963370972,0.06253150403499608,21.245645680427554,0
42624,-52.574893,4586.074984872459,17.635541783792224,2.6399290679511105,0.024500598572194665,30.468189155310387,0
42720,-44.16896,3777.2048325939404,16.199788547720853,2.7903557756715225,0.02805548980832101,31.735647669434556,0
42816,-46.889411,4079.847940621945,16.184905630518784,2.395318751999753,0.01848882324013279,23.063218410015104,0
42912,-64.989817,5720.4008367414945,19.58078862006243,2.8173590875297276,0.05230859275907285,35.66122386962176,0
43008,-39.695342,3393.4268447539475,14.290687105247816,2.23358029305707,0.03869569282978769,31.444993997812272,0
43104,-28.051718,2289.6618651864765,12.2384993219719,2.0950930118482107,0.04303415808826683,39.96993487864733,0
43200,-60.505417,5307.113802323536,18.19669763799118,2.6121434777645036,0.06202746534622028,15.358521360605955,0
43296,-42.716865,3707.4761130272614,14.848163131027002,2.6232218387128348,0.009224390238523505,28.48783239454031,0
43392,-31.111121,2632.9628091300983,13.007203648909286,1.81994871777457,0.01009015981107958,28.157240514606247,0
43488,-64.515027,5597.604751905876,20.354930974865724,2.9649822227922664,0.08310051317277711,39.46142697378994,0
43584,-49.177624,4157.680317214331,20.23773370939134,2.1751551189740574,0.043962600268423635,24.37526389658451,0
43680,-55.313511,4787.89599409108,18.8158983475609,2.652251642917326,0.048592093028128225,36.54044487908482,0
43776,-34.272423,2896.5149940402525,13.407164632379683,2.0018284857337223,0.03229283615946771,22.269110209941864,0
43872,-68.52383,5957.948681853422,23.517330641243554,2.8568501051684803,0.049760281853377886,29.206281361579894,0
43968,-43.681023,3717.8323149569487,16.42924964702681,2.7050640109068196,0.032793300412595316,25.284498244076964,0
44064,-42.086098,3592.411624248337,15.00504665503115,2.7784002664791654,0.03660718791775014,36.90619045183063,0
44160,-65.494065,5613.604716214238,22.62349522297591,3.3740070743944623,0.08142444454133513,33.4454176838696,1
44256,-48.340606,4187.034028848428,16.683599020463188,2.8486438380634134,0.021715221093281334,46.68553265556694,0
44352,-66.419788,5783.226165423851,23.07877986161807,2.680006036422616,0.039459359832108076,35.30306319206953,0
44448,-45.071375,3844.9628185446118,16.030533905123068,2.779317136657767,0.0467239554971457,49.7803350533545,0
44544,-46.175161,4033.7828554824882,14.190858528074148,3.108660053373321,0.022440697997808456,22.94110985398293,1
44640,-33.386678,2855.932596041277,12.140305023269349,1.6077650478273138,0.036143628880381584,9.546395299583674,0
44736,-46.679212,4041.5353171237653,15.125243861227192,2.4820385400799183,0.04889804422855387,38.46646711781621,0
44832,-54.441372,4799.4064708232745,18.084406122642484,2.200166891513729,0.00946125537157061,35.02958714246749,0
44928,-55.249212,4763.582714895989,18.25007724592957,2.986934092105829,0.06290589598448659,43.40148154616356,0
45024,-68.415872,5955.11344609193,22.827747679354236,2.9499172096834583,0.055763088911771785,31.893960777074103,0
45120,-48.473171,4175.694156067835,16.786391336866185,2.6557369595288938,0.041201123222708746,23.40608585447073,0
45216,-47.627311,4046.4450962523606,17.230309727166098,2.913499772221635,0.055224459804594506,34.74154222637415,0
45312,-35.118041,2942.8356727523537,14.03360894676034,2.072315863176571,0.043378346040845006,32.58733883798122,0
45408,-24.278836,1933.637691518149,10.982785136570824,2.5537918721234742,0.041740453056991145,37.252617861628536,0
45504,-70.862436,6233.026009211397,21.585795426678377,2.6457826631917367,0.06654158696336182,46.833863125145434,0
45600,-43.33219,3698.71573973197,14.9923223043644,2.4684243356175264,0.05733110496872351,25.76769563704729,0
45696,-35.611999,3029.8858844012757,13.923269403645902,2.4153135974027133,0.01133557483553882,16.496023138910534,0
45792,-43.449703,3764.5279586853358,14.694940653299398,2.068146519472754,0.03791215084493166,15.503186367154122,0
45888,-43.138222,3658.6598509605765,16.824742847970864,2.488648045387649,0.033916074037551924,18.229194601029157,0
45984,-46.683535,4034.162384486772,16.338415966383536,2.69991881725847,0.024027918769340795,25.622292641848325,0
46080,-65.692339,5671.310027740371,20.660634084250365,3.581033953454848,0.08990900060652118,29.48895207688213,4
46176,-60.107991,5205.277121349516,19.410123842050112,3.108026739921944,0.0659314359097104,30.958071804195647,1
46272,-27.080393,2233.5771003571695,11.583593461879637,1.9718891189293988,0.03205253630876548,39.18270006746054,0
46368,-43.820087,3717.3252806707046,15.211033564969084,2.65432556293889,0.06811960097402342,22.686486038416625,0
46464,-43.129475,3590.2561773505263,17.68085750210122,2.6733121045784713,0.056888768076896634,48.63888546437026,0
46560,-69.37103,6063.56391131944,22.06232354434905,2.963849292179407,0.062076939064029,48.569083406180155,0
46656,-72.844759,6405.657472961626,21.374859130596192,3.267121449802512,0.07125854343175891,44.82567717924716,7
46752,-42.291203,3638.0634325616566,15.211748083080128,2.024668363083745,0.03581181690096863,27.62283812537789,0
46848,-49.420392,4243.3266123970725,16.900983616447807,2.44754400857855,0.06252090819180012,42.186994818449016,0
46944,-35.621254,3048.380092260177,13.597128881921856,2.4359793806836505,0.005594845429847117,51.551886357218024,0
47040,-17.324324,1289.0029088171616,9.707911835052865,2.452408368709925,0.03606384154409176,31.791955066621302,0
47136,-48.918883,4255.305914899435,17.358833246831473,2.292665080319652,0.01607382781803618,22.537616976648575,0
47232,-23.250455,1950.6104566030467,9.61918744357482,2.034052809974143,0.0029982317239046763,25.3384253244102,0
47328,-42.978005,3683.767779407832,15.919321993471549,2.247258306849064,0.03104185070842508,26.794207267016173,0
47424,-43.187219,3713.681963612281,13.989908928374863,2.510907343492477,0.05660427287220959,24.80307750955224,0
47520,-68.409989,5975.8912458447885,20.666225357970898,3.377656478386335,0.07334310393780474,45.526601854264726,3
47616,-50.484588,4303.325524236962,19.013429882393567,2.7513827855887896,0.04311672709882264,50.644687444716695,0
47712,-45.848171,3893.7770401570606,18.20771274788017,2.304728093926421,0.0350797269493342,23.813357943594458,0
47808,-36.42439,3137.0147524909885,13.474184293647522,2.3213639888544977,0.005562742426991507,31.291461449563506,0
47904,-30.612934,2623.98837873469,11.301933799795888,1.9573959315813583,0.01330076400190594,28.2751949159801,0
48000,-67.436704,5917.252735630211,21.225621058747116,3.073415754307734,0.044474934414029166,44.3115655118227,1
48096,-70.525998,6216.758601425572,20.92149687874468,3.3436315392384945,0.04963402003049855,28.07303434461355,6
48192,-38.089395,3226.8580607741515,15.27980527133078,2.465310550098866,0.016716589219868183,47.514452660232784,0
48288,-42.484056,3619.0952892124856,15.466831941624553,2.663452086765589,0.03917821254581216,35.61103841945529,0
48384,-24.164592,2003.0807835346113,10.195299571029468,2.0369598685707535,0.017360720224678605,23.852519620209932,0
48480,-63.452523,5575.462897840287,20.832494401707116,2.6905800610087445,0.024794228002429086,29.35213158130646,0
48576,-53.939445,4619.879931606496,19.01317529995367,2.621323978937827,0.06587758213281636,42.32995523363352,0
48672,-49.073363,4266.4232644482645,16.967842019415027,2.609940806616394,0.01832006871700287,42.00433941021561,0
48768,-34.327176,2921.386460528219,13.800459627737252,2.376377480068452,0.0015081390738487799,29.435657359957695,0
48864,-42.251351,3660.4920706017197,14.104976853422118,2.1101196832822957,0.038059278763830695,29.755837220251564,0
48960,-83.883055,7368.625107681497,25.62157262287064,3.827501297686461,0.06528875194489964,34.121939485520116,13
49056,-39.452308,3355.095816133171,14.598567087281808,2.20950228234985,0.04253193140029915,31.24394298389554,0
49152,-40.649238,3481.232285573589,14.145274915911832,2.5223805769131,0.03895866908133033,28.31875073045492,0
49248,-42.769819,3614.221454461892,15.456910971672478,2.658123250851278,0.061818783171474934,40.5825341323018,0
49344,-34.815754,2873.409293425729,15.740343055892636,2.3687950618732856,0.027469352819025517,48.16967296764255,0
49440,-36.851161,3116.36491387347,14.2818866490125,2.559436938242797,0.02527807652950287,29.87799786522985,0
49536,-63.893501,5654.666387707969,19.34925797383492,2.2945457494688872,0.04161610938608645,25.736485706418755,0
49632,-55.746293,4810.766014428712,18.51440798636068,3.0150565023981053,0.05855254903435714,45.73837800323962,1
49728,-77.865288,6791.403897353542,24.494860659572197,4.116901046951659,0.0637353921309114,27.01921455051925,13
49824,-43.042775,3633.815962084935,17.290116234258576,2.5301845104908347,0.03370045535266403,48.31500427991151,0
49920,-46.906256,4049.918406457467,17.332495345401565,2.8637281633534415,0.004122139621329901,38.16468719884754,0
50016,-57.30521,4951.064982985234,19.66342451273198,2.6801064443672376,0.05489932242780926,45.6880904239416,0
50112,-67.736048,5898.442600052204,23.14884718220675,3.0594813374273166,0.03887832965701815,18.53622469678521,1
50208,-45.334102,3922.7467984735913,15.453451955315488,1.80600197524996,0.04987982306629424,30.766472300589086,0
50304,-53.426472,4610.958518560621,18.34663930161774,2.906081901874111,0.04336414393037563,43.71036898463965,0
50400,-25.990273,2194.781269266903,9.444701783430897,1.7532695048929048,0.0338494800815457,31.11448218181729,0
50496,-64.329753,5707.30749968588,20.040244162957876,2.522192879548481,0.01571519710123548,40.287851041704414,0
50592,-31.185536,2639.5799500651297,11.363691103664976,1.9379672912971375,0.040362844802439235,27.08840244367719,0
50688,-44.304256,3790.561142106532,16.479123810794288,2.4684147027743526,0.031169450283050626,31.371753097474574,0
50784,-48.462745,4206.124689606965,16.65580663313096,2.7393094385681294,0.020602177642285835,45.99311013087631,0
50880,-52.425304,4633.07541591207,16.434058423761392,2.5830646532198394,0.008740407228469915,27.70501793086528,0
50976,-45.447757,3909.010253013288,15.541517179714775,2.5488928608827184,0.045042831264436256,35.75445668309928,0
51072,-53.532402,4711.561345455524,17.622052691340688,2.378383909164333,0.011921264044940427,34.79084433555604,0
51168,-70.662959,6188.597571622351,21.6204914443902,3.7633321293714186,0.05236686989665035,34.70590224832296,5
51264,-58.416634,5106.625531968703,18.682857688876094,2.664658868439795,0.04531051492024418,30.828782675266265,0
51360,-41.447751,3485.5197159057398,16.816856233132036,2.6675720979243573,0.03203119952231648,49.08686182618141,0
51456,-71.205871,6289.515953425858,21.462542495967416,3.3267448105933806,0.0360833734273911,38.78401576161385,5
51552,-53.936879,4594.937767701011,18.955018851138387,2.816089696860911,0.07830399349331862,36.67032434403896,0
51648,-70.921739,6237.299761112353,21.138042597457414,3.100366331486507,0.0644788352772594,30.938924401551485,2
51744,-37.841419,3216.280186418522,13.505962012666956,1.9091774125626801,0.05754382051527501,22.14835828080773,0
51840,-58.736772,5074.464013223739,21.374336802335606,2.6937024532245073,0.033489989489316974,28.465583214610817,0
51936,-35.731683,3053.974054476828,13.326464470485757,2.684502702571786,0.008013445325195823,27.593551549166442,0
52032,-77.082021,6777.307525228998,23.741142755983788,3.2657628364630518,0.05868654716759919,35.69357811301946,6
52128,-46.047196,3952.65114153669,16.205923336118772,2.8257093314563195,0.03524155952036384,34.6846950931847,0
52224,-59.59392,5148.430635326475,19.986657092617122,3.091618288095576,0.05846458654850728,30.049599692225453,1
52320,-27.018699,2224.9234933347198,11.747833508228076,2.0966511946586928,0.027096898667514302,34.78043466180564,0
52416,-66.215486,5721.051170022651,22.684667377260265,3.1024488485010946,0.06390630938112735,43.733874130845074,2
52512,-48.72607,4224.043368812492,16.92772592362369,2.375018183726605,0.03048744108527901,31.59014407023788,0
52608,-36.267634,3054.937876559356,14.103248427204838,2.6505978273432875,0.028469442576170012,41.20551866978407,0
52704,-66.430238,5774.14926661437,22.654421131577646,2.797580888782398,0.0515591226518155,44.09380174741149,0
52800,-36.422149,3058.855058458282,14.089157199945037,2.3649767991462487,0.04405737183988101,29.62995927661657,0
52896,-35.664884,3015.005951997319,13.740666608671084,1.9138108303394623,0.0418067000806332,34.834056683182716,0
52992,-60.986429,5349.513152162711,18.637006388012427,2.981931584857455,0.04716152585062544,29.735224987119437,0
53088,-59.437108,5110.08388557254,20.411026293999466,2.7894275048562016,0.07314601205289362,46.06782208517194,0
53184,-26.72738,2292.0411660719287,9.380382624717862,1.7804445277491072,0.01871169023215774,30.818525124639272,0
53280,-32.311548,2792.275418666803,11.008292498162866,1.5700650032702925,0.030552003532648142,34.46817189410329,0
53376,-54.980619,4732.972309883838,18.838303665659534,2.7914147265138594,0.058855900168418906,42.91708291888237,0
53472,-40.899064,3488.6243918194805,15.074447654959641,2.686859902973519,0.02771615032106639,44.57032110854983,0
53568,-50.482426,4341.155702899367,18.236069155341674,2.9166391179831836,0.028892858071546845,47.984559342563145,0
53664,-43.069542,3605.274979615415,16.394508160432615,2.728154428895238,0.06714519746601588,43.62304364442825,0
53760,-31.217819,2616.780883269865,12.466586623356665,2.1492774495024767,0.030021549575030837,28.645915840268138,0
53856,-45.136902,3921.0987663909214,15.868313262542262,2.424805873393179,0.013033206574618927,25.052227005511515,0
53952,-92.826345,8179.908470558525,27.26034573999373,3.9441276997493353,0.0847670346008319,22.282366773486135,17
54048,-69.892717,6089.24345316021,23.01181695566395,2.904342061412526,0.062333378754556246,51.20915189221501,0
54144,-68.942004,6003.3008928995105,23.405024235662566,3.0986269330368446,0.043202470615506194,27.939173832237724,3
54240,-29.571749,2442.0831255435446,13.05530379316405,2.3030865518654666,0.020872798003256254,18.926821263581516,0
54336,-85.33455,7505.259009767636,25.85232879742942,3.6190270818213257,0.07191001437604433,38.9534485322237,10
54432,-69.25948,6009.314511834354,23.30312894392666,2.969960848858443,0.06582743059843776,28.475559288710354,0
54528,-42.993213,3724.182913091037,15.19463471569938,2.7365599425880527,0.006557939574122484,20.860577396899462,0
54624,-45.621597,3873.528886389002,17.60589528628893,2.9487967730761966,0.02833472955971955,50.11593512028456,0
54720,-51.886028,4450.6785491646,17.748645105099698,2.7527927260795995,0.06356880664825448,43.50990959271789,0
54816,-52.85372,4641.72195101472,17.804812691620793,2.5484288117901936,0.0050456536933779494,35.64038182482123,0
54912,-45.04783,3876.462168019583,14.754920807020396,2.995951422215446,0.043890124559402555,29.97676752761006,0
55008,-60.949576,5302.589795282297,19.85967517913776,2.8165861403597336,0.055942768789827846,38.902413129210466,0
55104,-64.281727,5641.045869670507,21.699411712899757,2.7361901188541706,0.01779794208705432,21.20822206735611,0
55200,-33.397463,2828.6918430751116,12.302282525012181,1.5248638418728337,0.05399428507019033,27.638565927296877,0
55296,-35.696344,3062.5550504833664,12.832735840841886,2.3362454214365953,0.019098279252648342,30.17579808056355,0
55392,-31.750828,2686.7489689047334,12.187084789606232,2.0135691572481376,0.028118983469903547,24.801998958289623,0
55488,-44.78258,3841.1775939362606,15.52078955028504,2.7036577457872393,0.042206970974803026,23.00153241634369,0
55584,-41.085888,3493.3389929391305,14.550903269466652,2.7823699555699104,0.04495193138718612,30.934519230425355,0
55680,-48.528213,4207.587626248574,16.4745509926025,2.520868565361181,0.03344162162393338,23.671402913630008,0
55776,-51.242587,4388.198416189078,17.370039325726065,3.1737764245238873,0.058671998232603106,34.39731310606003,1
55872,-54.648446,4757.540563276385,17.81351208830223,2.88057245658093,0.038450500369071994,33.39201536044478,0
55968,-63.892892,5587.17071731113,20.657997334507183,3.2477017326738813,0.03498032815558355,38.12838835015893,3
56064,-66.312069,5754.171027091749,22.304219429154347,3.0767143225821343,0.05656049866229296,43.57549680799246,1
56160,-29.946915,2495.371213777856,11.900946889341737,2.3699284492668724,0.031663179770112015,13.201669030785562,0
56256,-31.588529,2663.262994343998,12.921540182279566,1.9163107777632278,0.02086087334901099,25.632616411745545,0
56352,-27.968993,2331.2682869565674,12.447094702324076,2.229386442367492,0.0020285084843635337,7.337416061162951,0
56448,-48.509179,4238.011904000301,16.553156100173208,2.386292098681608,0.013906420394778296,20.796071994900707,0
56544,-49.27782,4228.924098013833,17.613648004064153,2.892326384947184,0.036503636278212126,38.8486154513061,0
56640,-47.901115,4129.492872838104,17.122088430242236,2.703355437977103,0.025881154835224185,37.47869699567556,0
56736,-44.257109,3819.142864677955,15.922425504074639,2.4681113627544,0.02011390179395678,41.241640327572824,0
56832,-70.092733,6203.986833444882,21.758680744779507,2.7687140706526088,0.027851632874655086,45.790052933245896,0
56928,-72.438791,6385.898860028963,22.110374152101148,3.1689533394825244,0.045273933187127136,42.02797974050045,5
57024,-56.282851,4941.198743796494,18.018744148952532,2.337692080893059,0.035344205424189534,33.50489812612533,0
57120,-26.85106,2231.5585107130382,10.009361776854838,1.7367242807031467,0.05586509779095655,25.77181299939752,0
57216,-43.6325,3763.925942489049,15.56223985755454,2.5542897506921767,0.020190199650824137,41.351596292555335,0
57312,-42.015713,3513.687632329629,17.399907110131508,2.749765012297916,0.03726388625800614,43.832774243801836,0
57408,-58.73037,5114.7568616990175,18.884651994673128,2.813733533726909,0.05279414001852273,44.61761317878962,0
57504,-61.178298,5363.731528505901,20.191082275557847,2.6301107928278014,0.028774276562035073,44.88994894862176,0
57600,-46.248308,3904.8439452529283,18.888749522254535,2.893293987087809,0.025061711110174634,56.25213254883885,0
57696,-49.164189,4250.926119844054,17.162763408274945,2.94627276029314,0.021839299043150295,31.59523040741682,0
57792,-58.762882,5082.687244429857,20.242214647471013,2.7289353265179037,0.05145141484313892,41.82762967720629,0
57888,-47.784738,4134.284291456948,17.32069987797471,2.6756159241481705,0.011695914901793003,36.692152948379515,0
57984,-37.591468,3183.551741753623,14.300030866276424,1.6016088484465585,0.05501987934112551,28.79752282485366,0
58080,-59.993281,5195.262960295929,19.71245857012547,2.7231180511876785,0.06917780507355936,47.87627357527614,0
58176,-35.82901,3070.1630204031503,14.082932161337714,2.1286951397851084,0.0034014435485005823,32.95615598797798,0
58272,-46.188033,3997.4560200392475,15.571013848522947,2.812400895759149,0.02781386990100143,18.6464954687655,0
58368,-41.188597,3491.9251213505663,15.146755145051403,2.7134759109372304,0.042661926895380065,35.64539342999458,0
58464,-46.115732,3957.544805821885,17.448138757816075,2.636580723955956,0.016747350431978725,42.39692816361786,0
58560,-23.451769,1890.5009735210022,10.91279733440298,1.841240624805509,0.03576158396899709,12.76103357002139,0
58656,-54.781998,4742.278831259316,17.72857733597085,2.945432880980306,0.05749755483120689,32.329456511586905,0
58752,-67.279373,5913.1108805544145,21.50417471443069,2.913646946292577,0.03543689919537624,42.762387907654045,0
58848,-48.686014,4205.238102195905,17.08299651623324,2.577528480170788,0.03184818942099815,42.495304932743316,0
58944,-30.747004,2570.380716112597,11.845289252407284,1.7574535566727594,0.052441900782287165,28.562301557213065,0
59040,-26.381669,2187.49775446814,11.874136165428917,2.283543354141493,0.0020688800141215324,14.58574833571911,0
59136,-48.825343,4139.718875420955,17.74453594221771,2.912185399702633,0.06266125887632373,40.52362531617284,0
59232,-42.919336,3667.6592287087474,15.659146850768913,2.7331676921854484,0.03011548239737749,19.307026945203543,0
59328,-42.104725,3671.6892572032175,13.930051197433878,2.106975646184592,0.024401792511343945,28.39766217663884,0
59424,-96.205058,8478.541741840985,28.496402058520598,4.399966101970715,0.07404890671176345,15.294309966266159,19
59520,-65.851013,5715.388017569514,23.053531453399124,2.676052632538337,0.047376804612576984,39.270200767070065,0
59616,-24.097272,1945.4377858761115,10.771860049608383,2.627138504842514,0.024032042175531454,24.910151361227044,0
59712,-43.594573,3665.8073695225476,18.026462105046043,2.731868910930097,0.029054234735667706,43.61861837238074,0
59808,-52.193113,4522.467289034426,18.22646290608374,2.253723467884922,0.03993413429707282,32.81684345081449,0
59904,-44.357782,3800.2886479388953,15.311057645657028,3.0216784977913034,0.036860430240631126,30.48486373320222,1
60000,-41.892081,3590.104544071874,14.157769666453182,2.7010998278013787,0.044217626005411126,21.394240983724597,0
60096,-71.572516,6266.69760572975,22.40693572277585,3.2835542238694373,0.05800250357899228,30.97261404439807,5
60192,-32.928198,2739.197621820076,14.166935764897808,2.1752188111226913,0.027736871317028955,33.83908687755465,0
60288,-37.476281,3124.099482508486,14.935184387652255,2.3116193916082217,0.055338897987415925,37.32378263697028,0
60384,-54.000808,4684.482837093159,19.032654082071392,2.808771887884406,0.021511635213698255,31.097968986928464,0
60480,-37.54062,3147.938179327961,13.955407048282511,2.2875774021625355,0.0639723157510162,35.25919976621866,0
60576,-40.960331,3493.678390724511,14.480740801535235,2.53272101089053,0.04441577605903152,40.26236349850894,0
60672,-66.57145,5847.545643324109,21.16522006243515,2.9681765824569686,0.03727715052664282,33.36024368166923,0
60768,-26.02027,2116.774233119245,12.378909433944845,2.5708934618692414,0.0073664741590618865,22.795656466633083,0
60864,-26.21262,2181.639696241028,11.538504007857421,2.2481935670870463,0.002359628677368275,25.062970908135174,0
60960,-54.092248,4710.7662507853665,19.398296334575576,2.3737991726439,0.014371818304061978,36.117677748650316,0
61056,-17.237608,1309.4362332822861,10.101825247895682,2.1639324394208,0.016475029475986946,21.059029115885497,0
61152,-84.540461,7472.961707354308,25.689363471166786,3.286149772417793,0.052638350672235656,40.21225669816136,4
61248,-66.803197,5826.616145995769,21.185746957693645,2.946554129443917,0.06684601176530125,27.23467504113912,0
61344,-41.62539,3555.1718298627825,14.576729809348919,2.7009687742329147,0.04135102734557894,33.364203564375636,0
61440,-53.703988,4708.407040068974,18.279754822524524,2.5321776202933446,0.00820799618959428,35.340958292782304,0
61536,-56.806593,4896.184143185013,19.37228429344904,2.912584054634277,0.0578688269481063,44.2857106205821,0
61632,-32.115238,2649.531594250842,13.333434201374933,2.6739093557124582,0.03668851852416999,16.284762551635502,0
61728,-22.594472,1851.1398982619933,9.844060241180983,1.8494819534025777,0.026004150137305282,23.68083236157894,0
61824,-31.206901,2625.751008830169,12.532374433211372,2.3105567613122924,0.017697044461965572,35.21579221740365,0
61920,-41.667537,3539.6063378108765,15.411522932182267,2.615826544444395,0.0401123844087124,49.029563436657185,0
62016,-66.461923,5813.546044724412,21.32724721114199,2.8316983401788693,0.05304058361798525,34.354330221265556,0
62112,-68.05573,5918.130157468117,22.635980186236544,2.88744090832262,0.06191050375958812,43.646893953680994,0
62208,-35.863431,3045.3752313032955,13.913234643106136,1.990037766595182,0.029312877357006162,32.611873787790536,0
62304,-41.968133,3599.4696008901988,15.209218682487265,2.718761831760549,0.02154445387423043,38.728160277158025,0
62400,-41.905238,3627.91961271638,15.545363866020136,2.079404696063233,0.008711381815373898,21.10571532249451,0
62496,-48.354105,4134.876394144651,16.392520159263306,2.963383064463885,0.06014881599694499,25.343848450332885,0
62592,-37.364485,3164.3059206624603,14.727201267973768,2.468804726367444,0.021049577742815018,36.41218863591552,0
62688,-50.833649,4410.724862591926,17.668275729389766,2.568942196183901,0.02655605413019657,18.92472768172622,0
62784,-34.234124,2895.852923873472,13.865862883126098,1.942401516839252,0.022591658681631155,33.37838444769382,0
62880,-36.787531,3142.4408925912944,13.145514970180503,2.067597905413666,0.039495234936475776,37.164212319999926,0
62976,-47.822195,4177.642171857059,16.14514035544571,2.5786962101746074,0.011383532801348961,34.20330927833915,0
63072,-33.413963,2864.073858774626,11.199002672557599,2.5574893740188265,0.02603521216660748,35.03772785201669,0
63168,-42.794459,3644.9371394495297,15.941560539698681,2.5454302611833852,0.03629651479423046,16.37510760933161,0
63264,-56.110685,4853.746701215854,19.120170029457586,2.226119383796958,0.06311463275434159,22.286857798695564,0
63360,-56.126852,4854.691501546149,19.13383786846521,2.9713266461757586,0.04341697804629807,30.97724140912295,0
63456,-44.289159,3725.3424635576944,17.56493794543637,2.9296517132072086,0.039626122266054165,21.613239315599206,0
63552,-41.157877,3526.7233455164765,14.002966093889599,2.7252609284689564,0.039976652152836245,40.80517183497548,0
63648,-78.85929,6983.544209041167,23.248902551322182,3.4833052040855677,0.043723677098751135,40.70683828935027,7
63744,-51.103926,4412.455893280772,17.82362932455502,2.043464434488963,0.054326147811585346,31.186173898875712,0
63840,-54.898563,4717.228630212208,18.989399027130254,2.6299381183906796,0.06516548059880733,37.284217102676635,0
63936,-49.609866,4273.226879823557,17.783913924775373,2.6188350570518737,0.0329925758764148,31.410704549402002,0
64032,-59.167046,5145.299185948332,19.918105846496587,2.8954940006881897,0.038695011660456635,34.70152802616357,0
64128,-30.705455,2586.3009320171054,12.237157985361202,2.3914537717796485,0.014314433000981841,30.916663116961722,0
64224,-32.103634,2638.52789339462,13.62479357239551,2.6560475394254173,0.037899849191308066,21.541921083331108,0
64320,-37.647295,3177.6036679886483,14.361378996047613,1.7015913842856394,0.05881386715918785,33.40837070122361,0
64416,-34.948412,2983.6746789274794,13.337729994734733,2.406631021981073,0.009846267849206947,30.345185414999726,0
64512,-49.432398,4217.590231025768,18.060404158896358,2.8298898097487823,0.047094534808083566,24.616738689690834,0
64608,-37.74473,3183.6780765673493,13.996497830597725,2.7215882585424636,0.041357664950192,36.4181522628665,0
64704,-67.905616,5928.917604873582,22.31926104820633,2.8854893821480685,0.051097708009183396,39.78772981479763,0
64800,-41.719184,3557.3352295581617,16.075224251778437,2.7164266452794843,0.015779593214392706,36.68062228649854,0
64896,-48.427747,4180.825354306376,16.800067463429745,2.867072287584793,0.02884293874039462,38.84114329501987,0
64992,-38.817731,3275.7447921909206,15.399617353070424,2.4881326831502606,0.029676336491186395,20.71628478944302,0
65088,-43.546822,3695.4414199629477,16.5436503317123,2.5778888868593164,0.03987713828682904,22.48688545316458,0
65184,-44.614796,3860.527570400479,15.436213231792935,2.8840989256587983,0.01500109955668455,28.76332425013185,0
65280,-54.109509,4638.097557560504,19.113823570046712,2.7249766165167095,0.060293020680546816,31.01719641447068,0
65376,-48.994987,4179.672745765304,17.48105458048478,2.8298572901740187,0.054800037059344775,37.124959787279366,0
65472,-82.867406,7308.93893267901,24.992011512056166,3.535860579253481,0.057737960852682624,18.743146076798443,10
65568,-42.268204,3603.0136563940664,15.884645275090191,2.6745512464831487,0.026856920868158385,36.9388437153399,0
65664,-37.397274,3195.8550330504254,13.875885220832291,2.4894982308911127,0.018677266128361292,29.474754018038507,0
65760,-66.125982,5768.260899816058,20.861760607778905,2.9536131804516064,0.06689332500100142,31.58198619812727,0
65856,-41.872113,3547.3531493482096,15.932037395560185,2.705805543113785,0.03577653281390675,32.5071303255856,0
65952,-28.747563,2374.504222442769,12.486486635271644,2.5028837745016594,0.01702806241810323,17.834597440809013,0
66048,-48.137337,4098.612764287127,18.295386619642407,2.827967942468165,0.03542707525193689,33.54827928051352,0
66144,-35.489918,2996.273978606684,14.106161609831997,2.5510528801583376,0.018327221088111467,38.43464695841074,0
66240,-49.074973,4243.896486089024,17.30512390758252,2.5871518318639417,0.027307350374758288,39.36531362265349,0
66336,-31.808836,2700.875444051278,12.761027649457697,1.4159440369644223,0.02702639773488047,25.138127405643463,0
66432,-41.859417,3583.7292873161923,14.531785382007568,2.771350319583601,0.036936554685235046,35.74129414975643,0
66528,-47.725082,4090.380918893061,17.68531692160489,2.589143375110597,0.03200139030814181,24.417801411300903,0
66624,-53.144068,4588.926391953277,18.803060339017048,2.5635811832322126,0.03923022206872706,37.24442578420043,0
66720,-70.605771,6158.295828530492,22.731846076305015,3.778352715287359,0.04612787887454034,25.69500182852149,8
66816,-65.214116,5749.794664485331,20.24648687354072,3.040043324608025,0.028413700145718312,25.827569007724524,1
66912,-27.670271,2326.5638317496796,10.700299023565401,2.554019845255789,0.01152903214097023,27.155647162497043,0
67008,-36.330275,3031.8781404338606,14.690716243015723,2.6828498112242842,0.03540924917906524,39.93837958469987,0
67104,-64.516457,5597.284049465005,21.72531832609383,2.723424858027214,0.062443428300321124,23.72713393867016,0
67200,-67.23725,5824.042358239518,22.509950239037355,2.9598874754199564,0.07065905723720795,31.844235082119706,0
67296,-27.571247,2245.391729938724,11.818482535022634,2.0672430781617095,0.049659210816025756,34.03997818604112,0
67392,-49.452401,4255.417422847657,18.23473303478236,2.7358265128346817,0.022231724279883736,31.257569580376146,0
67488,-52.37323,4541.516673471457,18.34842295472647,2.3063798828317754,0.03539892937988054,21.15811718791723,0
67584,-64.56479,5657.141461171909,21.12268461586827,3.054847073387963,0.02897539585828779,23.927192534804348,1
67680,-36.442025,3128.1490808366743,13.890022705769407,1.8067218981574071,0.018055908754467942,23.962933943420644,0
67776,-59.560333,5153.868385376348,20.473885965025417,2.8846306942510993,0.04837537299057376,37.14590133994818,0
67872,-33.048385,2740.9134170682933,13.174254626559721,1.8739091030876849,0.062494022212922606,31.28437862634659,0
67968,-50.995081,4352.407039971897,18.062444803141616,2.826141176871152,0.06145473615707536,35.21519477516412,0
68064,-42.688849,3668.318587622578,15.773729270498935,2.7591368656937245,0.011325959302485034,44.255268350690606,0
68160,-51.369824,4417.042504032139,18.785045585080546,2.814634784220047,0.029202091693878218,35.78916706562042,0
68256,-36.080561,3057.511637696275,13.26920486651992,2.3215818461337823,0.03973667081445459,23.421613091230395,0
68352,-44.382809,3809.4772726083743,15.08486592271686,2.962681421109056,0.038500269796503284,30.49123891666532,0
68448,-47.672744,4060.884856317387,17.902794062018437,2.8693574951216996,0.036354310624301445,37.96868640303612,0
68544,-35.361736,2989.333378468847,13.584690410298357,2.6521486873195075,0.022142407670617148,33.15888961404562,0
68640,-50.529123,4405.320197497796,17.24252741994358,2.6824180899003007,0.015346363373100746,31.083342306315895,0
68736,-40.486326,3438.7311588029515,14.946672713682354,2.6474807466578345,0.03706805072724817,41.44114717394113,0
68832,-65.76784,5696.983043535567,22.42165888860293,2.9298449838850766,0.0599715922027827,46.08826002746821,0
68928,-48.164122,4174.198649492138,15.369721953579926,2.949471376136096,0.04209535364061601,28.123966372162098,0
69024,-84.82129,7495.550730676333,25.896405410253973,3.500349546501528,0.046448095809472234,36.28040451839567,5
69120,-45.578581,3895.9905460560713,17.600325847388163,2.6300419862000965,0.01910404432564977,37.60157058686018,0
69216,-68.043018,5883.533991229932,23.53024502403385,3.256336530848479,0.056404632888734374,37.847314090281735,2
69312,-46.950063,4058.50874463952,17.49616411843613,2.6890442496061033,0.0027006013318896516,28.726505770981312,0
69408,-48.136636,4157.676437974419,17.150633038294846,2.7079819906485376,0.02209928110241899,39.48824986681342,0
69504,-45.052436,3847.8151346691084,17.128732591886546,2.2351797954107675,0.036106168292462826,24.952437130361798,0
69600,-35.159926,2941.8996123475245,13.821968711620393,2.703800219528092,0.034187952615320705,24.750417809039355,0
69696,-45.440188,3832.6050732334265,17.325347470216368,2.2257013575102245,0.06841682959347961,29.21313339024782,0
69792,-28.133986,2391.104988576439,9.973160904560267,2.5037104373893095,0.015300271101296004,31.417288363426916,0
69888,-68.752832,5981.7063385309675,22.543936800369064,4.019764448086098,0.03764547463506468,17.875819801390172,13
69984,-52.19462,4467.617755043767,19.01957694428633,2.736910593372253,0.04785366356372833,29.540240666866303,0
70080,-43.376668,3706.9351245737835,15.459550778870753,2.8233834138805287,0.03600655887275939,31.046573681980366,0
70176,-46.538872,4020.938791244692,16.68253087768503,2.8735556073257054,0.011686826683580898,42.086149073988196,0
70272,-45.145306,3866.5167192555605,15.341255308256716,3.034893417290695,0.044253667443990674,31.409188801795246,1
70368,-50.075075,4357.8832496619,17.154020765981915,2.655992820654199,0.019175967946648664,32.876466470658784,0
70464,-47.761281,4117.856731734929,17.678770555922846,2.5836301516184266,0.01637535635381937,32.12519004896283,0
70560,-73.990655,6562.09161505298,22.738356521267225,2.9286670548201337,0.02511768434196704,32.37703014194966,0
70656,-58.155456,5027.412557525332,19.60940353254694,2.9047684641334452,0.055773473717272315,38.594777909219275,0
70752,-48.28786,4165.926151047046,17.100899637875965,2.66637729138212,0.028785148449242126,39.16722111135721,0
70848,-40.370313,3467.696884776068,14.803327537337733,1.9795848492278107,0.03070078063756232,22.319648455381394,0
70944,-46.745359,4039.990747553003,16.839279063878372,2.800685542494844,0.011559549160301719,30.48328519374132,0
71040,-68.03384,5925.866550789679,22.393018367800412,2.90442336996962,0.059699945318463676,42.7563408921659,0
71136,-36.653012,3079.8904941413402,15.787067487745478,2.7425911478339438,0.001396705769002471,37.204140375084,0
71232,-48.062683,4130.764536658139,17.85826351233356,2.7239816388781657,0.02053103260695932,19.14805448052915,0
71328,-42.944064,3709.7755779895506,15.517082048693727,2.5338140783890815,0.0118438921868802,22.76748968869448,0
71424,-37.207135,3168.4274888671603,13.98052635520034,2.4057216965598758,0.024427560158073902,27.10756646052003,0
71520,-42.429715,3609.3226718284427,15.370879271828931,2.8814818467847565,0.03817546851933007,27.98983800128102,0
71616,-25.42375,2141.2180911975274,10.596480137267836,2.018063546268211,0.0016932778060435583,32.38813238039612,0
71712,-47.253132,4096.687885939056,16.648533281353703,2.6223964870827308,0.016182336730784508,26.08058477863669,0
71808,-48.831358,4219.316093482777,16.117310935902974,2.2910235201733222,0.05910631101578473,26.355959228724245,0
71904,-63.783091,5588.82535696832,20.724004242396262,2.537406310109109,0.0441782331094146,42.84040127769113,0
72000,-47.628832,4152.636157951244,15.421457394368073,2.253128869288484,0.03831875659525397,25.185630981177095,0
72096,-42.138267,3594.298368156,15.724308314290985,2.583627745747709,0.02963595502078531,40.24203249558806,0
72192,-65.907315,5714.152531600358,22.925017497920354,3.117605336913114,0.04274945408105851,15.427755932809987,3
72288,-43.246609,3657.855865074692,16.224255778174697,2.6495910453103972,0.0493958365172148,32.499608375132084,0
72384,-56.11592,4807.944692573012,20.782560323306672,2.854665819247277,0.04398921728134164,24.386584483087066,0
72480,-34.697927,2944.034165932595,13.328659189997657,2.0144451767270315,0.030213969945907637,8.014396467208865,0
72576,-53.119554,4534.946854611138,19.735183405804243,2.8767380517877044,0.04658899269998079,30.205085945725447,0
72672,-49.841153,4291.800125543789,18.346308769269992,2.6729089832572646,0.023339688405394576,23.46028929308057,0
72768,-30.557505,2561.5925352225104,11.312214166100123,1.790244925140699,0.055454478559917586,17.0884811411798,0
72864,-37.053186,3152.748387297572,14.369627630458718,1.819481541950513,0.03246808163821702,29.093590206056835,0
72960,-47.798645,4109.320101577969,17.033274085212682,2.844807590656024,0.03050255980342631,33.12585954353214,0
73056,-44.120143,3705.1950938423965,16.967040387909787,2.8906357227115267,0.054788391664624236,21.819849718362097,0
73152,-37.887305,3267.5808582370873,13.395578338622716,2.011819856196582,0.02587302569299943,34.87842735022306,0
73248,-35.385489,3005.85961225235,13.120342311167333,2.411039552196285,0.028424971178174108,31.891289100050926,0
73344,-54.06053,4676.049788160842,19.305476136631068,2.836730868061097,0.02491313311222354,34.082984859496364,0
73440,-58.104315,5010.4690981104595,20.26669187872317,2.620296112157523,0.05809985455125577,33.885500823706394,0
73536,-58.900561,5128.165209634504,20.203372150912507,2.765733093546687,0.030106967736623802,34.50009730562567,0
73632,-24.45802,2001.1701792935637,10.030034032865835,2.2908668835119834,0.03473073299974205,20.380360293239352,0
73728,-30.902802,2592.08752911977,12.465508545969758,2.2979810647469887,0.0215387985110283,35.16705146431923,0
73824,-67.918097,5889.242285664722,22.608544051218775,3.2581791909707647,0.06265596749359059,38.755337496697905,4
73920,-26.476313,2198.294212997225,11.650410392511349,2.248697151277554,0.0065845848992466816,22.96138611286879,0
74016,-37.315383,3161.403412255473,14.0708917420258,2.4576522026114165,0.033134717307984896,45.73706296235323,0
74112,-28.930192,2454.7648693251135,11.79294073341947,2.004484696016929,0.0028577907010912673,31.928034158796073,0
74208,-33.528383,2830.3352138121663,13.081034359313051,1.5939867219119772,0.04420837522729448,26.341682961583135,0
74304,-46.839827,4021.637687088956,17.11148110837274,2.368027701697314,0.036186291836202145,40.776461682021626,0
74400,-47.283664,4029.296222037906,16.56996511233804,2.682634786198552,0.06311056651175023,39.931242405623195,0
74496,-35.372212,3034.5874697083004,13.075150333928814,2.4212140386163554,0.009020453877747081,32.53501316100359,0
74592,-66.04549,5751.107188351154,22.766307426429673,2.789007259369737,0.0392615601420403,43.49646062105894,0
74688,-45.349128,3843.816616653089,16.837042111394755,2.305395803038589,0.06251273304224014,31.596281791329385,0
74784,-37.609621,3154.4304074062456,15.104556927529252,2.317954980675667,0.04045119658112528,27.162270072102547,0
74880,-29.71557,2510.731030455641,12.07320773749876,2.148094523801335,0.00847063791006808,27.556985182613136,0
74976,-51.664662,4481.684816794974,17.426760025373483,2.949922586518838,0.02932113421786775,37.655294009745134,0
75072,-37.850432,3216.79730480708,12.996213670111475,2.8749790364424936,0.0422402307391167,38.40529725641012,0
75168,-43.594426,3741.998942816204,17.061809003016222,1.975194227679415,0.01772109214216472,24.355487767457966,0
75264,-43.214254,3690.669500672224,16.67213728756701,1.9430649688406527,0.035246096551418415,31.01766147077084,0
75360,-30.467988,2587.120353334991,11.633871903044646,2.2922349818695293,0.012648606486618585,46.55084908649325,0
75456,-36.276522,3041.749444107021,14.516013321168737,2.6520111000470985,0.0295612780377269,44.756188720464706,0
75552,-55.945372,4796.565608865911,19.181248374469615,2.880282123105147,0.07154855597764254,31.575051905959846,0
75648,-18.113862,1423.1349349934917,9.954053347345244,1.9364381159202657,0.008114783465862252,33.78231808885931,0
75744,-40.432052,3461.3520973102254,13.458562834688038,3.0111951936290993,0.038432260230183646,37.83972539052367,1
75840,-51.874985,4538.526344207242,17.77160550046904,1.98254685164413,0.02434804886579517,25.709309376776215,0
75936,-66.222831,5725.898100302548,22.372018031062133,3.404212308456363,0.05937066562473775,30.120733304917817,9
76032,-52.880581,4562.738473893302,18.8580246727067,2.990330065465571,0.026643801147216317,38.49428683772683,0
76128,-28.123747,2373.5100047493156,10.212942025538327,2.4671080715741485,0.022528076544404085,26.80473211616277,0
76224,-59.722043,5193.594905807315,20.11142824955142,2.9659155808850963,0.037753262743353944,44.844326809495676,0
76320,-24.554298,1997.0045723463638,10.786709798842514,2.5925486386312597,0.020748010277748197,24.370308664739127,0
76416,-67.305615,5910.304830440725,21.320485596606545,2.8104252069588216,0.04548340104520332,47.63645128116011,0
76512,-52.340566,4585.861164686843,18.15297519735547,2.4877393637277607,0.0027310989797115215,32.51195324242114,0
76608,-49.154563,4213.354245623433,17.85608692649133,3.0393485856750653,0.02989696878939868,38.7397552318871,1
76704,-48.72962,4202.343513834655,16.27893997444838,2.3651118949065446,0.058430544659495376,22.055550808906556,0
76800,-35.029188,2967.504246217856,13.823314627269713,2.4284356404111884,0.015718456543982073,44.64556876316667,0
76896,-52.106881,4528.164937689704,17.682467234907076,1.9709510785237552,0.048807413317263126,27.144019101411104,0
76992,-32.54006,2752.353626649055,12.491567532882241,1.979109700312133,0.03182727377861738,23.28191256210208,0
77088,-65.523464,5710.47973965272,22.268835005279946,2.988801878163603,0.03616637419909241,46.09959036275744,0
77184,-31.067401,2600.0121364422685,12.672710246203764,2.675777505121661,0.013010390475392375,17.101278375536204,0
77280,-47.135496,4052.8152961736273,17.47552550593253,2.844869467289041,0.015115827694535289,35.21121854871511,0
77376,-48.669391,4199.706815393957,17.940583931998226,2.59835060286385,0.016720506921410583,36.27991963744162,0
77472,-39.84043,3405.8933676282295,14.209997267788191,2.7215757686563884,0.02865778598934421,33.762978087365624,0
77568,-58.47256,5071.068176518475,18.866680963609188,3.9048562879807256,0.03599542863667021,23.0539056879282,8
77664,-59.37477,5185.7544546709005,19.133705499470118,3.2124898636114145,0.032807866983899925,27.069018026143315,1
77760,-31.114924,2686.3627576231,12.126772528746633,1.3937388123312056,0.003717975690960773,27.47132746770978,0
77856,-76.979287,6709.113724494611,25.65398240870843,3.0647154032406903,0.06440456528216604,27.359374104887248,2
77952,-52.224935,4467.993560409534,18.91407610871786,2.954743009976645,0.04592528380453592,39.86863438472152,0
78048,-16.83539,1334.0283320111919,8.969925649818304,1.9378881494146325,0.0019315922632814342,33.34452485531568,0
78144,-60.80985,5265.257303512642,20.709569713755656,2.712337500969796,0.05729807056486608,40.76715197890997,0
78240,-58.528707,5104.921194292815,19.57346988291333,2.8923395140779853,0.030034569650888465,40.75285990953446,0
78336,-49.072558,4208.7793586412,18.340393900924777,2.9521131248925956,0.02012003846466548,30.33361266985535,0
78432,-93.220965,8214.714745736312,27.855575141656676,4.111152447646402,0.07151227523817827,20.72150591313839,14
78528,-65.710072,5690.46292946916,20.643915107901762,3.3575781120445707,0.0846157870402462,21.571105338186022,2
78624,-51.300906,4378.175046436765,19.680260462693962,2.793782227347961,0.03317096047103407,39.76517468094826,0
78720,-31.421283,2702.107460406302,12.540392593710228,1.418070813489519,0.004724138808485656,26.4548434689641,0
78816,-48.242735,4131.810020639991,17.806724266727844,2.2480921165386265,0.04555872213095424,22.309508179426192,0
78912,-51.161465,4361.371409238761,19.416371058051077,2.768769644807449,0.04102208390831952,36.05961458444596,0
79008,-83.208935,7263.976928529988,25.553287410221074,3.839929279015705,0.09114721007645132,15.103765045660351,9
79104,-36.784287,3095.409641826949,14.916144232301775,2.443409773183474,0.025198926217854023,46.215488510280856,0
79200,-42.008642,3578.9889287919405,15.83977853072694,2.739192124532829,0.02474283073097472,43.79557785257697,0
79296,-70.129262,6113.795366293231,21.66902745077293,4.15596768430248,0.055214224942028545,21.271855323761702,9
79392,-36.912466,3149.7359422996574,12.612927619895707,2.360113984004571,0.04581216238439084,19.60591637805104,0
79488,-58.997893,5104.254102170864,20.333553389528387,3.1907191228137712,0.038599896803498346,33.19310594007372,4
79584,-32.125618,2769.1365680037597,11.560715653933281,1.8428610875867717,0.015259561687707979,24.448172219246626,0
79680,-55.557122,4832.938942980102,18.413759468610827,2.4785319536153843,0.04747945405542853,28.091080331653355,0
79776,-34.383181,2891.0085686941443,13.578509211768097,2.3244256428508754,0.031318167224526405,27.257148145884276,0
79872,-71.039905,6206.969898201548,22.827517415483765,3.1460854572307846,0.0575677903369069,43.74723045691848,5
79968,-53.132668,4564.982068513517,18.88793763050431,3.063703867830001,0.03939897343516352,42.113317985683686,1
80064,-45.266022,3899.4515137511808,16.169471017301802,2.44535254461713,0.029501641914248533,16.919677608907225,0
80160,-22.630411,1829.0256297975918,9.931095932351095,1.7981478654845184,0.04277109522372491,18.438925769031044,0
80256,-47.244698,4058.046087177659,16.88939650125783,2.675873355139201,0.03513793330639603,37.860826312303544,0
80352,-29.035085,2419.379126240976,10.999280175933485,2.4262318306439994,0.03806781489402061,27.033394456058744,0
80448,-52.322347,4529.227651694461,18.583404898899836,2.5224921162521303,0.02973679956048736,32.477120661586525,0
80544,-51.255797,4504.915615242039,18.05526425112827,1.8848577280891432,0.002407926213192302,32.41278948262333,0
80640,-76.992593,6769.253139629917,23.898633447862743,3.3740485324775564,0.05205679815262554,30.956374055445202,5
80736,-66.600797,5758.443148382641,22.220241219983713,3.1151408757204115,0.07361577971789401,22.961502597630027,4
80832,-35.820098,3020.0027424308487,13.050298435205315,2.9886742871478846,0.033967396989464826,36.56475292861461,0
80928,-78.107662,6910.768695294659,24.196444821046253,2.9813522051059937,0.03656674772500995,37.02894797489047,0
81024,-78.862964,6914.912499519689,23.658974612723036,3.5216118870392434,0.08050014302134523,36.983163073807965,9
81120,-32.749444,2792.3045870967285,12.21780390898294,1.4979389962965475,0.037458757311105706,31.867518051564694,0
81216,-32.851089,2784.0528846379343,12.035107252400868,1.544794856587003,0.05214064642786975,33.70921624824405,0
81312,-70.856057,6174.007088182504,21.829306777596567,3.519942012112188,0.07728115133941177,39.203894632011654,4
81408,-66.39114,5769.068534112681,21.748311279600625,3.2753126269730415,0.05772239267826085,29.856515910327435,2
81504,-43.976101,3807.3185707143984,14.716615252809081,2.8083101628729823,0.02430711295455701,39.423279957026246,0
81600,-16.512354,1315.490324548238,8.336939829925084,1.6659508816575697,0.012665867991745405,27.08103259176016,0
81696,-56.855932,4979.962877532513,18.35853095352569,2.4935625143883935,0.03675458505749701,30.350920452326548,0
81792,-42.684053,3642.536098659344,16.636827974367673,2.7038699104755395,0.01240639202296745,35.75458537146449,0
81888,-42.839744,3666.9047631328954,16.08025351752954,2.7275201441837655,0.017040845379233394,32.399295680969956,0
81984,-71.892789,6249.550265259832,23.336921920272623,3.4571485593745397,0.06755668353289368,37.4200155583024,4
82080,-57.07149,4926.088944347507,19.774862518749234,2.793514588442223,0.05071571236966471,37.11764496475458,0
82176,-43.444953,3715.322456866063,16.234452851632113,2.0643552319313647,0.03971001133322721,24.896166005283597,0
82272,-35.199463,2955.040583844647,14.091456366499333,2.3162258020668025,0.03300868906080723,26.014288611263037,0
82368,-76.98867,6750.070099194701,24.179241681561123,3.982406450370597,0.04274889845401053,37.806276295483116,10
82464,-57.000376,4996.406636774711,18.70406509594268,3.039251774713699,0.013959316536784172,43.035168898552655,1
82560,-42.332963,3597.181864408398,16.348329243295158,2.611088392187195,0.02748070955276488,34.81482289806008,0
82656,-52.148991,4543.922376082099,18.676796456458092,2.5877492402174,0.004775211960077352,21.14598832517862,0
82752,-28.472237,2398.1545525718043,11.579330435604614,2.288695750783286,0.006760927475988943,21.772847855687143,0
82848,-45.991209,3918.1606513227234,17.39727060046031,2.2867693429596403,0.045047546707485786,29.553208304792644,0
82944,-41.940913,3543.0806737315374,15.123852453875463,2.7584886107323356,0.05797036867588756,50.06790888786316,0
83040,-47.845299,4094.966015606055,18.38451400416767,2.7435849492380893,0.018856726586818695,43.881017066389326,0
83136,-34.37904,2914.211589994703,12.619591545650374,2.386307203836826,0.03310159556567671,33.23229834958911,0
83232,-43.722014,3736.638258397265,14.737738134683546,2.818519294113827,0.0537934759631753,32.990037670433516,0
83328,-48.477945,4129.206908486894,18.33776356074896,2.953827718064669,0.033534414879977714,33.69743162795901,0
83424,-50.251427,4365.022716325586,17.912669282853997,2.267806340413906,0.02135176453739407,29.847830164730546,0
83520,-93.35236,8310.38209604082,28.187029381622143,4.096880338972353,0.01024519745260477,22.8962215936184,12
83616,-53.086744,4559.980471167654,18.7835161559299,3.0289799511801823,0.04268615860491998,39.65227937012911,1
83712,-50.561824,4368.431708815026,17.41633364196021,3.0447990771131748,0.0289791436865926,17.46856249719858,2
83808,-70.941119,6187.611146527614,22.090163561839013,3.332257498337292,0.07367034349590545,25.542469306141136,4
83904,-31.428624,2675.9847141572855,12.559477378039537,1.6947942402017002,0.014867745526134846,24.120712204873563,0
84000,-34.682563,2975.236343807619,12.78173185895024,2.3222214441286675,0.01111941114068038,34.05608690813184,0
84096,-54.436847,4725.748301130732,18.943009607133234,3.0492813323595804,0.01844992131779072,33.07283898800612,1
84192,-45.664296,3943.715911605685,16.020825004187323,2.4822484919584324,0.028532677888870317,26.273952605277298,0
84288,-40.744045,3478.281603854132,15.204086492721759,2.7835807076775354,0.019104713201522794,26.97588214367628,0
84384,-50.65984,4405.125761955807,17.27455055417289,2.3399274789106905,0.032683112844824835,41.28072675451637,0
84480,-61.395136,5414.757724154971,19.316467705331824,2.5376235633765933,0.029171295091509786,52.76121082156897,0
84576,-44.86455,3833.8087056554623,15.548971923542428,2.75568840291058,0.05063306450059535,25.14953910261392,0
84672,-30.460421,2554.2985697068098,11.783596483093403,2.0232389670147755,0.03820402491837749,27.55582538574934,0
84768,-48.859016,4230.66205243955,17.715005712372637,2.5048022281702536,0.015731504932046003,28.41912854343653,0
84864,-70.84664,6202.383979703628,21.416882030104812,3.497706865947294,0.06657688301056625,34.88964984446765,5
84960,-30.541967,2584.423004559777,11.295070006093166,2.85199810128917,0.01122780088335279,31.685732459425928,0
85056,-41.43437,3567.2914679148,14.554052242258582,2.924007922830871,0.015042407065629981,36.08744649916888,0
85152,-67.470177,5871.581874980097,21.88275251432674,3.2622373527439916,0.05897583775222309,30.169739039093255,3
85248,-45.630795,4011.856240264688,15.779997026499654,1.9137029896498505,0.0008501650765537772,29.834517711848015,0
85344,-42.473311,3591.511294001725,16.47699922561149,2.5412424930013504,0.03990672808140516,37.359987011253835,0
85440,-37.719609,3218.4432423635103,14.066254877163193,2.339020174090355,0.025312769599258933,30.87959956452251,0
85536,-48.132996,4135.758906232783,16.67513250339862,2.447634473180335,0.05292090438306335,26.52249224215746,0
85632,-35.74367,3021.329865039318,13.880514533015322,2.618379958293754,0.021257658302783977,27.762903206199407,0
85728,-44.394567,3795.9098667875487,15.207152114386764,2.9921312267263884,0.04509802944958208,29.109234564751393,0
85824,-56.635532,4962.698273521275,18.33095907857617,2.6320754192776192,0.03042877111583947,32.873171575963504,0
85920,-44.847634,3891.825818552446,15.763501556692326,2.8934390472183424,0.0028632886707782856,39.39603098601103,0
86016,-24.110442,2030.141082178574,9.513097678849329,2.2326578814940086,0.004135902784764722,16.52997033074498,0
86112,-44.502897,3806.571045777145,16.29572667154683,2.7429276997282175,0.030086504854261897,33.59378161147236,0
86208,-68.102383,5906.54342934724,22.137851465717425,3.2358203685435143,0.07341769244521856,39.65729833915829,2
86304,-56.285266,4917.892239132962,18.993370153662756,2.2392241106996797,0.03417619951069356,36.34973596662282,0
86400,-49.511322,4229.480101453689,18.027477651250297,3.037712928303044,0.0395461811635055,30.755291960090396,1
86496,-32.008801,2728.6780738058997,12.85613195175493,1.576186057010244,0.015647099608261383,30.62489752188325,0
86592,-92.553503,8242.848345328186,27.38593531818632,3.9881163938696607,0.020932842977345045,13.169192549139263,20
86688,-46.420154,4049.7256290878713,15.5326580485188,2.3081807315242013,0.022655177116394087,29.082280751317736,0
86784,-54.033247,4703.599867605246,19.555084334349754,2.522983014116154,0.008102004043757827,31.92996973946691,0
86880,-48.569723,4191.768469650411,16.681822836987646,2.973462696882901,0.030540452152490627,33.275853409171106,0
86976,-35.877976,3052.8924516731286,13.882379766809457,2.609224530361595,0.009376508183777388,28.664573429971934,0
87072,-52.420205,4475.620982538843,19.919678534192208,2.83806539583477,0.03685768395662309,33.49275055244564,0
87168,-59.301564,5104.968216038895,20.424527204630007,3.4114160180001605,0.05066381637007,24.181766850352293,10
87264,-54.98321,4840.333101264512,17.740423800558318,2.5597934533931346,0.015588967129588127,28.680812547355895,0
87360,-51.98235,4487.119077201141,18.082601702294365,3.390141701821281,0.02202149992318525,32.836153343766924,4
87456,-41.581882,3579.9358044093224,15.089068417904139,2.705868995535154,0.011563718132674705,47.43883706837892,0
87552,-54.657053,4793.875960602043,18.53309282721125,2.6459697710628354,0.006665207445621546,37.51930779650808,0
87648,-26.825467,2233.969659523429,11.153962253261192,2.325410117242825,0.01396117974072697,25.44237310066819,0
87744,-57.193141,5015.638192395084,18.259927413873125,2.930805575103234,0.025763896293938215,26.619273988604544,0
87840,-46.913838,4015.873326458091,17.537909509707074,2.9308612267360283,0.021425843425095126,42.082172438502305,0
87936,-49.226051,4255.097396681705,16.787364700414447,2.8081722160307745,0.034373245388269524,34.41721623718739,0
88032,-36.703654,3152.6683143601817,13.951546841104566,1.8633011628916978,0.016412452422082446,28.60169851183891,0
88128,-49.05267,4244.189131896465,18.292905231833608,2.57619449543816,0.006161929666996024,41.262853783071044,0
88224,-64.500052,5599.99163386933,21.337558241140723,3.0357971587786112,0.05896995425420376,23.03204893410206,2
88320,-37.428933,3223.2202871684676,12.858360455076832,2.878683031650325,0.012516565434634697,37.021513365507126,0
88416,-49.917088,4300.039520137911,18.03921234178737,2.893034410725576,0.023181005567312285,40.29343279704451,0
88512,-51.422426,4401.2663836958955,17.84494769645817,3.036789626995699,0.056104123592376653,37.039813029170034,1
88608,-49.836981,4326.439955085322,18.16734827945308,2.2754324808086444,0.014146952144801661,21.09547646135092,0
88704,-45.480957,3902.8294227858496,16.18737666612953,2.386858897637798,0.04278039224445823,22.277346146404742,0
88800,-44.443045,3717.7910115316,17.621237610771225,2.7880746475468143,0.057568944059312344,21.43547574773431,0
88896,-51.834416,4502.237062926914,18.623351592515913,2.483227548521702,0.01544994357973345,35.91101436182857,0
88992,-36.236024,3107.36817424078,13.623427707299367,1.7957236587940486,0.023801662214100294,28.765080990940334,0
89088,-34.000614,2894.1939059423007,13.134287670350982,1.966266180862899,0.022125466354191325,21.755526805520063,0
89184,-45.877254,3927.2173275418286,15.789134681129127,3.0744380175390322,0.04257103409618146,30.587699674814942,1
89280,-40.752312,3515.662086782529,14.7540173492932,2.6778069187671005,0.00655755028128624,40.77852210432292,0
89376,-45.707829,3965.3226472235237,16.425635140994014,2.468794573262983,0.009292934089899063,25.318364269584418,0
89472,-34.387078,2901.600183796895,13.063013134467358,2.392754162429487,0.033004714734852336,38.71043301209807,0
89568,-75.977519,6710.124528379044,23.698462772811368,3.4021466644463096,0.027058408223092578,36.26418999746442,5
89664,-50.492895,4355.917501316443,16.847108813325868,3.2563828256983776,0.038468961613743025,42.429641200751064,2
89760,-36.219904,3085.757851327777,13.253445445688568,2.551781409613012,0.024371983297169275,41.343355998843904,0
89856,-48.60616,4178.393028573228,18.53209467608111,2.754092911815575,0.010730960592627459,34.772126126289365,0
89952,-47.749802,4193.228663246397,15.677878418802825,2.0846969886581794,0.01868488211184738,31.172594113051893,0
90048,-66.113622,5749.383531126519,22.57530784707721,3.1121916686146975,0.04015453774482014,19.576081975996487,2
90144,-67.799007,5878.29671952195,23.059611125101792,3.019496817370714,0.05935720670968303,40.67050316274167,1
90240,-44.472166,3797.903675183073,16.29263415255979,2.7836425283723285,0.032792157307267256,42.143389870673424,0
90336,-53.534343,4672.902150528414,18.434746794503035,2.592055094969725,0.015871710516512372,34.50222220242025,0
90432,-31.527789,2661.606475652404,11.881010446535146,2.3570061312924944,0.026974579319357928,16.013254064768557,0
90528,-47.678758,4077.783755162338,18.203066495005345,2.6646369181015803,0.024943044036626782,35.55306333631276,0
90624,-43.656355,3734.9317628010836,16.29810908672527,2.7186009983203205,0.022010964713990777,38.17976886287331,0
90720,-36.683005,3122.4581102239,14.182214724773747,1.8459920100758431,0.031024205125868398,26.59972919881344,0
90816,-45.826091,3928.1412689585536,17.129667197968033,2.273823997915504,0.033083217404782816,28.203955460190773,0
90912,-50.892772,4422.479598534532,17.468059919456646,2.6594497874865892,0.024251882918179035,38.16991455033421,0
91008,-38.054603,3231.316934319343,14.37701426944745,1.752024143766182,0.04850132142830832,19.18438768565655,0
91104,-51.901473,4479.372506209504,18.640670429035843,2.5271134785430087,0.03364678602665666,30.440258245915174,0
91200,-50.220564,4355.085432937466,17.392874174028858,2.7041200492100357,0.02467992808669811,28.657409107983113,0
91296,-52.023109,4451.6278534989515,17.494219729476097,3.126610947034823,0.0671946978196502,32.76271101981402,2
91392,-39.334976,3312.9486589392327,14.291387804294892,3.1445911718915878,0.044015745818615004,25.14551830857992,1
91488,-49.452592,4258.683162887003,17.772748429506986,3.0305317312539093,0.021448217146098625,22.23122845768929,1
91584,-47.863957,4123.471059689549,17.62157634314552,2.3604280902331434,0.026573466137051582,34.04384705811739,0
91680,-35.117172,2948.1354928492624,14.802447840382827,2.54010141216935,0.011936126276850756,36.89097265988589,0
91776,-23.924792,2014.6697420008984,9.47212577761843,2.229616853859712,0.0029739823192357906,28.226316289156678,0
91872,-31.535955,2701.3501216807254,11.968486065829682,1.9737520767610428,0.009493833966553122,39.247390785068276,0
91968,-43.336377,3750.599765517273,15.061622839347638,2.8252439769989293,0.012119649536907695,21.090141726732252,0
92064,-50.58177,4399.346993316674,17.53876835442439,2.717196114682786,0.015986091829836402,38.38444920361042,0
92160,-52.003669,4472.357068396898,18.99339774036274,3.0357099216011427,0.024519659765064705,37.247569406628614,1
92256,-71.514974,6261.037690319718,22.03443786315593,3.4603741374421593,0.06067439317703255,41.66675058141351,5
92352,-51.974184,4446.173556201479,19.61198340526199,2.899090014937334,0.03128115963190797,36.83629570618272,0
92448,-42.344886,3611.535754270595,16.08930707510897,2.5192053547785234,0.02633696720004086,42.02706522837281,0
92544,-53.595273,4669.842123782454,18.43824744048155,2.5146648688972197,0.02396741602569824,26.92497992306948,0
92640,-35.912365,3095.8370944798344,13.432210011309435,2.3005561165855655,0.0002738913521169728,33.67594325616956,0
92736,-37.632544,3198.826311790838,14.65378755615407,2.5812124288015235,0.014377303794026353,38.83544090062379,0
92832,-45.105013,3885.0149245738685,15.697457750803515,2.541891213747742,0.035258015990257296,34.27191087752581,0
92928,-49.652566,4351.464424960528,16.3876137018099,2.422588629068624,0.01684016846120362,23.939040897190566,0
93024,-49.856881,4320.105474520759,17.511885302812395,2.756697418036123,0.019972100108861912,32.83534939631819,0
93120,-78.582221,6916.078353530838,24.015962982796996,3.4176355676409624,0.05663963835686442,30.74523530185223,6
93216,-67.319016,5951.0513350301135,20.028044397885584,3.170724637506459,0.035453313589096036,29.4782247543335,3
93312,-45.981827,3987.6050231347685,15.308711105090206,3.143954264284118,0.01703880690038212,24.363303206264973,3
93408,-43.199781,3710.6244229403596,16.594223705963778,2.5662724585747125,0.005917359888553575,46.350312680155035,0
93504,-43.858294,3763.7023501753174,15.524344351348756,2.916502722317018,0.026491091772913977,39.53521746590734,0
93600,-66.55888,5809.419144310409,21.7375638673455,3.209534255342437,0.04397374466061599,22.474189168661834,4
93696,-45.475964,3919.4419326209654,15.731778422679463,3.067548330936485,0.02233280725777148,26.593878260850914,2
93792,-66.913755,5801.565220853124,22.206583514536742,3.241183679859681,0.06264360975474126,30.465717296600342,7
93888,-51.143282,4435.200923278965,18.11881057609906,2.9186923336187762,0.012543497420847372,38.51252569869161,0
93984,-25.195187,2031.0487148445795,11.848870068147331,2.151057149407246,0.031307719687097946,20.97818682804704,0
94080,-38.96994,3337.6434187742198,15.25269020152409,2.206060362721783,0.00901832152158022,32.22474347651005,0
94176,-36.940554,3133.0894492826274,14.504959883246995,2.625635634347468,0.013861126266419888,42.36253792673349,0
94272,-45.599733,3938.999274361007,15.846786188116612,2.8913782453805084,0.01994353309273722,39.8487273453176,0
94368,-40.77174,3492.018582845987,14.076919899726157,2.9515261401421706,0.0298578554764391,35.79665654018521,0
94464,-51.012289,4394.853179098531,17.12037748827067,3.178979184951307,0.04373679980635642,42.851892536282534,2
94560,-30.621464,2600.2506280302487,11.676066295620057,2.786040476625487,0.00011480865313817645,40.38650739908219,0
94656,-36.435096,3116.8752441782667,13.78609161069163,2.387975424890965,0.01168840862810605,49.92152197793126,0
94752,-50.641398,4346.632544441184,18.737301960375486,3.0681905374399214,0.021773733198642786,24.698446311801668,3
94848,-49.691563,4353.55049342976,16.663456687033424,2.3407170787463425,0.014715645276010103,27.6755010278523,0
94944,-35.9619,3007.83949023955,14.974021577375842,2.1455122150759136,0.03553957380354411,34.99117926225067,0
95040,-35.329716,2982.6794458387208,14.373916803769232,2.6295476455308413,0.009261856041848593,36.21038822919131,0
95136,-35.912974,3088.5005183535577,13.62048911411105,2.2461019812277363,0.0028920715674757846,35.674680034369224,0
95232,-50.310316,4386.973467730577,17.605554584920935,2.4091540657293855,0.013016888126730963,43.83737672418356,0
95328,-46.861319,4009.840617755651,16.362391521555672,2.8327973487786133,0.0480717631056905,38.01120045900345,0
95424,-26.714436,2183.6990828403,12.035303544951681,2.50053414111272,0.017776021361351035,25.155193055272097,0
95520,-48.061051,4150.206903910237,17.136076580795365,2.6776507443080826,0.023139889165759042,37.69867117494344,0
95616,-57.66014,4997.8008549775495,19.5535601767399,3.073663427754801,0.03910655435174709,37.887724684625866,1
95712,-65.214757,5693.566322313844,22.470590980891608,2.9964735450566335,0.022621797025203783,40.24878862977028,0
95808,-57.172955,4951.710620369432,20.90156274986488,2.5153905686709024,0.025281590782105956,35.3348494040966,0
95904,-42.302856,3633.1615043435672,16.14688071053323,2.663677720148386,0.004113706015050456,34.97259761005639,0
96000,-39.961382,3420.423593552631,14.307433541641215,2.89492612173739,0.020463069155812308,33.140914898216735,0
96096,-29.531979,2488.3210565574836,11.580370273092939,2.348873849603728,0.015673875436186868,40.05632553219795,0
96192,-42.257505,3653.5853978843516,14.219257681135748,2.910110760775135,0.019455292634665944,40.79753449290991,0
96288,-34.644032,3000.7911422073976,12.200244409178987,1.9157079507197754,0.013984296657145068,13.244024170637134,0
96384,-54.78577,4768.637444030537,19.59204877122009,2.5799065325574793,0.01265455018728967,20.75434670507908,0
96480,-37.874702,3292.7418004565925,13.579804463678744,1.8261208586285602,0.009526277892291546,29.268111118823285,0
96576,-49.814396,4328.521753824053,17.544101815705186,2.655862822923944,0.013573509640991688,29.150819426625972,0
96672,-42.502261,3657.717133977644,16.138518497487976,2.110482250885201,0.015956102125346705,26.913900979310274,0
96768,-58.821526,5125.437674975509,20.477608682635886,2.9112507925182527,0.017291104048490546,34.810222993493085,0
96864,-47.891532,4160.831664357715,16.526202183310136,2.736346175812428,0.015387720428407192,41.85127651989459,0
96960,-27.516086,2304.1422356466683,11.284976872479179,2.118420213222747,0.016120157204568386,33.71451799914241,0
97056,-42.935923,3695.289668657442,15.66711244711019,2.012984804626954,0.03184655793011193,25.91871604830026,0
97152,-42.788506,3663.6667142544907,16.313285083753495,2.6779508336751934,0.012444878928363379,41.75484760582447,0
97248,-34.453797,2898.890503324189,14.478943505714941,2.2965976822182617,0.013504643738269817,38.45332562491298,0
97344,-48.214329,4184.092183077928,16.7835977383999,2.363719603957426,0.02618932258337736,25.31598768785597,0
97440,-28.418251,2397.552130237243,11.975989621004269,2.030313512802085,0.0025204826146364434,39.14469235077501,0
97536,-49.526221,4256.81224985993,18.397000328427218,2.912023841854003,0.018279281444847584,34.92596005886793,0
97632,-31.962485,2735.508692265426,12.614252125965537,1.7843570093168786,0.007292008654851689,25.231313535273078,0
97728,-70.714246,6220.303106141463,22.122314662336137,3.1919214026358236,0.03985010366886854,44.12580142080784,2
97824,-93.960586,8350.979043254174,25.95205401612811,4.146298588698648,0.06711068952358085,15.431663879305127,24
97920,-71.068372,6243.5065661646195,21.35470954452049,3.5436009159831743,0.053963511995971214,23.104359157532453,8
98016,-77.585219,6815.058344819254,24.482880320396504,3.9546108196771614,0.03386177830398085,26.67536999285221,8
98112,-56.65961,4945.180231047777,18.8856978557331,2.229536628350524,0.04335223510861397,40.70466534078122,0
98208,-23.724116,1980.3291129621412,10.381800037944602,2.0040889619793383,0.00030994880944495984,23.537340390980248,0
98304,-42.357992,3666.0435929460464,14.909569823826818,2.7607485024358036,0.00802571158856158,46.654462495446204,0
98400,-52.94868,4578.1722846592165,18.586073129948545,3.1153124797201746,0.023000674508512065,44.123374863863,1
98496,-76.72411,6728.498473719335,25.461938691824912,3.898989392379569,0.016063182428479206,31.696757819354534,7
98592,-38.429437,3346.6149660347573,14.063854386208222,1.8494603054968277,0.00028979737115536475,25.041829518973824,0
98688,-50.821593,4434.3033652616205,17.11726587758938,2.6776846948580384,0.018153713271021887,33.68856841877103,0
98784,-59.268558,5187.200010882638,20.211543092526625,3.0974003154379037,0.006275656260550044,42.467719257771975,2
98880,-42.130031,3666.150848788499,14.873867543106966,2.0613439945667045,0.012121618911623888,27.395958914905787,0
98976,-51.833389,4474.36294646654,19.120946100763796,2.7386136460032025,0.017202044464647792,33.03454051420093,0
99072,-59.901524,5181.308587448992,20.036644221379362,3.453914348841389,0.04639195743948221,26.17796234756708,10
99168,-47.219922,4102.720616113591,16.453198435985538,2.766779216669743,0.010002990067005169,46.03581962689758,0
99264,-48.506551,4236.964055230838,16.639976355371378,2.3083983674655197,0.014770532026886996,26.279370987266297,0
99360,-76.888973,6751.895811674895,25.12776632895422,3.889145411628393,0.018401802517473753,22.976570542081575,10
99456,-30.773707,2621.416564322216,12.244934008558038,1.8894159547070941,0.008686293661594346,31.754882379919295,0
99552,-70.199724,6204.744078882199,22.72745659388903,3.0108595989787887,0.008646792918443724,35.22865004956722,1
99648,-43.406674,3694.8346484624235,16.37255283317379,2.5035994503168104,0.036341460421681404,36.105479973256585,0
99744,-51.894788,4493.087246405403,18.251412082517042,2.9738700335665076,0.019929592870175872,35.90964970380067,0
99840,-60.386643,5266.185156017873,20.500883095107554,2.9968607494421926,0.02505216635763652,43.307551021873955,0
99936,-51.072842,4472.465911986272,17.526218759842195,2.4476403872882253,0.0074173919856548864,38.36173473715782,0
100032,-25.13355,2003.4013274167507,11.71344291144958,3.2878341155165747,0.01802468560636039,18.404716908484698,1
100128,-51.107986,4421.584698560679,18.642824211989186,2.585740979709249,0.017666368186473824,38.61004889637232,0
100224,-53.988378,4742.125550435221,17.75825583094869,2.547324648115737,0.014714371226727974,28.90370411872864,0
100320,-36.295374,3136.780925431557,13.01765794361923,2.516964676596559,0.0010321311652660148,32.14425548151136,0
100416,-71.086845,6263.615376495387,22.507682391646984,3.4025617058240956,0.02249082121998075,37.28511582061648,4
100512,-71.978704,6306.664210451309,23.153304329882275,3.4801626008999134,0.038267058506608054,32.2952169138193,7
100608,-45.015811,3879.6911613095854,16.310577191458705,2.5326884056060335,0.02084339763969184,31.49380977705121,0
100704,-57.975318,5089.580137840736,19.274014132929313,2.992570324398547,0.006685620546340976,45.67437261804938,0
100800,-46.210911,4024.607067975998,16.66780431108857,2.3287632973833,0.0021995672956108825,42.96366060063243,0
100896,-43.879323,3772.3145728412646,16.750226932640288,2.756491004867759,0.0019008805975316845,41.92338049679995,0
100992,-26.669551,2217.6037158458084,11.30178925750934,1.9987518943492508,0.02023175135254862,30.93812123566866,0
101088,-57.929869,5045.385790822309,21.03335835554416,2.8259053048435034,0.0023761186748741947,31.71259629040956,0
101184,-38.263058,3248.476038716005,15.839436518653885,2.531376162736535,0.0009277228266000304,26.154054473340512,0
101280,-35.49517,3035.939789223793,13.259349302680812,1.8613295723132581,0.027562363632023246,28.41552521452308,0
101376,-38.235905,3262.66955029556,15.799225192980781,2.1217623349181634,0.0013824965804815625,25.43598882004618,0
101472,-36.21809,3085.29305158618,14.290548413687304,2.6636316717694535,0.0008361807093024698,44.53462139308452,0
101568,-42.158211,3641.300172875319,15.072149059530291,2.8114600222789,0.0065986702218652216,44.41883923545479,0
101664,-67.786668,5920.059654841158,22.11718275632116,2.994788719178087,0.050200065970420926,41.237339407801635,0
101760,-63.38687,5579.094578074654,20.775541840553558,2.501875581951984,0.02416743822395806,37.34769120305776,0
101856,-41.809362,3602.4673119496465,15.420478235761584,2.7579932492457573,0.0036898422986268997,46.7646108263731,0
101952,-24.816535,2092.0048519404386,9.693223686832996,2.242085751358924,0.006112356670200825,23.729682086706163,0
102048,-45.288164,3903.435378381335,16.090985022300657,2.471413835119678,0.0291966203600168,30.341279290169474,0
102144,-50.95211,4459.952653848136,17.48062214407415,2.3835899244462375,0.010330749861896082,41.53166470363736,0
102240,-41.747671,3615.490163654402,15.619126554829794,2.227431390988888,0.00107060745358456,33.82075779363513,0
102336,-38.549622,3291.119563881554,14.7171721630199,2.799105188697652,0.006908869370818194,42.3581633797288,0
102432,-32.875258,2802.9299330067006,13.43912252293672,1.7626419929878114,0.007277641072869212,25.41337011724711,0
102528,-47.931386,4180.158612106196,16.00130916295399,2.961522721222484,0.009653171524405535,47.757171114683146,0
102624,-42.309116,3679.992127843049,14.821018110474174,1.9881352755917558,0.017842326685786225,22.070244866460563,0
102720,-34.567447,2941.310761261145,13.612256362160808,1.9937686352535018,0.01821033228188751,14.47172875761986,0
102816,-50.005423,4360.154214060777,17.77432300196893,2.5007705677506618,0.004751696810126216,37.82534905388951,0
102912,-73.070729,6413.006551597275,22.395604476405083,3.2322962739359955,0.061937598884105716,21.662423069030044,6
103008,-43.752522,3770.0716653753993,16.484310677352088,2.677305458656721,0.002372661046683766,22.91959023267031,0
103104,-44.716598,3826.323521828406,16.73094388737042,2.9119412834135057,0.01795356720685959,30.15224785283208,0
103200,-51.167922,4433.7802468167065,19.066172957535013,2.6234643321631985,0.004058812186121918,41.453917153179646,0
103296,-47.043383,4047.435404336028,17.87974191317777,2.530166558816864,0.012869289517402682,41.69101608335972,0
103392,-36.295222,3116.47351008503,13.847483608813443,2.418670176766815,0.0005849346518517207,35.418951234519476,0
103488,-52.518359,4597.581300298173,18.39723515059579,2.285518480835819,0.007277880050242047,31.463354142755268,0
103584,-46.018548,3979.0521289733115,15.417614332647245,3.0457526886463295,0.025629445165395726,30.146412728875877,2
103680,-48.760951,4201.87445138316,18.10030706807957,2.8423210228642493,0.011679033748805523,33.7556704995036,0
103776,-50.519979,4409.467478060218,17.601966059708452,2.525232276115701,0.008974738419055939,33.95214764118195,0
103872,-45.705757,3940.4616087845952,16.637096836175214,2.765606461811031,0.013584602624177933,17.43587529689074,0
103968,-38.562792,3262.7332330585373,16.042387725152643,2.433209824091832,0.00996395982801912,31.887140968441965,0
104064,-34.473137,3017.8224774040186,11.743623119069728,1.8662292057783958,0.0016888894140720812,11.429914224892856,0
104160,-54.141966,4698.415758696183,18.120757654221862,2.4976040686761793,0.048169284500181764,34.75487479656935,0
104256,-48.771316,4180.988105472435,18.873422745436038,2.7605482006053803,0.013012591749429703,35.735930344313395,0
104352,-42.708992,3650.747161535817,16.493338359579052,2.5978874475251006,0.014290956780314445,46.25002245038749,0
104448,-45.886497,3959.3504175533794,16.630563124804198,2.9373664576291696,0.008591829985380106,21.80856768146157,0
104544,-38.004916,3266.7266345106113,13.830788868679385,2.4747815254978835,0.013233379088342212,47.24143823608755,0
104640,-66.15672,5760.586969533965,22.069523507144048,3.6397585839420774,0.03160599619150162,38.09024357706309,1
104736,-58.547806,5096.204273757235,21.10312001295899,2.8968685743156257,0.006405324302613646,26.130221439301966,0
104832,-50.863062,4409.432865803171,19.219461542896326,2.2508780507549266,0.0068362254649400045,24.49121639922261,0
104928,-43.280182,3691.1704639622353,16.897792534277816,2.693074241104245,0.014793983288109325,45.534463773220786,0
105024,-59.996948,5244.9798307035735,20.395719338830997,3.004354691677875,0.015112798288464568,34.25746253550053,1
105120,-46.412995,4010.0028733987606,17.58867965747983,2.4763374245012986,0.003055178187787555,31.790749755054716,0
105216,-38.346497,3329.115891210814,13.163497037348376,1.8626305537668624,0.02408244498074058,23.306562055647372,0
105312,-54.819412,4785.122049988614,18.88336900217399,3.008670036604953,0.006647487543523289,30.27700805917382,1
105408,-42.160421,3633.832455767599,15.825587182978735,2.125399808279006,0.014950693212449573,30.788496167659765,0
105504,-95.162674,8431.949523814332,26.356844481205503,4.329099826066338,0.0802990201860666,28.771692683100696,20
105600,-25.414353,2099.989805289364,11.036386523643547,2.4657370601689763,0.007816309109330177,25.100394937098027,0
105696,-32.039858,2705.6772621620958,12.494846254985475,2.1993902377587684,0.023658386431634426,46.04943208694458,0
105792,-68.574565,6042.743875971471,22.461113490771965,3.0497365004943098,0.012593153491616327,47.815247373878954,2
105888,-32.792872,2728.4148376481926,14.417306617232539,2.6218382194762677,0.008986420743167356,30.942185572832823,0
105984,-66.839557,5889.887243413057,21.496034373042885,3.2358714570919407,0.013168379664421137,25.97540031224489,5
106080,-39.147475,3313.1639501815926,14.40887000067103,3.0271423062830185,0.03215448856353764,24.52943467646837,1
106176,-69.860911,6146.59626337618,22.745615072680252,3.150270653539156,0.020743738673627443,32.85994741663336,2
106272,-51.4917,4464.117176991663,19.118884254500106,2.507773658565538,0.0074502412229776604,30.464338046461346,0
106368,-60.806913,5348.43140207161,20.00809916870709,3.068288445801155,0.00619023833423854,40.30300673142075,2
106464,-49.239159,4249.925595094864,18.447122362838314,2.52776046190255,0.012977443821728163,26.091642234623432,0
106560,-79.800248,6967.880510606617,25.36379739636713,3.2401379584488965,0.08108320813626047,53.9694032008946,3
106656,-43.99066,3823.6347996947657,15.808921915395908,2.477759421158437,0.001368759758770488,21.212989334613088,0
106752,-70.948203,6188.167052611079,22.512023074566038,3.3857578980483027,0.06390813197940592,31.857831050753596,10
106848,-46.939576,4102.177619526255,16.639260269009043,1.9228964249608307,0.010457552557713135,28.429284030348065,0
106944,-67.806802,5993.85401938695,21.79475313862417,2.968756937041391,0.009488886408507868,46.26969273716212,0
107040,-46.19106,3992.905065805827,16.011221231271193,2.878031537216075,0.020495359227061305,31.887862454652787,0
107136,-49.039701,4231.337056213581,16.601230100122052,3.1659165580094624,0.0319730179384351,34.12173055574297,1
107232,-38.596784,3274.7876586240322,16.195230459959454,1.9407616283647042,0.014268892817199341,21.287735740989447,0
107328,-31.208106,2637.1431240800034,12.154520758015044,2.689353698680888,0.0076384784653782956,36.99968205392361,0
107424,-47.872368,4156.8639126494045,16.881135755084795,2.779151231433403,0.008515190705656983,43.78017745003103,0
107520,-69.551732,6119.803166143004,21.97745900578138,3.3315604061602797,0.028522573970258314,42.36230904608965,4
107616,-52.183163,4585.6621569217195,17.171987445220328,2.1237030884748447,0.021697594597935688,39.36523486956955,0
107712,-43.31791,3721.056285482441,14.816295286330794,2.7632212387823056,0.03714469186961655,27.429662433117628,0
107808,-42.414335,3647.372959991483,15.604659547415025,2.0421080304350974,0.029490936361253273,24.72222350597382,0
107904,-51.80927,4504.4581183760365,18.867950186472118,2.335201135210054,0.011348244547843889,27.77510629594326,0
108000,-42.786129,3673.7267951645285,16.235789878902473,2.7955324950920653,0.003994069248437815,45.365499918311826,0
108096,-47.201788,4077.348292158456,16.958918501909086,2.819170666200904,0.01419741511344913,39.17966787695885,0
108192,-24.398309,1962.9123542742336,11.286039957037374,2.767140357117978,0.018434467725455816,19.99314885646105,0
108288,-37.619469,3220.2941993452255,13.815451928523736,2.744835781761606,0.011597115918993983,41.23355063855648,0
108384,-34.022234,2949.6160453182247,12.129197794585776,1.9036766195805428,0.008389560505747795,22.805496029704805,0
108480,-51.117031,4433.780381764555,17.11398350060211,3.060145378220164,0.028064914233982607,43.6183293285966,1
108576,-28.985496,2417.262768987855,12.33244003599617,2.471430303922265,0.008304293081164427,29.56718387141824,0
108672,-58.415558,5119.009527740645,19.531842990166787,2.9190931843295393,0.013218187913298707,33.420630850195884,0
108768,-41.694529,3603.008274838287,14.529070509135853,2.778009934623426,0.012968088500201702,45.793686812669044,0
108864,-34.839575,2970.126193726855,12.706868461975885,2.3605993596088073,0.025467501021921635,41.12916845113038,0
108960,-49.50356,4304.686471916539,17.340389168311944,2.9189558204491544,0.005799713917076621,34.80398215100169,0
109056,-76.732905,6732.451423935645,25.0510452700412,3.8542724798715584,0.02342454362660651,20.345491801500327,7
109152,-48.147054,4161.888116472725,17.15939447927194,2.749762541438591,0.018696638755500372,38.13640050053596,0
109248,-37.00212,3160.2714435586972,14.37414586381856,2.4522494431018664,0.007084146700799432,38.76068415626884,0
109344,-31.445214,2668.13544812032,12.296792155397338,1.827196956931743,0.022929548844695002,40.40438679084182,0
109440,-45.969824,4014.2578029321135,15.549929173475338,2.447140605167203,0.012227366864681233,27.084721630066632,0
109536,-55.268862,4828.508861685207,18.833413729033822,2.9525043041990475,0.010183165408670924,43.99513518556952,0
109632,-31.999725,2694.372499685736,13.306450780219214,2.135055384006548,0.014002862386405468,43.38998007759452,0
109728,-48.599739,4234.033157717612,17.196857746240806,2.279115760874719,0.01258026957511893,30.478427324742082,0
109824,-47.432411,4126.777683479503,16.58571341528001,2.835870213948889,0.0036381458863615768,42.33244417965413,0
109920,-46.737825,4031.2745549036936,17.07711596753196,2.582315952460285,0.017934557236731097,35.231649752408266,0
110016,-35.891267,3073.130158277796,12.545882395150608,2.5670500938804164,0.024625357985496477,27.311588265299797,0
110112,-48.152254,4204.09458979581,16.731621602098603,2.5344037508855743,0.005204028175457509,39.62962909758091,0
110208,-37.712446,3245.4883384138484,13.371531148351218,2.788666522099308,0.008709090389311336,40.561275492906574,0
110304,-25.40523,2112.4908280759078,9.766391731111117,2.221653660599647,0.03078288063406931,34.235838944017885,0
110400,-30.737553,2598.127632333841,11.97855895640834,2.102293801706857,0.021452764794230472,37.00307358816266,0
110496,-54.369364,4782.689124039775,17.761795158395714,2.4480874431728648,0.015646614320576235,29.792922964692114,0
110592,-54.201576,4714.413070997362,18.766107996047314,2.949734108407318,0.016514588706195377,39.602359854877,0
110688,-24.729771,2052.975001151625,10.291973450396315,2.425135988453621,0.00949163436889644,28.162706703096624,0
110784,-77.129264,6813.998892352333,24.382467455477965,3.5178162696435447,0.01782723814249043,37.83190287753941,6
110880,-38.871797,3341.0377051261103,13.444003015760742,3.1890113665174424,0.01017429661005742,25.64916730359197,4
110976,-31.126859,2631.050925156838,11.974116682959563,2.6631785627249993,0.01058953050524003,42.86227159246801,0
111072,-45.402448,3936.5363343754725,16.9141195269323,2.2902091096746746,0.0031176825985312906,39.70390352994203,0
111168,-42.575411,3699.162220812713,15.710620979343982,1.9648032568256384,0.005645399913191795,29.301495057493444,0
111264,-31.056706,2662.779439730997,11.85891878801092,1.7885740448250047,0.010387069918215308,33.27220804646612,0
111360,-36.850159,3173.5204434987827,13.494918944756748,2.1534460427392723,0.013673379085958004,45.58856011524796,0
111456,-38.200447,3278.150268101317,13.785431894471419,2.9633663661403347,0.006531198695302054,38.49432829245925,0
111552,-65.095091,5725.6804023086,20.78803884907664,3.208175365751093,0.02124037016183139,33.95493072062731,2
111648,-42.278815,3653.393892180648,15.789218844534407,2.058743472676622,0.012307508103549525,29.349874697327614,0
111744,-48.185143,4210.456691357751,16.671577444638707,2.448666414703619,0.006642430275678679,41.10704524621367,0
111840,-65.557905,5743.549333636002,22.23918502555632,2.983468651244429,0.017151255905628215,46.95844013035297,0
111936,-61.271727,5370.77467978687,20.627763233079556,2.2441522986738116,0.03186600841581827,36.6539736841619,0
112032,-47.836789,4114.089325305065,18.003679765219964,2.273988898221595,0.02567972410470254,45.972601807862524,0
112128,-30.478568,2599.9873391209367,11.21705971016177,2.064070878760135,0.019196588987190455,40.76868549510837,0
112224,-31.408377,2714.3332012573132,12.074097932826506,1.4037951106553896,0.0054198330268262485,39.08410268604755,0
112320,-31.660112,2640.4661169503006,13.23083428589369,2.6460718467956035,0.01518477313220501,38.5799834240973,0
112416,-61.758655,5457.101379644545,19.804886991616584,3.04288112969418,0.001934871263802096,52.22093007594346,1
112512,-61.319174,5401.740107395332,19.67185485576994,3.438964433750676,0.0016420185565948486,46.566093842536205,4
112608,-60.100938,5255.555910483003,19.342148018641495,3.1019432248409458,0.03346383254975088,33.10867387354375,1
112704,-43.208208,3703.7579625306544,16.581103893524332,2.843822265618159,0.00391791481524717,28.46480066969991,0
112800,-34.126419,2894.8830486330194,13.596252106659708,1.9647209672733077,0.020854975469410397,28.791704571098087,0
112896,-31.470963,2646.498829227031,13.052761140707759,2.1817260712051865,0.0144970467314125,40.6575481557846,0
112992,-49.912779,4368.466870793684,16.43469542119393,2.4094964727769135,0.022260225377976894,28.691562899500134,0
113088,-45.430247,3986.0738515083663,15.816247310893333,1.9442608079430603,0.0031286448240280818,33.605766679048536,0
113184,-62.699796,5492.600785123051,19.883143207777817,3.148113860004528,0.03664000555872926,29.64125631079078,1
113280,-47.280377,4078.1351441679512,18.28262458948775,2.2311069445053167,0.008119662106037151,40.785720565617076,0
113376,-16.291383,1309.1672944268496,7.670029184719612,1.6844859911235603,0.014993786066770598,24.741291224360467,0
113472,-28.614136,2410.111426668522,11.718933420437365,2.2141537348830074,0.007445339672267459,25.74670101031661,0
113568,-53.671494,4692.8963902978,18.542806413047185,2.4687315438020105,0.012813040241599127,38.734540894776586,0
113664,-50.063221,4339.427552988133,18.44047817590601,2.2866326611584507,0.014809937216341384,27.13056703582406,0
113760,-58.585729,5109.487051621479,19.5009381285806,3.043777802589118,0.028204387240111817,25.860960379689935,1
113856,-55.882857,4833.391846987985,20.98701541369213,2.840596788694398,0.007773028686642647,31.31652065828443,0
113952,-44.607073,3851.4908522925916,15.941590969460053,2.4665597013945115,0.021537559852004118,30.46402099445462,0
114048,-54.642355,4697.588655108149,19.308805672097172,3.0705134833469026,0.043041423708200466,43.08869198948144,1
114144,-38.61268,3318.9069570586066,13.970302780123648,2.1591967352962396,0.02458941210061305,43.39242479160428,0
114240,-34.371152,2921.7784937589045,13.085120870931872,2.01520586180464,0.02811653260141611,27.852378249615434,0
114336,-51.273768,4434.44911122077,19.079393432506958,2.4848636892806946,0.014100891724228903,40.757578900009385,0
114432,-49.622294,4281.356103488439,18.91274669616303,2.626987644512308,0.005607597902417272,36.82197201043368,0
114528,-66.21556,5828.505565575593,21.373046418805487,3.0987448891474663,0.01860615294426682,42.04404307514429,2
114624,-45.489018,3928.179483989773,16.1889205552093,2.9082461065322036,0.012483229488134406,42.152393485456706,0
114720,-64.725395,5696.690362222218,21.562882362530097,2.8101746769965215,0.01103714294731617,47.372010807096956,0
114816,-44.256297,3838.6572804937646,15.330410028740982,2.710445782361898,0.0124282171949745,21.02004341527819,0
114912,-34.600805,2964.4849676478048,12.65021624421892,2.73988180937056,0.004329213313758407,37.44850194275379,0
115008,-32.066444,2783.714162831398,11.833923790638588,1.4772849470858112,0.005880776979029223,32.08609446972609,0
115104,-42.798051,3674.1110636275707,16.283881147078137,2.6021267056952286,0.008728340826928638,39.320915313214066,0
115200,-68.504888,6012.562574790129,23.27452334902491,3.140345642980981,0.009384492225945062,45.67070366129279,1
115296,-52.041166,4507.158913574961,17.89616869255556,2.899024489692946,0.029407748021185454,40.4311138741672,0
115392,-43.347033,3745.9141108473964,15.798792167689289,2.6253847670141823,0.006540035642683573,46.76352056130768,0
115488,-32.141693,2737.9973260698935,12.401962773804568,1.5361280528060899,0.028445302714642795,33.056795347481966,0
115584,-46.166974,3965.8333123924754,17.884045494527516,2.429626465604219,0.011438475549221117,31.912302445620295,0
115680,-37.172282,3191.261139069863,13.612612000591902,2.3886032248264644,0.014696352183818817,52.3712969969213,0
115776,-70.31447,6212.56961866927,22.82608621138449,2.963520430787833,0.010369318164885066,47.52549353644251,0
115872,-65.800379,5766.673728602238,22.19279061496662,2.9619510973189147,0.019401619769632894,48.022187025398004,0
115968,-28.369695,2411.8336145278245,10.790015475721054,2.3228465895730803,0.005681066215038277,26.356412017494442,0
116064,-58.806504,5061.227598563701,20.09231052356667,3.14521888331738,0.06056316513568166,31.09180399656296,3
116160,-42.981641,3674.4539442203563,16.79085677212324,2.7295612426997655,0.00720130782574413,30.910114063024523,0
116256,-42.618228,3674.9177485930613,15.711703927201343,2.7794417786372034,0.0029175383970141966,43.10524277195335,0
116352,-48.673903,4226.158758848504,17.16055006148575,2.5139086448479775,0.017239101603627238,42.78850401043893,0
116448,-66.728148,5841.69846540402,23.086204755518104,2.85380988455801,0.016251854971051194,47.786295443028216,0
116544,-23.027647,1949.894420274821,8.746112203450757,1.8705483684535906,0.010443331487476781,31.77739748314023,0
116640,-34.912764,2988.083935490946,13.217246986884946,1.8394543167962705,0.022064573876559745,27.50859129309654,0
116736,-71.385649,6294.633629115275,21.86965391379188,3.067717660500073,0.04342198222875604,25.478007217496636,1
116832,-54.278066,4725.520461825164,18.54046565106347,2.9843880362691846,0.01779778283089406,39.11560717180372,0
116928,-47.515098,4109.722231772773,17.005704242433623,2.7244895692097595,0.015091249160468667,44.64796553343535,0
117024,-29.290581,2486.748435939752,11.067899647015336,2.2924338925810606,0.01238351389765735,39.57015666902066,0
117120,-55.969666,4868.1239489909185,20.3065760908525,2.4434184391523397,0.014605744369327989,38.253945651650426,0
117216,-37.933072,3283.7056167174396,13.378420872655983,2.3593588200656876,0.009249741956591673,45.43103006094694,0
117312,-38.573207,3361.004081896319,13.60562172849848,1.8153198043380212,0.010356807708740257,41.11201697587967,0
117408,-42.888229,3687.1883657318413,16.2662485083675,2.573867420275034,0.007128269411623478,28.898147869557143,0
117504,-36.212379,3083.734781106417,12.95914345967892,2.9676293607903417,0.020015761069953453,45.3470501407981,0
117600,-47.046567,4092.456153278181,15.050013287275297,3.0679427021741996,0.02532165609300141,32.390373938232656,3
117696,-52.209542,4527.6129802006135,19.200356248341368,2.2549306319613724,0.01808885354548695,30.337876566052433,0
117792,-65.099252,5699.89065330566,20.765384053038094,3.2991325302507857,0.03673848956823356,36.443313607573515,2
117888,-31.955091,2728.45297142068,11.671584668996761,1.4317500082008348,0.03975903391838076,31.717659286856655,0
117984,-70.48876,6203.023118121107,22.829094554286048,2.86147112644611,0.031014133058488436,26.86746352627874,0
118080,-58.030786,5014.37181035188,19.47494623030434,3.339804604616539,0.047244137153029386,35.99173796400428,3
118176,-52.141803,4505.541208565675,18.55049327344156,3.05683363863425,0.019900615327060334,45.72339454486966,2
118272,-41.780127,3606.4019567507758,15.110222385326637,2.5732235531478382,0.010250113159418095,40.88604270920157,0
118368,-52.191037,4526.7941721325915,19.154275276775543,2.2492917464633253,0.018473057262599457,36.949869612753396,0
118464,-45.495056,3906.039351365496,17.092281977327442,2.790380137217574,0.012721729837357976,47.521934581398966,0
118560,-38.22154,3281.0052572267386,13.33975854017687,2.9640990273136354,0.014928011596202884,45.735469594746824,0
118656,-30.55471,2569.0799892311716,12.260769968207422,2.348940205731944,0.01640685014426707,44.82779362082482,0
118752,-33.659752,2890.77176214062,13.145085329071986,1.5946363488470725,0.011376962820558112,27.253713023811578,0
118848,-43.288186,3782.2399849317558,15.564827013538705,1.9470650111330892,0.0011674972251057847,35.835320513844486,0
118944,-67.013252,5861.362226153984,20.7735276102447,3.19825337178383,0.05921798143535856,36.23820927798747,3
119040,-95.509939,8431.793523017064,28.0755040812972,4.000309280937456,0.07794861160218713,37.93197059035301,8
119136,-45.053902,3884.540724308138,16.59674089955954,2.7379967847638538,0.008951598592102539,41.18212545976043,0
119232,-47.128211,4105.2665839126175,16.74934906370737,2.4878171007522996,0.003707590512931347,40.37906434968113,0
119328,-42.869857,3698.160306366183,15.996025817512031,2.7067337641308917,0.0004501560702919738,24.691255178302526,0
119424,-49.006658,4290.1905471503605,15.14380753568012,3.2162782946491535,0.01833993680775159,36.79767120242119,5
119520,-50.634943,4389.796379994751,17.886781275531504,2.852700966845495,0.01532431170344356,45.48940335422754,0
119616,-28.36585,2420.8684164729393,11.084311663557013,1.8500267759802038,0.006124104559421584,20.24808019369841,0
119712,-31.197369,2655.9451590860585,12.480530008174961,1.989915703723542,0.00651944912970065,26.80476887911558,0
119808,-52.327316,4558.893951897256,18.515783857960482,2.706447125884152,0.006737506203353449,37.732359313964835,0
119904,-66.161895,5769.663537373764,22.092982454781605,3.090625392197628,0.04007430803030737,38.08662722766399,1
120000,-57.65637,5016.044856554553,20.520422169942922,2.609358424924988,0.019736786745488732,30.610015861541033,0
120096,-52.778583,4551.355200897165,19.537630973262033,2.3474075047966223,0.030985226295888457,26.073167344182735,0
120192,-52.834755,4567.133213633839,18.657299117171178,3.0526692240783584,0.0230110367760063,30.14740424707532,1
120288,-35.369243,3057.712786043555,13.418182508050966,1.8619522777213726,0.0014586599543691126,28.17401067614555,0
120384,-41.008509,3508.723258553952,14.949936931234209,2.8165396532154583,0.020645286515355132,49.33792213588953,0
120480,-36.693493,3165.7488848552175,13.553447345346573,2.2787435088209804,0.003898140415549256,56.51550624549388,0
120576,-42.644082,3706.6247518049604,14.873874284672178,2.7461534031823773,0.001147418469190642,35.73318063005805,0
120672,-46.978741,4102.388408582339,15.91390525053997,2.297264316793928,0.017451945692300908,30.999889995306734,0
120768,-33.787709,2902.2059611164523,12.200529005519995,1.9030092949183341,0.02295243218541143,24.624455886334182,0
120864,-36.746057,3165.069574986958,13.354618882146882,1.9101687361529587,0.02166056390851745,34.558957168757914,0
120960,-42.613763,3656.71553277922,16.495776868657124,2.6213205620019906,0.0032897837460040824,42.19950296893716,0
121056,-53.252745,4632.8739785202815,17.993336461313156,2.36502019833981,0.038666434027254615,34.623692653775215,0
121152,-30.709063,2611.3825207675354,12.549036362662564,1.6827453791344298,0.010495261475443884,33.60259480819106,0
121248,-35.634144,3056.7855254989868,13.43796387482957,2.2804627891696674,0.00818095449358236,49.42027205556632,0
121344,-53.371146,4615.8221421668295,19.18698614160671,3.0611737150807836,0.015490596368908927,38.951785294115545,2
121440,-71.548336,6232.221345593462,22.990183842128125,3.265668873133589,0.06818664073944097,37.46546866029501,4
121536,-80.953774,7087.314277703897,25.442986984110178,3.9664199946087875,0.0574111636728048,42.843363695591684,10
121632,-75.577431,6582.653112257193,24.78623705506736,3.9299833959073167,0.04953567758202554,24.741738162189723,9
121728,-36.959137,3202.063851097287,12.80031740478807,2.302926335600185,0.011815526895225026,26.267006563544278,0
121824,-39.486935,3388.925177074531,15.068362203384183,2.171993719486069,0.013891818374395348,44.08639951676131,0
121920,-64.181851,5623.777513156237,20.806737338689953,3.0634139621565195,0.03177930228412157,35.545588311105966,2
122016,-54.154124,4762.078483162018,17.388239848470754,2.4429901970028207,0.0226447617635131,34.001685562580825,0
122112,-66.68915,5829.7299638897375,21.38856205688457,2.8171904368784406,0.056560367718339,29.352546305805443,0
122208,-48.354219,4209.689915703916,16.65051833987588,2.5709037577628795,0.015586864948272716,30.884275436699394,0
122304,-25.958733,2196.6584058482395,10.713354365985817,1.827976671950941,0.003130132891237758,42.45156255260109,0
122400,-46.202607,3976.2208955552114,17.759034075310243,2.617964667665654,0.004366792365908645,33.600154779553414,0
122496,-33.87387,2897.2998274295296,12.687322531850185,2.651401602286283,0.002274307981133483,40.902100044339896,0
122592,-43.895272,3769.284271010815,16.650741252116692,2.7797450651953843,0.006353957206010841,44.14195819869638,0
122688,-42.8865,3682.9350044361267,16.35177260366882,2.698659116170999,0.00481032971292733,48.02987524792553,0
122784,-33.512531,2855.1248060996136,13.384174260143155,1.996257104156172,0.009835194237530265,26.486504154503347,0
122880,-22.777811,1909.0608342186717,9.298977993564057,1.9553951894440376,0.0076900526881217846,31.614623779356478,0
122976,-47.459023,4109.501642937138,16.740071135618752,2.770180319732959,0.015594215504825149,36.177048025429244,0
123072,-47.419793,4094.749605716746,17.21746852153262,2.860026409895013,0.01086970455944547,39.24544311478735,0
123168,-59.437137,5189.88263347719,19.575954981083292,3.247755359984591,0.02442810516804461,29.729081665277484,4
123264,-43.009232,3701.2094007666624,16.293535585897992,2.680511087227898,0.002458195760846049,37.41257013201714,0
123360,-46.762045,4027.2258256551545,17.85350737421497,2.3884163799787492,0.011891187727451347,27.481444497704505,0
123456,-64.241269,5631.284343744003,20.206337144378846,3.059467103512034,0.04284918382763869,31.3080162987113,3
123552,-61.45692,5415.049199073363,19.75746742564505,2.9993894014066615,0.011962127499282438,48.000943343788386,0
123648,-85.173664,7525.162434932171,26.167083351164678,3.2248989052202006,0.05213032495230441,48.454527583122264,5
123744,-50.650118,4451.541742549873,16.468819567262848,2.400290029978316,0.015595903620123863,33.094219034463165,0
123840,-42.752984,3676.151915999098,16.39211340835394,2.6783064209691387,0.00016721636056910016,41.99308871030808,0
123936,-85.994724,7541.833053871218,26.730066000108504,3.2821372038747567,0.08296794109046457,53.48414149478078,6
124032,-31.099977,2639.4841660403217,12.275767559457293,2.3292975534893197,0.006045762822031953,38.797959776669735,0
124128,-36.331579,3102.0492439723357,14.065823402532585,2.3455668021009464,0.01020752098411326,42.10331053242087,0
124224,-33.815921,2874.719016913632,13.189978965663286,1.5142987434399056,0.033734528426277055,23.2544616766274,0
124320,-36.603905,3170.0268686862464,13.009059426459546,2.3522918008611926,0.004000147618353378,31.841169765591623,0
124416,-65.235803,5705.2030281525795,22.93107562945628,2.8289457767352024,0.011524795927107312,43.410174934268,0
124512,-52.731161,4585.284439362757,17.75875047906331,2.2634761261004064,0.04302004799246789,31.949562416076667,0
124608,-26.385147,2236.999959690664,11.003341371414022,1.7826636831928537,7.195286452776894e-05,41.41984286054968,0
124704,-48.626926,4239.3417979719525,16.66517745447673,2.5317983994770517,0.01474900767207149,43.29721002072096,0
124800,-57.011474,5010.071296358974,18.78723357886997,3.0878932607337024,0.0026289237663150167,44.24685117200017,3
124896,-46.110397,3970.093803968511,17.977435068227287,2.46637686216345,0.00197849851101628,30.512995032966135,0
124992,-30.310743,2605.9189909949378,11.247432250671144,2.041129903332507,0.0040580760687588535,48.506260846555236,0
125088,-33.889289,2898.6649473508614,13.082566608887127,2.3407260190235726,0.0027719280241351174,51.60820927858352,0
125184,-58.520435,5097.32715001121,20.392884180049556,3.1803565206028006,0.010477024875581331,38.92307485818862,3
125280,-22.364776,1878.8289143947088,8.531336962574883,2.1560644480255142,0.010310634039342459,27.304894169718025,0
125376,-50.174972,4356.675686638638,17.587037490279148,2.4080305069303782,0.024592776037752673,39.97871452257038,0
125472,-64.867718,5661.430245763439,21.990623924912445,3.1679081040027226,0.025937651842832588,34.18700802505017,5
125568,-71.058829,6216.04594472733,22.804476942903033,3.2425526720581757,0.05066702980548138,26.781497070342304,4
125664,-50.713889,4373.434173467683,19.192404600397353,2.6893096349617056,0.009740143083036001,37.60418208092451,0
125760,-30.909244,2635.2643100621094,12.118690173026307,2.010494358493314,0.007786427438259136,33.49281844839453,0
125856,-45.055324,3859.741031485274,16.48946903675439,2.9302912229975213,0.022597080469131503,31.700400980561973,0
125952,-34.428747,2963.144763436123,12.650083397974948,2.3097066077328083,0.0052261315286159515,33.78490286886693,0
126048,-58.089583,5074.4235154442495,20.158761296700884,2.9038467084634885,0.009078727476298842,39.033327025771136,0
126144,-30.851524,2610.9195422134962,12.570736024578988,1.971891597742312,0.012156742066144921,33.33527214407921,0
126240,-69.814383,6134.832276316345,23.06972161470281,2.8641445229698235,0.02663241922855386,48.54834858387709,0
126336,-65.75428,5756.752264306389,20.32176426893272,3.1612437671390525,0.0550487259402872,39.69816115438938,2
126432,-35.386568,3054.318547292262,12.488377063836746,2.6060518082160122,0.0036299318075180276,34.531991264671085,0
126528,-36.949697,3177.4867716298763,13.502939556472873,2.55225098578599,0.006869791448116336,45.45150724351406,0
126624,-35.272537,3043.0126286884256,12.578891400262194,2.6652435244153274,0.00017639659345153325,41.72849738344551,0
126720,-52.376154,4532.877877739564,19.74891625140685,2.6085131466680207,0.0052863676100969315,33.483903596997266,0
126816,-72.71401,6384.0680697281305,22.49280659971361,3.170659476491359,0.05714823529124258,32.920727160573016,1
126912,-61.856244,5453.301515235152,19.981020570265716,2.7394273408015937,0.015543465875089257,30.08921263679862,0
127008,-50.482989,4413.732290549435,17.858671233234237,2.2781159989670186,0.005121250823140244,32.9261728861928,0
127104,-54.090972,4726.56604906057,19.089990170902766,2.612507924826614,0.003554076328873612,32.05684149444103,0
127200,-23.294975,1946.2553456127775,8.908677115460337,1.9375645702280722,0.025652823969721794,29.138942263275382,0
127296,-45.330809,3938.0156560458454,16.600730096639744,2.0408194926559737,0.010273684747517109,34.08012861698866,0
127392,-36.366862,3101.95681846056,13.73846077739565,2.182596740379717,0.023514438420534134,38.44507011935114,0
127488,-42.606427,3663.9866792648095,16.15677980898123,2.7929840015672633,0.00015551988035444886,33.90147541373968,0
127584,-49.847278,4310.7245467586345,18.21457081995508,2.385032218656567,0.02144324481487281,37.74555453330278,0
127680,-35.787433,3086.9431513839863,13.132062997845782,2.127412307759617,0.008494520932435967,38.47784460410476,0
127776,-35.115727,2995.651902952619,13.401754861531899,2.688795375926329,0.004210910759866349,39.47805646881461,0
127872,-48.320853,4229.531100208231,16.26201057686099,2.243146767882972,0.016645355708897136,37.26695336043834,0
127968,-66.835642,5883.390491111166,21.849862829558635,2.907513923407442,0.018918156996369395,38.52098595306277,0
128064,-29.330146,2483.639288399119,11.186872798710494,2.339025040361479,0.013472070544958137,33.331267506480216,0
128160,-36.12827,3084.52438164491,13.65166742502233,2.048273736469083,0.02454775255173447,31.033784020245076,0
128256,-31.936407,2756.4559326649282,12.68082982921432,1.2982621107757615,0.0032196218638043117,26.74920771494508,0
128352,-38.816288,3330.950973444709,14.016141956760586,2.933666053124864,0.00856460258364683,54.0784804843366,0
128448,-65.99104,5795.287292751384,20.64450311004701,3.233751099773981,0.0367544010281563,35.78499271973966,4
128544,-47.429542,4133.822238861868,16.694762488537503,2.5979462049589164,0.0029141426086425337,33.90061140701175,0
128640,-29.091872,2419.275572388696,12.11357672419409,2.483261903396218,0.018115916475653637,27.0946411190927,0
128736,-35.868404,3072.7538558650695,13.904505189481691,2.086265870383334,0.009000498987734251,37.93284069612622,0
128832,-86.055255,7650.024050226195,23.889810109347657,3.9793198666749374,0.05308957435190681,38.45867878302931,13
128928,-45.258652,3884.3920031174616,17.361095427452494,2.21970325726699,0.02123481389135129,35.793602889180185,0
129024,-50.030705,4319.907438425466,18.20424024102663,3.0489301212250894,0.010052451491355918,37.55213011085987,1
129120,-45.965085,3996.4170707935787,16.189640127701278,2.0125885721035166,0.022599092312157065,34.465458553880445,0
129216,-31.729771,2754.9435180093333,12.116473383109115,1.2776969724295557,0.0022876519709825738,22.67709584414959,0
129312,-23.857849,1938.127707233403,10.765785963284285,2.566508521478804,0.014682189002633073,25.87050244882703,0
129408,-45.024186,3893.25983423469,15.811620859724789,2.8529935157567143,0.013793629966676269,44.582836530357596,0
129504,-41.701871,3612.5292183650704,14.513864869782996,2.8781015615134695,0.004745239950716518,44.01674941375852,0
129600,-55.064484,4811.926826722798,18.779565577655493,2.926267202429414,0.009389305301010675,43.90127790272237,0
129696,-96.762363,8560.245266850461,27.909055656300172,4.443644546594662,0.06731572188436985,26.1773330155015,17
129792,-59.892833,5248.2076977368215,19.5397843345541,3.1509586070890956,0.019229152426123608,29.951320224553346,3
129888,-69.363963,6111.894219416711,22.01701750466484,3.119307646286679,0.02614617832005034,44.96585726290942,1
129984,-48.823069,4239.296220166631,17.687845197872974,2.52710018307613,0.007527561858296505,33.08160238385201,0
130080,-46.822191,4065.634535501578,16.908502158993443,2.2975558787476738,0.011618155427277121,37.908779408931736,0
130176,-63.706508,5563.27929264941,20.818173243884395,3.177349336569613,0.037154923193156775,37.175772017240526,5
130272,-30.85019,2611.470692708746,12.345165829437578,2.3992114396482265,0.004816561937332209,36.92976710349321,0
130368,-36.952977,3185.88446437428,13.571165809678936,1.7641241787183457,0.02114218696951864,32.41742025330664,0
130464,-60.985098,5275.828709286724,21.953283940648564,2.1085547960234527,0.05316026993095868,37.534339725822214,0
130560,-37.820363,3219.7801512428223,14.760383837798416,2.2190768861322563,0.02045439667999749,37.047716770470146,0
130656,-47.006197,4112.960841443395,16.183883023093042,1.8071215177191622,0.019905011032364972,31.76228869244456,0
130752,-77.890121,6792.278956879561,25.567045322714392,3.5693000306823977,0.057966507598757766,30.343313705921172,6
130848,-24.876334,2029.11070833791,11.900983227555962,2.4632368221252943,0.0019758036360144615,25.290192301869386,0
130944,-51.37661,4463.857566627709,17.195926893329077,3.0523394580679173,0.023888042755425,21.217315276861196,4
131040,-33.155945,2878.4280600310212,11.914862947158138,1.8601033920557852,0.0035442696884274705,36.507885094583045,0
131136,-42.145821,3603.5091757394625,15.466579374302318,2.51210505446566,0.031060894206166256,34.00849767014384,0
131232,-33.482513,2892.2725890250194,12.658038190946845,1.876362833607883,0.0007887240499258041,28.969979142695667,0
131328,-53.319634,4681.540960141797,17.12988556370354,2.820451474226676,0.015805212222039677,40.52818255305291,0
131424,-43.705982,3719.9646880333266,17.78254295163597,2.659615954954754,0.007181692868471146,29.46066539719701,0
131520,-44.952214,3930.977017333399,14.717964138174983,2.752986863542203,0.008390684239566348,22.455612211972475,0
131616,-55.926505,4832.137967462477,19.960724547530187,3.1278038497529943,0.024385774880647693,45.130065081268555,3
131712,-30.989893,2623.3027777129078,11.70949448558931,2.4328811021238126,0.018057657033205055,21.871846384704114,0
131808,-35.836674,3061.045387260855,13.195025081767024,2.642037014316057,0.014059870876371838,42.243814272135495,0
131904,-57.577394,5022.984735617522,19.702046540749855,3.117372035148159,0.01266560796648264,34.41507940784096,4
132000,-27.634484,2321.764921846425,11.254810112910585,2.2682771621550404,0.00887208376079801,32.26414407327771,0
132096,-37.828895,3204.1638188455445,15.444732690186948,2.274078299867276,0.016280407831072874,34.928570842891936,0
132192,-43.544881,3713.0828190678376,17.260806386940118,2.7115416297505512,0.010079627670347702,32.76525370940566,0
132288,-41.959875,3638.1191741685598,15.711882030056758,1.9950885456945766,0.0044721934944391695,30.23200218856335,0
132384,-58.285234,5081.120637149231,20.855699223168152,2.9560086981207077,0.0023276181891560555,31.788226165622476,0
132480,-36.422636,3141.843340306042,13.849942559638432,1.8119936694434404,0.008294838480651379,38.319540215581654,0
132576,-56.080215,4892.464176636165,19.928688787454465,2.384104412779833,0.014888314343988907,33.1081158593297,0
132672,-60.61291,5278.057212942755,20.5143017205108,2.8208365749107047,0.03664754014462235,30.74162494033575,0
132768,-30.492422,2562.4046569010025,12.081254248979237,2.3657536785098867,0.01984653547406201,37.12297229140997,0
132864,-59.432717,5160.735850304424,20.55516758867167,3.1160476299024604,0.027492604218423422,41.610155679136525,3
132960,-29.610526,2505.5745499107047,10.96043612500818,1.7449211309208443,0.03791208527982226,33.54263447508216,0
133056,-85.051725,7473.916937542496,26.826141464427945,3.303119359078576,0.06289769057184458,52.299869725555176,4
133152,-38.50231,3294.5941939542527,14.069643417120803,2.9376026143570417,0.010695614479482196,42.474924125224355,0
133248,-65.902256,5733.936049156393,22.77901224316608,3.0521029899471754,0.03389004450291394,35.824293970465654,3
133344,-40.825325,3531.8708115530976,13.591606752710232,3.038096282113634,0.014259776286780879,44.6476667547226,2
133440,-76.385585,6753.815779454365,24.81991189471962,3.0370429794275497,0.012442401610314846,47.35975933194162,2
133536,-38.108558,3285.599778915899,12.857611473935533,3.1925650314636957,0.0078833967447281,27.06738999262452,4
133632,-47.847231,4187.854241543687,16.25326541869487,2.5224046320574396,0.005583111383020867,39.11602158293128,0
133728,-31.560967,2694.537372978764,11.781668492071619,1.6567634433324097,0.02789246626198283,27.57344771504402,0
133824,-30.379961,2582.501163402105,12.564923218267786,1.8031561675260117,0.004280680790543445,41.45390751987696,0
133920,-53.3706,4696.608609583739,17.45313350101205,2.4477682544648847,0.01263111308217052,29.70601633027196,0
134016,-36.384346,3138.26407144376,12.978330058363818,2.6914649999074807,0.0021079968661070203,46.30343507423997,0
134112,-68.216862,6017.565026958595,22.77693358368607,2.925176821318545,0.0025374151766299757,50.46217431724071,0
134208,-36.149062,3076.506100193306,13.64557662080514,2.8343858328539486,0.01043827254325147,38.73083724170923,0
134304,-47.845852,4124.463854651342,16.960244091650296,2.223656962188093,0.04157847892493011,36.06702992066741,0
134400,-32.697257,2794.4102288389868,12.026197330818805,1.958390759219642,0.02412928398698566,26.056740570068357,0
134496,-22.962632,1880.9388745124666,10.555933442041999,2.381154622476729,0.0022667842377956937,32.615687136799096,0
134592,-52.237193,4494.636056753352,19.505298810103312,2.457086499184098,0.03042724225670107,24.848823697716,0
134688,-32.572838,2789.3576644994887,12.187357762789205,1.884250044512756,0.017956929281354006,23.378983659595256,0
134784,-47.071505,4140.169954376412,14.588513783452678,2.886313097991968,0.009248398989439077,24.72165002152324,0
134880,-42.526104,3637.7389893419336,15.567048793628974,2.9472015796451205,0.01998125910758969,25.903999126404525,0
134976,-70.075593,6140.274197219305,23.42216241988327,3.1321827199864862,0.026221973635256357,35.620551669001586,1
135072,-34.349461,2960.1527807169928,12.57961729497304,2.2579174312687273,0.004725398309528783,35.911564960926775,0
135168,-50.817148,4369.742649075895,18.57963649756432,2.9278490094446297,0.024979393370449576,43.93386427134275,0
135264,-24.066996,2004.1508730642875,10.2710867088278,1.3141170845681556,0.027900952845811844,7.017925530821087,0
135360,-60.652443,5315.57448091618,20.41417898818154,2.700904629532377,0.019472163170576096,30.907778090387584,0
135456,-95.156461,8411.395177898272,28.25854996050026,4.14821411295013,0.060377217642963,27.88583322809013,19
135552,-38.704168,3299.276754534397,14.221493996291484,2.8464850323338617,0.020423865504562766,35.12729714021087,0
135648,-42.905363,3693.4195159239025,16.3874869003406,2.6227541766176685,0.00038803908973927825,22.34154577538371,0
135744,-41.621956,3606.517756403829,13.976956181356153,2.8054036638100177,0.016102037392556667,45.310267744362356,0
135840,-30.964775,2618.8716600495377,12.258544304373197,2.640420419166575,0.0028217865154147592,52.046853154152636,0
135936,-49.064863,4268.846450494261,17.837663565054086,2.424870256064953,0.003676769137382574,42.606490438133484,0
136032,-43.564653,3795.801900723861,14.596590580710942,2.74805415301383,0.008562358841300022,21.651835620999336,0
136128,-56.030143,4916.423530324415,18.909264820152515,2.6359631454907104,0.009249542094767138,43.3793497774005,0
136224,-30.599132,2589.122388399939,12.180961346094808,2.291442457541827,0.009136202931404047,36.1356219792366,0
136320,-43.379094,3717.7345699772723,16.451697234004875,2.6587699831938147,0.013515398837626036,45.27514848366379,0
136416,-35.924367,3081.3426179399235,13.210952259548852,2.3424496506511527,0.014045005105435826,35.97541563093662,0
136512,-38.977195,3319.076536187042,16.60122717323354,1.774924618150486,0.006406131200492382,23.381593426913028,0
136608,-37.013905,3184.6498607377994,13.374118357017359,2.670839621111422,0.005789022520184595,48.44837770760059,0
136704,-49.256773,4278.536751242544,17.70166704615976,2.331831250961726,0.01521151941269644,42.662338538765916,0
136800,-75.261634,6643.00406470691,24.532062332755487,3.4543062943124148,0.006016790680587358,41.81843966826797,5
136896,-33.216269,2863.0559549337836,12.351987175949786,2.1982283753657637,5.482738151352251e-05,49.878401751518254,0
136992,-48.960741,4255.49972711155,18.136951370618508,2.3451693012079646,0.0017727166414260864,43.16369545131923,0
137088,-69.386682,6147.910064710999,21.94153850061187,3.007636093977741,0.00813766159117224,47.07057922139763,1
137184,-41.881184,3634.763090045963,15.552969158896893,1.9695364750789803,0.005323162861168407,26.60588523030281,0
137280,-34.239183,2913.409847551509,13.104959988935484,2.6364221591569397,0.007935179769992862,41.68121830433606,0
137376,-69.118835,6097.68976034552,21.78079856392228,2.9471242217746814,0.028589900396764345,55.50637461200357,0
137472,-54.520032,4721.803614914017,19.763465550743966,2.590986860897252,0.02243744563311345,37.394918626844884,0
137568,-64.740991,5706.461747004651,21.218868640786734,3.061745121908051,0.005734358727932043,40.77553726032376,1
137664,-60.591449,5334.904160351769,19.29855695338848,3.024021430421646,0.016215449012815908,38.66294870063663,1
137760,-25.68883,2188.350115938804,9.225049557581816,1.6388278422664289,0.02548549529165023,35.36263675644993,0
137856,-48.281543,4212.551140218363,16.759398791460054,2.35674095622746,0.012367675080895424,37.29568292185665,0
137952,-48.329083,4187.733731512917,17.553569922539694,2.0915427350148517,0.023270539380610022,31.34814094275236,0
138048,-36.755978,3119.3201431067055,14.780885743001239,2.449308478308329,0.00991918593645097,43.410723828077316,0
138144,-25.718826,2206.5298244453866,8.799267409651321,1.8900830794632595,0.017180934175848983,32.60008043169975,0
138240,-38.658389,3322.892657693595,14.152018498995744,2.1527540625637402,0.02151698563247917,35.43965884685516,0
138336,-58.869558,5167.318221793423,19.551577303088784,2.897736958371379,0.011453820765018552,33.81862799867988,0
138432,-39.60637,3358.3101946540014,15.062979950064152,2.767501374168102,0.02649155892431737,42.478060586452486,0
138528,-54.152913,4725.6455425923405,18.800608346199787,2.800198433239968,0.009079729020595617,27.74007017284632,0
138624,-23.811857,1974.770505973762,10.163579575154333,2.374392032672321,0.0043547490611672846,36.63235888198019,0
138720,-66.85606,5853.548437312537,22.220085262952246,2.78907378413896,0.035928034968674194,35.59762786239386,0
138816,-77.634738,6733.211702357116,26.048463922095106,3.532219645203649,0.07167958132922658,38.62256195113063,7
138912,-49.599416,4307.267860671051,17.44086464959317,2.8101987013577734,0.01135990563780076,27.058741428405042,0
139008,-37.315412,3171.6470570036736,15.080575724714299,2.50692968891776,0.004799767397344112,34.369696157574666,0
139104,-48.175046,4146.916640839589,17.765450625878092,2.8006130089228702,0.017066637799143747,33.607950616925955,0
139200,-60.207654,5164.496675181577,22.02855976124881,3.3313248971028115,0.04143929965794091,26.977528666108842,2
139296,-67.568789,5964.216686371424,21.8468406424262,2.7793495597326583,0.017388650216162205,43.45115442872048,0
139392,-93.420802,8241.780648300253,27.63647261114931,3.799479763584425,0.07948414888232946,27.955356502681973,12
139488,-67.802267,5958.359528362763,21.550539546278376,3.464313734612682,0.024518937803804874,32.03635987862944,4
139584,-33.486892,2867.8820708899316,12.551024773359952,2.3104032716779708,0.007906851544976279,42.495502118766304,0
139680,-50.967202,4395.926093253406,18.569879129006015,2.9058548491398257,0.018309041112661406,41.097466364204884,0
139776,-85.37554,7493.688031672005,26.439571592949203,4.006875049532123,0.06026924550533297,30.701239766180517,11
139872,-31.489549,2680.2464371350356,11.860180059240514,1.7833647996003388,0.027712299861013978,31.62418457016349,0
139968,-54.597097,4788.805277381952,18.099460166901235,3.034745649672152,0.004353841394185987,37.56122369632126,1
140064,-52.114241,4587.143498958287,17.443630665635574,2.329336408490528,0.005198847502470072,34.50813212186098,0
140160,-65.436948,5735.339928243488,22.486383746922325,2.900113528439787,0.011839227750897408,44.57982793942095,0
140256,-45.832428,3970.521191824447,16.75172966181811,2.5329357114470783,0.0059015246108174435,26.569920679628858,0
140352,-63.500412,5571.4132100529205,21.61629051731368,2.3752902359897954,0.02341843526810411,38.7296583802998,0
140448,-65.329313,5760.08721784985,20.130865623237433,3.0588160986015653,0.031043669767677806,36.50271217733623,1
140544,-64.961385,5696.970968286724,20.783929159880607,3.062699978978381,0.035427765361964736,31.11549900963902,1
140640,-30.722762,2593.144286786219,12.669573138422734,1.7008588679974008,0.020673591643571965,38.721382754296066,0
140736,-58.5446,5101.924747859246,20.20420279334752,3.5004740710503364,0.004260104894638017,37.34499369844795,3
140832,-38.959426,3324.638577187423,14.704882797414255,2.9410656581838337,0.008343307301402147,45.98852161422371,0
140928,-30.099153,2593.987627810771,11.415333716973699,1.6859751166897559,0.004019107855856463,37.60421256095171,0
141024,-57.909509,5043.76561573446,19.69241534999185,2.9381610675466896,0.025924242474138715,38.99858384817839,0
141120,-96.238763,8482.418848937936,29.800874362749294,3.3727923653448504,0.07501301448792219,25.647903221845628,10
141216,-59.17737,5139.882659787239,20.783333392517733,3.1543088326679114,0.018788019940257084,30.72123057082295,3
141312,-33.896796,2868.8222218251785,13.83610843380963,2.260096283148033,0.010246827080845788,46.573412406444554,0
141408,-35.165752,2979.5818775485477,13.571380783679354,2.7047268361876737,0.01444185916334395,42.48159708276391,0
141504,-44.007925,3838.5170459728474,15.719749267610743,2.2290315312420357,0.0010144855827092236,32.7964513257146,0
141600,-57.554608,5019.474278120839,20.94077518544618,2.67702733971991,0.0004548117518425876,39.2525610767305,0
141696,-33.776799,2894.195987818449,12.66809345515065,1.8620767888307643,0.01930534411221746,24.377126066237693,0
141792,-48.302854,4149.423853425881,17.13730292333646,3.2250013865979033,0.025161582417786155,32.84880296707153,2
141888,-59.752714,5179.744924404993,20.22185910290918,3.2363277999386697,0.0396117502823472,31.766504071950912,3
141984,-71.066391,6168.076055112597,23.53487996214801,3.3707047530372316,0.06512563470751054,34.809242459088566,5
142080,-45.048756,3910.3454763576888,15.145333878577128,3.1361179410734255,0.009816957637667656,31.266001345366245,2
142176,-67.111036,5869.135278348287,23.561822708779072,3.1962679972568884,0.004841965064406428,34.38966073974967,5
142272,-22.606076,1892.269510791595,9.846386666113533,1.3765016333514577,0.011924261599779107,17.422034985274077,0
142368,-66.276687,5762.638824964885,22.122054099232013,3.309364896559149,0.04599577058106663,32.25553241819143,4
142464,-57.862537,5022.711735824611,19.67244671081177,3.7633586157745813,0.015222844295203763,38.21456852212548,3
142560,-52.229285,4513.30475970195,19.071163081047118,2.8847490308057724,0.014732565358281158,31.56519844993949,0
142656,-31.755944,2729.615827619428,12.442022210892711,1.680525756171039,0.0036645824089646117,37.62211087688803,0
142752,-46.736339,4068.6164149334013,15.99241063227983,2.4842156215457454,0.017251042276620943,31.747321723848586,0
142848,-21.954282,1855.8993516030466,9.61402009204745,1.2382040736746474,0.0010533954948186985,22.597621654719116,0
142944,-58.560058,5117.257576606592,19.328257314607022,3.6847297503797902,0.0076741992937106596,39.185354722142215,5
143040,-45.726313,3908.0962060110496,17.699166833245762,2.7422541196002945,0.01591330990195272,38.36207797661424,0
143136,-63.192879,5554.757201263573,20.391167907588397,2.735443927223297,0.028918612189590964,31.87633686229587,0
143232,-48.601739,4181.773808693252,17.389032052778386,3.196202887994127,0.019253982231020983,32.17768573150039,4
143328,-54.27074,4776.4255124869715,17.171687704352554,3.1271994704860178,0.006939945556223348,39.10352245882154,4
143424,-41.736994,3659.1395914687987,14.451521209290869,1.860622739621903,0.004392873309552736,29.913609664440152,0
143520,-52.577165,4505.691613563531,20.474878295204956,3.020680146458559,0.011300899460911784,32.11958587169647,2
143616,-24.16351,1992.017294799975,10.627398579916717,2.5567453518518573,0.002161294594407115,29.215765994340185,0
143712,-37.771969,3239.5972583670373,14.60998365070868,1.7557581047826618,0.019379856437444554,34.16255727618932,0
143808,-57.908107,5062.985172852675,19.67327084531594,2.9641632712948103,0.01270723752677444,38.40644283398985,0
143904,-68.969129,6072.961632147477,22.505313624034155,3.025794336328573,0.018506724014878295,53.247592154890285,1
144000,-43.784493,3748.020535741866,17.436932312909434,2.5338338581944706,0.003978279978036958,36.54640511661768,0
144096,-47.211621,4105.771699820254,17.011999362783342,2.543936613787262,0.002181969583034571,36.06822495833039,0
144192,-63.003403,5457.120601485888,21.525598711648048,3.1189255310231285,0.04846315458416944,34.14732459321618,1
144288,-68.224157,5920.314051544703,23.651335246619748,3.327699102296404,0.039635759033262774,37.018143612742435,11
144384,-46.314603,4060.5880333720497,14.800318616655941,2.840076470777078,0.008839793689549014,26.430617969930175,0
144480,-55.180443,4781.086835771142,19.788267445303234,2.934118887247049,0.017296426743269033,32.607585845291624,0
144576,-54.232871,4691.4073504620665,20.096813065896953,2.5109502033886573,0.019024879857897803,21.573180099278684,0
144672,-48.896349,4214.300612739744,18.49763032728216,2.6423190827188634,0.00980840735137467,31.244575529694554,0
144768,-31.892522,2710.741762833453,11.648024505535618,2.2381630697000725,0.0263621313497423,49.8233591467142,0
144864,-31.112866,2683.9901194822423,12.160246177233669,1.5457279714498322,0.00043998572387193846,35.623563410043715,0
144960,-15.304733,1216.5605078442222,7.674928003090498,1.7292947905338896,0.009662095084786326,26.58280331835151,0
145056,-41.459057,3636.8525058892164,14.025133387018403,1.6773083141877705,0.014137934707105226,35.77502818316221,0
145152,-68.327436,5927.524483608342,23.935001211243296,3.3313828690190834,0.03594251312315472,39.57843134522438,11
145248,-30.460777,2624.0626243381316,11.463231306496,1.8252564422104307,0.0034052461385726263,38.51185546621681,0
145344,-46.24739,3952.642219110484,18.129795797453447,2.716162032469629,0.013037586025893555,34.13210240632296,0
145440,-33.296401,2838.785064941998,13.314178379620959,2.1929657536551437,0.002474020607769578,34.4224856902659,0
145536,-28.666009,2397.067680207102,12.092655609131405,2.202892014543479,0.012425242550671012,24.411743747740985,0
145632,-35.22412,3021.6504090574444,13.097624397635311,2.5038471764520818,0.005119288340210915,31.065155058205132,0
145728,-65.525948,5764.008599283943,21.526472619676944,3.05686924997066,0.01367815863341093,42.10984490439296,1
145824,-68.928248,6029.380965987439,23.186948217711166,3.0304870189549455,0.031077265739440918,43.46898124635219,1
145920,-67.329644,5893.678880559866,23.180232227824145,3.0886528799349646,0.013554972223937534,51.38746238306165,2
146016,-31.371519,2694.3538987600236,11.713170165865993,1.6565070184972797,0.01676173470914355,33.5566620400548,0
146112,-36.361355,3135.9059300476915,12.183771664692143,2.6470884170312052,0.019221930950880095,35.1535707731545,0
146208,-45.092154,3910.322162745635,15.786158383481471,2.3425974771409384,0.021069702319800765,32.872026401162145,0
146304,-66.87183,5822.540884249815,22.94291744561223,3.0230717675368695,0.03695446215569975,46.40306904703378,1
146400,-41.539353,3597.9002604142242,14.731193271379851,2.5253735083053117,0.00872286241501563,34.78242197260261,0
146496,-78.066317,6875.859714440084,25.346472822997434,3.2138489303825413,0.027882580086588893,52.31797450721263,3
146592,-26.561442,2243.9559155990532,9.255811207117391,1.6656402585815075,0.04525889134720751,33.48255530491472,0
146688,-84.271758,7423.641210930462,25.301293461736456,3.9636396846948045,0.05730016212910416,28.73197217434645,10
146784,-59.262704,5166.3729548109295,21.007291320334307,2.7598187355683717,0.012857331149280116,35.503600787073374,0
146880,-29.848422,2495.241411628136,11.490132438609988,2.6741165561298854,0.02528811488300564,35.978645037561655,0
146976,-70.337262,6156.341586861868,22.613016477312737,4.178118907127531,0.021246223710477408,34.09814303144813,6
147072,-32.298429,2747.1384337975355,12.56634564301066,1.9756564931847214,0.01779186557978396,42.94847142636776,0
147168,-48.121196,4161.303893134286,17.95540229726277,2.6300459494057127,0.004634521529078506,21.564920256882903,0
147264,-45.731851,3978.3957760794115,15.966918419060605,2.287310833944231,0.016192901879549082,42.52770965635777,0
147360,-34.607583,2938.083845532442,12.96617425976464,2.374609407504791,0.025803227163851195,46.089889147877685,0
147456,-54.65643,4782.086702511476,17.3273950448538,3.0224334788485554,0.028558073937892947,43.31709339514376,1
147552,-69.995701,6115.099341044277,22.93447957105708,3.422290768351415,0.03969650287181142,34.04512670964002,3
147648,-58.476321,5085.265729427014,20.228144181293818,3.8829063321596884,0.00013718940317630768,31.796237840801478,4
147744,-49.937729,4377.6250378060895,17.097315430427955,2.3252184061725876,0.006813082098960921,46.074554111063485,0
147840,-68.470148,6043.110970768657,22.5986342463027,2.9602194615871684,0.005024024844169639,43.92586651653052,0
147936,-44.815523,3854.4823526893388,16.745603447215235,2.6798500624032533,0.011671911366283871,29.25477519765497,0
148032,-53.693455,4651.558543306187,20.236658416074423,2.7023603757012036,0.001728535443544399,20.537432585954665,0
148128,-70.134463,6169.6479704808535,22.863485153577273,3.2745230363942697,0.017941906116902828,29.985907882601026,2
148224,-39.016483,3315.921768192185,15.467860508207732,2.107921574387541,0.024915897846221835,36.48230567261576,0
148320,-70.895112,6188.967884402222,23.222760739399146,3.458999527190322,0.043667038530111335,33.61632128506899,7
148416,-36.341464,3107.6386373203904,13.714987910887078,2.6510905760686634,0.006009693071246103,45.91272512197494,0
148512,-24.451265,2022.1342816251527,9.46780775368255,2.277997469685108,0.03189206086099139,34.87556195050479,0
148608,-42.108909,3627.0264447358772,16.58259946730091,1.976907258466912,0.004873476549983047,32.96480931028723,0
148704,-68.500579,5983.020545757549,23.253625456670985,3.159857671471252,0.028689513355493523,49.8340070399642,3
148800,-33.488074,2802.2914491632055,12.903377716326254,1.5553210566078834,0.06480116080492737,47.32207864791155,0
148896,-50.878027,4357.3934550961085,20.42758110255656,2.7304174416602223,0.005576725117862225,30.54109210655093,0
148992,-31.156839,2634.689219318876,13.122294044596787,1.8928722266374292,0.007740678451955307,39.05577949419617,0
149088,-35.647023,3041.2315332995204,13.816686868010665,2.0873591447382687,0.016983840428292707,35.460914972722534,0
149184,-67.828131,5980.011767636867,22.637860612397944,2.954617665377535,0.0036538504064082544,51.84647640138864,0
149280,-49.950732,4363.24809852462,16.893480100660806,3.0493704748848125,0.0020305929705499715,31.025474304109814,2
149376,-45.896064,3954.5824150631647,16.53260624398153,2.501156463962666,0.025999666191637516,30.99359343290329,0
149472,-59.060738,5124.4674654053715,21.50956109584691,3.231368285606005,0.004709821380674883,32.72301310136913,5
149568,-43.548845,3755.226939219884,15.524090976969221,2.7555988701985608,0.01580723332927414,36.686970219761136,0
149664,-39.278465,3333.2899162843837,16.385258659721767,1.7689436886734307,0.02149402443319559,26.99054721340537,0
149760,-23.437698,1919.848542645037,10.608414699737178,2.0346065360719283,0.016189711354672842,24.907244765460494,0
149856,-66.576444,5835.4220792034785,21.94912261998751,3.14383472700113,0.025330181606114,22.168314090669153,3
149952,-64.838095,5663.754953028278,22.792236665214553,3.169267411768683,0.006344500929117258,40.469588796198366,3
150048,-42.84875,3668.796098314967,16.529287800508893,2.7832980237017138,0.005912263691425279,25.239854071587324,0
150144,-29.979559,2505.6500058858987,11.764164083138501,2.6714231923346965,0.02168266512453554,30.537862341701985,0
150240,-33.504134,2896.052319604209,12.669761496562034,1.7639904946152913,0.0024724049493670686,32.74724036112428,0
150336,-53.103445,4644.506873844761,18.116643278027666,3.0248721223837154,0.0008956080302595648,36.246735480576746,1
150432,-52.450278,4558.824495488407,18.896905879460853,2.5348638859819177,0.011934407986700535,35.50462162703275,0
150528,-42.294192,3678.047791456159,14.377184102585504,2.5803011387998227,0.011229198798537288,31.026449259072546,0
150624,-77.012399,6769.963707651222,25.632683384442288,2.994142616816733,0.02835335545241835,48.179197893589745,0
150720,-30.787635,2653.4612877014597,11.776229885905357,1.7074825998488905,0.002477329596877076,36.486899512708185,0
150816,-36.792087,3205.4585828470413,12.689355760682554,1.8995368706432738,0.011391955055296443,48.14489147230983,0
150912,-24.693009,2091.157380057735,9.37487969453945,1.9702484555188753,0.01205814648419612,39.692483674883846,0
151008,-41.983837,3620.1539265905158,15.283894671294352,2.8395129086544655,0.004088290594518207,38.778522490412,0
151104,-31.453932,2656.321071571173,11.84875127992564,2.861237210799435,0.012773385457694575,48.75962829500437,0
151200,-66.866953,5828.715059429651,23.457496456968098,3.152189714388801,0.018778489343822036,31.177342443317173,3
151296,-25.815396,2242.893554617256,8.741520439552605,1.808714582449214,0.002701212328515612,39.02311076328158,0
151392,-52.135364,4554.033407034122,17.93732178882891,2.33390202747139,0.018684851936995983,34.894740264862776,0
151488,-41.445023,3555.727061510628,16.18224171469428,2.5800034872071382,7.188376039257705e-05,44.77265561923385,0
151584,-58.452849,5100.021414976135,19.321928869824195,3.9200664605147146,0.005868647061288368,34.36760857820511,5
151680,-44.791162,3888.155418313141,15.580178028244653,2.4372564280955813,0.017376812174916267,32.039237432628866,0
151776,-64.907326,5679.1290220604305,20.99455258459459,3.0515008902384544,0.03980461657047274,46.55338506236672,3
151872,-51.501924,4518.221299497834,17.53021692119786,2.388386298143723,0.0070194320753216854,41.92452324479818,0
151968,-66.615015,5863.081977742827,22.507259337654645,2.920001268301861,0.004267819970846132,44.718189270496374,0
152064,-51.278676,4428.150687451882,19.19684812690395,2.9044024166833817,0.0050902223214507325,32.9765864251554,0
152160,-38.43357,3278.1308999505573,13.985422126663872,2.963512639256259,0.018081955984234843,48.34087168619037,0
152256,-26.639304,2313.4671167146103,8.939569252736794,1.6647013006518965,0.010458800569176696,38.930390440523624,0
152352,-52.529862,4532.425785316095,19.581534872649307,3.0385880517817134,0.007713889703154564,39.279049952626224,2
152448,-37.413408,3186.3005899192785,13.014765648151734,1.854016709015243,0.06029103490474974,49.74337059602141,0
152544,-31.992119,2717.42923240735,12.542548067793037,1.6826576504018815,0.025466602109372682,37.4228572924435,0
152640,-53.608116,4658.866514077077,17.211153629333563,3.0643088901895013,0.04202542249113328,42.36753660500049,2
152736,-41.608582,3560.865772474459,15.43343349105764,2.7420572163632055,0.018204742483794722,39.23424584507942,0
152832,-30.870421,2620.62414230601,11.736459128722961,2.21123013958993,0.01724998410791162,26.015947523713116,0
152928,-29.377176,2524.247639675942,10.136304125095954,1.6819422829310373,0.028068741107065365,32.67273250922561,0
153024,-58.955167,5121.825763961143,20.9959368001669,2.7308124450900024,0.02305356878787279,33.99521450802684,0
153120,-44.957907,3864.6772556600836,16.886889786735008,2.8089060104161376,0.008100317791104317,40.24699757426976,0
153216,-51.136642,4492.195004795781,17.02344517462197,2.6917526983920452,0.0020638102665543334,40.25628115981817,0
153312,-43.341263,3731.7981343294987,15.717035910214328,2.8677972188884633,0.010736796446144614,40.08372709527612,0
153408,-47.810076,4096.9581679622515,18.271798577768312,2.917592436458122,0.01279452405869963,39.02668036818505,0
153504,-48.076031,4134.33606383782,18.220997294528324,2.813011582338019,0.00941113401204352,33.71477843686939,0
153600,-35.481004,3044.4576429391896,12.81670506991267,2.6735878073200605,0.008132089301943646,34.64250196427107,0
153696,-33.606256,2888.927800587411,13.057721833104186,1.9373770373959496,0.0016473466530442238,27.891279636323446,0
153792,-47.164085,4084.80104540941,16.684326772993753,2.772514884657199,0.013451346009969722,43.053040803968905,0
153888,-59.214302,5148.101754881342,20.89810058701069,3.07364596815786,0.01562638171017172,45.733351136446,1
153984,-47.456435,4098.728245744583,17.402306443497203,2.281849995150634,0.022381398081779524,38.622376347035164,0
154080,-32.337247,2693.0497232195125,12.666876356414168,1.7364328380477314,0.06080757365807099,38.34288910672069,0
154176,-27.532816,2317.4471105337743,10.953068451264173,2.2001640139426075,0.012823892571032003,38.4084967648983,0
154272,-66.340282,5774.8931519711905,22.632637913785068,3.259621704297019,0.03318070340901608,32.16759993433952,7
154368,-48.000253,4076.277872196549,18.62342395301021,2.8808250464119896,0.03320782650262122,29.97522729769349,0
154464,-83.643325,7322.310247795674,26.693169421385498,3.698196418481089,0.062199543416500136,45.30572878494859,9
154560,-31.350046,2690.501261134176,12.020725301130376,1.6928563128670389,0.010778240114450388,39.04059427380562,0
154656,-47.936042,4120.154005252287,17.020080696621424,2.6561815877194093,0.03773369360715151,34.83684239909053,0
154752,-44.080524,3834.93803998147,15.638289788158902,2.3690773576231257,0.00613502413034428,49.98605134144426,0
154848,-58.301205,5098.204133186302,19.65174412951181,3.0201262326690594,0.014372632279992137,37.01850783616304,2
154944,-54.254406,4723.068407406332,19.259449595923268,2.5436041006053056,0.015229672752320789,35.67706270560622,0
155040,-96.80744,8589.23824226869,28.721120943867838,3.61748814975266,0.05678171962499623,24.84934431701898,15
155136,-59.163411,5086.703827198603,21.157029351886983,3.4800518975264625,0.037149512022733644,34.358084196448324,8
155232,-42.637403,3628.699776948908,17.4256212246239,2.7725551149208574,0.0009131455793977006,44.92797504097224,0
155328,-55.03904,4798.698894836936,17.866277693530545,2.949222836361198,0.03416526038199663,38.08577958241106,0
155424,-43.035763,3732.413172999879,15.968823726968361,1.942597635643059,0.00959632671193078,37.201587153524166,0
155520,-45.264144,3907.809914257157,16.342444788186356,2.954971583533253,0.006754822656512283,20.746799066513777,0
155616,-51.604061,4511.39361214078,17.81681070986175,2.1877868286818103,0.017997815646231208,39.74752198830247,0
155712,-32.577603,2794.5843882396316,12.558959623058218,1.5526030848061256,0.0162019894115234,52.18756499499082,0
155808,-31.170924,2611.318791751836,13.51616636151955,1.752305713220848,0.020130958035588176,43.558848880827426,0
155904,-41.510963,3529.1965529034287,16.45956876983853,2.3914673359118606,0.021635980159044332,50.383934912979605,0
156000,-38.76018,3357.97764679828,13.354071559716418,1.9783843463821797,0.025521917082369283,32.022983400523664,0
156096,-38.521385,3321.4537994702778,14.759187293796176,1.9796985085956078,0.005814119428396269,24.225585978925228,0
156192,-41.618306,3514.929806400935,16.97851821096873,2.7380684464395957,0.018681680969893977,39.530191419571636,0
156288,-30.113036,2529.6729591677727,11.571582882298664,2.7756896497707464,0.01563702709972864,51.14998692542316,0
156384,-36.756875,3152.8770817054597,13.250657053598097,2.8643642459810534,0.007144090719521101,34.93508662104607,0
156480,-33.228419,2763.8842847129176,13.480831323484724,1.757423969308709,0.05615712925791738,38.37004437819123,0
156576,-50.845278,4366.891375436703,18.73559057663288,3.0029706906477376,0.023633268289267984,37.76538756147027,1
156672,-58.979643,5120.282878395399,21.10634067482083,3.2327792497373604,0.01012003980576992,34.686211371570835,3
156768,-70.114453,6152.508289138347,22.098843122440375,4.116094000849874,0.02088530324399479,36.3292025719583,6
156864,-55.530453,4775.7956551431425,20.3848595646684,3.2515126075111347,0.023762255162000756,38.87501636609434,4
156960,-51.545654,4460.082616807538,19.32807688253421,2.654880293407064,0.005630199797451496,43.26171440184117,0
157056,-35.71929,3057.9717900650444,14.018908051763615,1.9911888921766994,0.009161637909710474,40.7942171601951,0
157152,-51.688933,4526.047002722736,17.156035119869735,2.7692107527306913,0.011597899720072746,38.062231442034246,0
157248,-43.030285,3645.1072242131277,17.429903249472876,2.813612054643102,0.014986446127295494,40.88311995640397,0
157344,-67.913566,5996.136204637667,22.18175282364858,3.176117632722314,0.001815422065556127,35.83587045714259,3
157440,-36.261514,3139.205687910284,12.448412759597264,2.385239615385025,0.012055796571075916,37.40360566779971,0
157536,-29.337381,2430.6470513060076,12.102611575070037,2.5160307025632216,0.026247658021748,30.601449058949946,0
157632,-65.055986,5733.562669549798,20.611667133846776,2.9421604478666636,0.02399964947253469,41.37801023423672,0
157728,-49.900496,4368.021140192904,17.484830778812807,2.3715962587102872,0.001746451668441229,39.66975782096386,0
157824,-47.745503,4069.392585974281,18.30733772104687,2.8871995936021397,0.02696638293564324,32.02726482614875,0
157920,-36.696297,3185.2786852700165,13.58084944440256,1.7834643094051055,0.003724650293588594,46.6998159481585,0
158016,-67.995122,5998.787010887812,21.780747599188278,3.2165726303453956,0.012426589243114017,37.561840412020686,1
158112,-30.431313,2550.7073498893014,11.846922335098807,2.428052964964465,0.026596082188188985,39.203476244956256,0
158208,-47.360784,4082.6210024873058,17.14662699963453,2.805525822802716,0.01789173334836963,28.02313078209758,0
158304,-57.129856,4984.262410030465,20.42272327799115,2.6684015910789856,0.006203624606132441,32.08077726066113,0
158400,-48.677336,4212.141902200684,17.089510163685873,2.920965250845817,0.01737849321216345,28.426933335214855,0
158496,-44.925787,3924.967793298141,15.554093804527652,2.179624889650558,0.009202039428055198,33.57514879405499,0
158592,-41.187061,3515.0833695721976,16.075299338890556,2.4947647542678024,0.014382138103246733,47.30291677892208,0
158688,-65.853557,5756.319168473534,21.436964953602367,3.418138295077685,0.032801369391381785,39.263607602268465,3
158784,-54.298788,4690.177051447346,20.161794197591668,2.999124317102075,0.009921949915587869,33.919499968737355,0
158880,-70.992629,6242.364720624398,23.676561411729487,2.812421301969868,0.022736348211765345,33.76399237826467,0
158976,-70.164373,6190.396835865433,22.53080139155706,3.3265883731998356,0.011368586868047759,27.674497984498746,5
159072,-42.336121,3644.629880471628,16.164506404514242,1.9805569045106894,0.016549817845225356,36.66014358624816,0
159168,-50.802445,4387.049224452074,18.91415648127393,3.0303680197270726,0.003037224709987685,40.820986201763155,2
159264,-49.317114,4267.620289486911,16.999849453582232,3.026656839415911,0.022019546851515748,32.1954445490241,1
159360,-65.094389,5664.996817732653,22.41011367027599,3.206118063867339,0.029262626729905705,37.84023351788522,3
159456,-68.170787,5994.891219978137,22.557562537383212,3.270391058366111,0.009763300605118208,50.605643192082645,1
159552,-23.256992,1923.8620971785901,8.832522769730275,2.2981016837859776,0.029958231002092384,30.741818816214803,0
159648,-55.214143,4848.309212673589,18.526120582478715,2.908306409081143,0.0006594983860850334,32.906938296556476,0
159744,-38.238649,3331.4680019010366,13.5899848436593,1.9013727138314676,0.005761646293103606,32.46336780145764,0
159840,-45.322151,3863.9995549843343,17.628849865491077,3.0027979636875153,0.012825402058661006,29.499016776382927,1
159936,-52.778518,4591.774483185572,19.316747151203298,2.623557736093747,0.0010883945971728037,24.564677459150555,0
160032,-45.201185,3889.830229644697,16.72083808817914,2.813731839311652,0.010742586292326495,30.57495010912418,0
160128,-26.24548,2192.873210868563,11.620932508213714,1.7512430082727717,0.00866470560431476,43.041632747799156,0
160224,-47.300077,4136.096394117841,16.270835002427766,2.6057366977024548,0.0010378608480094975,40.52236180767417,0
160320,-47.672575,4099.8300663004175,17.57585498795874,2.946705076481354,0.014855688065290473,40.27020598232746,0
160416,-33.88917,2888.481980872736,12.700698740977208,2.5378291488939406,0.0119339019060134,42.41824640542269,0
160512,-39.112281,3347.411928815195,14.285909623845885,2.2353339501870693,0.030550317093729906,32.40566011890769,0
160608,-42.96635,3745.3202551092245,15.24579521832646,2.010048942385415,0.009025981836020991,30.458052869141103,0
160704,-44.524408,3823.070775077597,16.45844149007877,2.8417543378747716,0.014631090871989827,24.0722889572382,0
160800,-49.377459,4235.443087080002,18.237512152520125,2.0470959967477347,0.04886240791529417,33.85430792406201,0
160896,-31.268994,2693.179875840331,11.509622549379408,1.7989335617436335,0.01098234988749014,33.76911513134837,0
160992,-66.258737,5799.373814379325,22.682197106355595,3.1475930502480742,0.01342017073184254,45.8944677579403,3
161088,-44.616403,3872.3448911096607,15.219944972665592,3.1239153796434533,0.005160289816558472,31.950220247805117,2
161184,-31.115862,2626.2011111486618,12.765242370343254,1.6823761373007429,0.02342184688895932,40.6279359279573,0
161280,-39.726997,3400.2898987151166,15.14928722307058,2.8683302550572445,0.002131977304816346,42.3188819038868,0
161376,-43.361627,3715.075020565399,16.730235257801596,2.8925668068846355,0.0023186396807432508,28.56073404043913,0
161472,-51.949575,4589.563033910943,16.718377813515612,2.189090605336391,0.010853037934162035,37.734824780821796,0
161568,-77.54312,6765.138075234584,24.981547136404483,3.663200124920904,0.06213299203664063,38.02856412768364,9
161664,-41.585107,3533.6415162819676,16.78936073729852,2.7588790974394914,0.007222106680273899,34.45053314164281,0
161760,-57.065807,4973.192745232463,20.46703835733326,2.5950039333230612,0.01038444750010975,33.523998427391064,0
161856,-27.976106,2339.2824396254264,11.483471431621183,2.0199332953691087,0.02201777547597883,46.23495424851775,0
161952,-49.306725,4307.8208243538475,17.283586556229814,2.150282415039549,0.01222186014056209,27.675806089639664,0
162048,-28.74665,2411.637654375439,10.896048160148277,2.5777364812999655,0.022024304978549458,36.90177353858948,0
162144,-49.74569,4331.003805702856,17.696618541632695,2.729864002203873,0.002314737811684564,23.302139657586814,0
162240,-51.31955,4421.93024992009,16.647510793852312,3.4257697915998078,0.049045780859887644,44.43876291900873,4
162336,-42.416726,3645.854386648144,15.673829904426258,2.736197567127344,0.010770266689360097,32.68547134980559,0
162432,-28.953532,2393.11873559933,11.264723775843699,2.310736098922193,0.047908895276486785,37.443632189780466,0
162528,-43.497469,3761.3821554166652,15.208856799741868,2.9740770807097583,0.008757327310741025,39.73181207299233,0
162624,-52.448668,4587.304042276797,18.42182942579299,2.6226811723062866,3.973022103531676e-07,27.265964219719173,0
162720,-47.713285,4231.28319753063,14.69094353890102,2.071497743618469,0.01097137182950969,38.90177988618612,0
162816,-15.263147,1206.9683689711185,7.462213253159989,1.9722915227071844,0.011058831773698263,31.00886846035719,0
162912,-69.300155,6107.328370609614,22.15424503321991,3.0447802759335723,0.024179053306579545,46.30903467655183,2
163008,-66.399272,5798.026719460351,22.738141440805432,3.2617231196927556,0.01952484864741566,34.539772276282314,6
163104,-57.087022,4970.540403640115,20.255605179323055,2.6042979530262715,0.017547786049544878,36.764871773570775,0
163200,-43.728805,3696.8096426987627,18.1154353358368,2.7639117749930855,0.014700871519744418,36.62281944364308,0
163296,-50.670557,4423.52008163208,17.838808837391912,2.25251432578264,0.012180517241358768,27.06813515633345,0
163392,-42.613316,3645.4431940539184,16.549137026558856,2.9123336522130603,0.0019472701475024001,32.17048574939369,0
163488,-35.505838,3051.0571701195126,13.248740269716485,2.070307839753223,0.01283473446965222,44.379587173014876,0
163584,-53.113271,4653.695269152778,17.790418174198166,2.6181368733588224,0.012795879505574703,28.151213209331033,0
163680,-50.027713,4358.616855340032,17.546126304038193,2.5481278547445245,0.010563711449503743,29.056342981159695,0
163776,-31.636166,2668.29773036087,12.039682827216726,2.422579436278256,0.024816812202334337,27.98300408214331,0
163872,-32.512296,2783.9698755018353,11.042495116764972,1.6841999289743408,0.045744582824408964,26.162169821709394,0
163968,-48.377013,4169.617415055668,18.429422373065336,2.6686057247816977,0.005638021044433117,27.99427057906985,0
164064,-52.100386,4534.308500459988,19.030074572098403,2.551293989001527,0.001850746758282118,24.777543462514878,0
164160,-65.158222,5736.901200357731,20.54046076945166,3.7231722018657374,0.009186876565217938,43.543212950229645,4
164256,-36.602989,3197.0148138110926,12.402187969244782,2.249191528385024,0.0008338643237948418,36.76630638450385,0
164352,-69.323653,6110.763322243091,22.011673694106268,3.0907022537089057,0.025082474574446678,54.078626514822254,1
164448,-55.113591,4750.798144571802,20.38354422097253,3.164592058771309,0.014980633370578311,39.98070248439909,4
164544,-47.815494,4145.820130444261,17.294435249668904,2.6954900478427026,0.006051094457507178,33.34470833718777,0
164640,-46.234872,3946.401247648167,18.44551079335867,2.9045817742732227,0.005024884827435017,43.68169469594955,0
164736,-51.432521,4456.517038900455,18.393648269556746,2.923354501956849,0.0119942937046289,36.43445764511823,0
164832,-44.865722,3870.6255497969755,16.613028641878614,2.8985384205964273,0.0010761585086584424,44.99237641498446,0
164928,-26.383075,2178.1137749436452,10.401893376798668,2.281978808929316,0.037905159406363964,37.24748931989074,0
165024,-51.891618,4489.247951526835,19.376678996134146,2.7524343065401133,0.005677415803074792,39.89782096713782,0
165120,-66.280776,5828.6972798040415,22.055668657537865,2.93211922940951,0.013616997189819902,50.684242116659874,0
165216,-71.0023,6253.180377840553,23.04100628328416,3.2330931463635713,0.01766380947083246,37.3165040782094,2
165312,-30.547186,2591.333507637242,11.481102292952514,1.8708709060710225,0.029411437362432458,39.2103791834414,0
165408,-36.321858,3096.8597624248255,14.29034360006622,2.4755231285816524,0.005063170008361317,41.83133539140224,0
165504,-47.20118,4062.156107498956,18.18886293894503,2.7214595322911355,0.002291739545762561,38.30723187059164,0
165600,-35.270683,3027.939432289626,13.84990470266159,2.07932748817616,0.00030573904514308303,42.39526806026697,0
165696,-48.852815,4243.019724851711,17.658038750597072,2.5834429861388637,0.006121935136616297,36.62283993363381,0
165792,-36.065202,3051.9298459133533,13.062082808429862,2.400835243350204,0.044462974183261395,37.73685007721185,0
165888,-50.597304,4335.228310415939,18.55738870226584,3.1000169051207016,0.02918650582432747,42.64818813413382,2
165984,-36.547088,3107.546105033952,12.82937996905614,2.577659546586921,0.039449961856007576,44.3719748800993,0
166080,-61.498326,5354.999699870786,20.84076278058218,3.341621471337774,0.023963438160717443,32.246551344692705,2
166176,-59.207,5156.594877240625,19.123202910451802,3.3073486174105646,0.038743365369737215,30.653895819187163,5
166272,-71.106038,6286.5245429381575,23.136397388412842,2.9349016557384546,0.008394148945808422,42.161291409432884,0
166368,-34.401914,2911.183274110112,13.23676766682311,2.316991848825132,0.02615028526633978,41.50752074480057,0
166464,-23.333,1939.0279072601807,8.857499375175944,1.9635752031799245,0.03333609662950032,35.460764805525535,0
166560,-31.456355,2659.9057966824926,12.589066910617168,2.352004300331982,0.009318342432379723,29.060103012770416,0
166656,-40.549734,3484.2551040505355,15.34938384494461,2.738130439157939,0.0004743471741677219,35.945067924410104,0
166752,-59.375631,5163.12129004425,20.708917784650232,2.91149505346449,0.024476335011422656,41.242944312542676,0
166848,-48.086176,4157.9415528061245,17.011381690698954,2.4391834733243396,0.028511533886194207,34.45311152353882,0
166944,-24.868695,1990.7605539466213,11.487328696159006,1.3435528276037856,0.06516464352607731,22.53036798447371,0
167040,-43.795922,3808.7188667175715,15.242200208154475,2.3080286788820192,0.014190772362053461,36.54096294164657,0
167136,-23.214946,1912.6092042385246,10.043711503659335,2.573816867173589,0.0030809475108980466,20.98296274468303,0
167232,-29.945569,2547.9460588044867,10.63579716980169,2.031116443179684,0.030861524865031242,34.66502876624465,0
167328,-52.966106,4619.643568509872,17.69226660248555,2.988464975393973,0.017773593589663572,36.915544334203,0
167424,-47.569323,4113.593842127921,17.655012089039577,2.2059870430549067,0.016965733096003577,37.241173902601,0
167520,-73.989399,6526.3336855118105,22.342776655114953,3.458372289766036,0.04265870638191699,23.802395124137398,6
167616,-56.239414,4908.309405006043,20.247119055540274,2.4302891370884963,0.007337923161685578,32.97742623493075,0
167712,-28.113625,2375.8677062420966,11.186957751986652,1.986173971080988,0.013626048155128911,28.624497307091954,0
167808,-26.473225,2184.8372191312724,10.784006087949933,2.3049943790178418,0.03117685560137029,35.151309795230624,0
167904,-35.793393,3087.8007447357236,13.756639441848018,1.9563943915881123,0.00038909204304221623,41.46284140825272,0
168000,-28.925634,2438.7276805273386,11.483376235342412,2.564122156958339,0.004513003677129701,28.56097405642271,0
168096,-48.236705,4165.272221609491,18.44332598962368,2.4906677234627104,0.003647864051163241,25.3980700032413,0
168192,-27.762024,2336.0808547862866,11.081905165210156,2.3546153096760594,0.008986491523683027,43.87683241933585,0
168288,-61.465628,5385.22651834594,20.20437163907338,3.2196468263541935,0.017612856253981568,41.5211789919436,2
168384,-53.05144,4624.910422726202,18.807580080887067,2.710068626816022,0.005068977039895506,39.764946025907996,0
168480,-58.297715,5113.916319015246,18.479852684230046,3.1366000133806904,0.023997065983712762,36.31452486813069,4
168576,-26.68288,2299.8294563964755,8.828319979257074,1.7312337335473098,0.02290640715509651,23.26301506996155,0
168672,-35.246135,3025.99198060317,12.560855630762035,2.4637163652765315,0.015498125553131126,22.986909976750614,0
168768,-16.996733,1325.099943212505,8.847108532259558,2.480110264915798,0.006637112796306521,22.732414922565223,0
168864,-50.704625,4357.6374363914365,18.21997773791803,2.8620660288518094,0.03449537362903354,45.003461098372945,0
168960,-38.095696,3290.508559685306,13.275622376696749,2.9864922044576123,0.0008884415030480097,33.91266758859158,0
169056,-30.602488,2590.1409767480473,11.405704455521702,1.7522822270645668,0.038563627004623346,34.34002918288112,0
169152,-52.145717,4490.561700425992,19.840445313730527,2.9718279259592517,0.006615668162703592,41.02648738116026,0
169248,-32.644289,2772.5725932365604,12.504662566199109,1.9428907393022308,0.02600055448710925,40.12102334350348,0
169344,-46.433173,4015.794907336186,16.883849317143,2.4299712351572564,0.01587205380201334,26.23220043629408,0
169440,-50.162008,4329.024970490261,18.528823665561575,3.0533447421326976,0.006118208542466141,35.586308089792716,3
169536,-54.54102,4707.113521329687,19.88839486794524,2.9706572526842354,0.021006918326020307,31.617334828525784,0
169632,-53.28927,4644.216204883764,18.401317852838655,3.1734415985962636,0.0038223788142204285,30.83947647467256,5
169728,-68.449339,6022.7300048146635,22.436012580164228,3.0900592007969663,0.01701410096138717,51.556822623014455,1
169824,-79.682232,6996.796950140255,25.69969127483855,3.0082369285926713,0.05340399201959373,26.975726862847804,2
169920,-45.537579,3950.6234379609014,15.065409878041821,2.93054102701296,0.02263370938599113,35.823403004556894,0
170016,-31.290965,2662.0087973723676,12.61675316388186,2.180303803818463,0.00091529730707407,30.080340796858074,0
170112,-26.626511,2199.0182297189112,10.970686661933744,2.3175486252050517,0.027873560786247142,38.785823209881784,0
170208,-26.106786,2181.222841192289,10.228015562096935,1.9071604407970049,0.030885887518525057,33.662838678509,0
170304,-59.243789,5167.562154213814,20.263808456984176,3.2562577394471077,0.012434789165854498,32.85748310402036,3
170400,-37.211985,3177.108913475049,14.163810208533654,2.7939485947407636,0.004944911785423833,43.25692125678062,0
170496,-36.625423,3133.831933438476,14.12242468872485,1.7905349336455223,0.02227746210992332,43.72415104329584,0
170592,-39.885057,3478.255052436888,13.749917424826036,1.9641672286881455,0.0127909567207099,38.65441817820072,0
170688,-45.642337,3933.1408864018904,16.994197017230807,2.585961023861002,0.011885624378919601,40.34337218686938,0
170784,-57.328624,5001.609540099428,20.579590925166524,2.8076184680986436,0.0010402815416454825,15.112838875502348,0
170880,-15.643728,1219.2852706037634,8.165045433228071,1.8611719722406468,0.017126210171141132,31.327433399260038,0
170976,-77.340949,6858.920587100922,24.540575541423344,3.238718175882766,0.006272180937230587,34.4927678732574,3
171072,-36.045566,3093.9708852332024,12.828567070230648,2.177782976828933,0.025744932331144832,43.27816164702177,0
171168,-47.195875,4090.1240128457534,17.481083289825563,2.1932946686086003,0.011532833054661795,35.71437906846404,0
171264,-38.769112,3308.63068081807,14.329712807509488,2.262992485163317,0.031912962347269036,31.661127281636006,0
171360,-46.549618,4000.017857587544,17.324665763016743,2.930998060829314,0.011975998617708705,42.74743904858827,0
171456,-52.766652,4561.269760313653,19.975424908355457,2.7876230825770048,0.003085206821560882,20.825357456058263,0
171552,-52.14692,4531.347717301812,18.50947946576227,2.5945687185430852,0.016184762120246887,30.124039862155914,0
171648,-49.004307,4241.681648110075,16.593164940612525,2.4294567790980746,0.04251724611967811,33.96212720930576,0
171744,-43.748732,3733.7377857889487,16.33161159557668,2.92257462778493,0.02285606991499667,37.68095034793019,0
171840,-42.601537,3675.0440853269524,15.874555328387006,2.1220157226786034,0.015994914621114742,31.9610038626194,0
171936,-30.195623,2538.629061683668,11.505424307944983,2.7353951480035104,0.017569774016737982,45.0678386810422,0
172032,-55.250413,4748.955402721764,20.958059399221202,3.270366829212757,0.011019646003842365,39.135487960577,4
172128,-30.811721,2611.6223775015355,11.624976503822115,2.4135378600745954,0.016172626800835144,24.134329642355443,0
172224,-50.022784,4304.589881324914,19.333435343346927,2.733985101515111,0.0055506903678179675,35.7196814508736,0
172320,-42.910949,3674.5683056859657,16.763822574386875,2.710836285028032,0.003452299349010035,42.46319833800196,0
172416,-51.725722,4540.1730794114055,16.47675740493068,3.0579122211532823,0.010519940778613068,28.24326123520732,2
172512,-57.858892,5074.452429902464,20.012820676478025,2.6876204114124667,0.0023648999631403766,40.65288449406624,0
172608,-55.113036,4813.070084158816,18.635649878637548,2.8788019012383317,0.016007989458739713,39.63773279771209,0
172704,-31.596212,2706.145318554544,11.9695364599688,2.2825056634646783,0.0020597085356711675,45.53678609669208,0
172800,-45.178812,3844.3946097608277,17.927118480520658,2.891197707404951,0.013350094482302732,34.29180656909943,0
172896,-76.632884,6712.295498171373,25.00109122110012,3.603539789628792,0.03787903264164927,31.791927803456783,4
172992,-68.821381,6054.851724814572,22.843032462003155,3.0336970069741054,0.013764999248087384,51.53968552723526,2
173088,-53.245156,4641.572844866838,18.31874898893837,2.923841459727885,0.010951112769544136,35.14420231252909,0
173184,-62.201162,5431.901868624476,20.78173499933398,2.7886927943161504,0.03547641281038527,35.488712766766554,0
173280,-37.092391,3152.9459301779834,13.835244779159881,1.8142173103878854,0.045778108015656405,41.8353273357451,0
173376,-78.236529,6895.994920657597,25.053757547162192,3.246590378665737,0.030787769891321648,41.12393088847399,3
173472,-33.649606,2844.9801050153615,12.910717196643809,2.0331196235396023,0.034222788922488645,40.61391276150942,0
173568,-31.445155,2722.9443014932635,10.985216205801795,2.220179676244868,0.0021383315324783325,47.548682204633955,0
173664,-70.203689,6178.424405270156,21.65602168682202,4.182462351236493,0.016643543727695997,33.71969457581639,6
173760,-38.274653,3223.292659386972,15.109230224687098,2.583595597015981,0.03170127198100092,37.91389658212662,0
173856,-34.115568,2895.9802893315473,13.33892335613798,2.385293876293182,0.013331399485468798,38.116508857011794,0
173952,-36.991893,3124.5080727252994,14.513017797764373,2.4627578312879894,0.027186927944421846,38.95811910942197,0
174048,-49.741938,4347.868556540411,17.277042629819057,2.3255989982447076,0.009993319585919314,47.046273079812536,0
174144,-68.050999,5933.960179153197,22.732165281426852,3.2157482316213986,0.04036321286112077,51.232840908020734,2
174240,-55.223057,4816.604726023934,18.76688440543356,2.660890540869705,0.02417257502675052,38.3149921554327,0
174336,-58.420121,5104.013269646161,19.27498437747528,3.8177630568987633,0.0046924879088213745,27.483917437791824,7
174432,-84.052312,7383.199517522141,26.695785330393907,3.388709153013493,0.05707318317145116,44.15622302666307,8
174528,-65.251376,5656.822986776763,22.948017078016342,3.1628336685302343,0.03557384926825763,30.93877855807543,2
174624,-82.942962,7293.285040281605,26.20346465160103,3.424966653364696,0.05193905476480726,23.901064963191747,4
174720,-68.577402,6068.052444695671,21.26133847683042,3.0570850848551308,0.019709493778646003,29.02490042597056,1
174816,-65.046821,5767.783901924268,20.273532651918277,2.4477873790402187,0.02052046153694398,32.3087097619474,0
174912,-33.42659,2847.3536671236725,11.584223050815622,2.5445462791438196,0.030664495006203718,42.89706473499537,0
175008,-33.979798,2910.0841676624823,13.316664656926555,2.0514281914578048,0.004225733876228377,22.429052582234142,0
175104,-52.57581,4516.806055394649,20.317522569914622,2.9200197889746713,0.00963229294866319,36.43501906171441,0
175200,-42.227909,3607.21683703808,15.974354596956022,2.7525557044623086,0.017494102567434333,34.62401603192091,0
175296,-70.545613,6240.438214648551,22.5195419632143,2.904467309539419,0.01490544322878129,38.579496800899506,0
175392,-61.737709,5393.743508919386,20.639475644480072,3.273069898180464,0.019946891628205843,28.301103076338773,1
175488,-31.341454,2700.044394291486,11.465568612909703,1.730066114300871,0.013954227417707465,33.27147942185402,0
175584,-49.803087,4255.611555993868,18.721599547918547,3.047668799408238,0.027428289502859082,39.187877094447614,2
175680,-31.191212,2689.681753367367,11.316183130060365,1.7360438969079497,0.013674775324761912,33.25578525826335,0
175776,-28.424872,2368.651061618489,11.389942798458303,2.8018317781819295,0.013376366347074509,27.531147117316724,0
175872,-38.94956,3323.4904076120542,14.343687760108235,2.2536936807609655,0.03400483448058367,29.619517398476596,0
175968,-36.267852,3090.6302022409063,13.085315461660018,2.753618263022208,0.022300522401928924,33.75213574364782,0
176064,-57.149817,5027.136118346618,17.875990862681654,2.3088216324254125,0.03947533145546911,36.93111441016197,0
176160,-52.603172,4518.506249855875,20.600129455043685,3.0333611737516786,0.0016484154388308747,42.230168801844115,2
176256,-84.52172,7397.695957029022,26.929156556705788,3.936040344017543,0.05943980049341918,21.124323275089264,8
176352,-50.064308,4307.4620865294155,18.070235668002955,2.8001025291764154,0.029905016534030493,21.82550622493029,0
176448,-38.169079,3263.99279194057,14.15009304439748,3.186194237187407,0.0006430454552173726,22.83682793080807,3
176544,-46.508075,3998.2296088177486,17.15362241461578,2.3046878963601314,0.030521118454635177,34.81000621289015,0
176640,-39.296551,3403.8230483637494,13.380547889903976,1.9326645920548866,0.03140599876642236,37.59970653235912,0
176736,-68.808748,6092.264213185073,21.70995065497241,2.9749707516535477,0.012208822369575545,38.186599319130174,0
176832,-67.826074,5976.818491449258,22.112679065133804,3.05839446143393,0.013381807692349035,28.86892591118812,3
176928,-33.225199,2856.620935980011,11.136275874107572,2.6348848757350387,0.01761021614074698,48.608688005805014,0
177024,-48.345783,4143.81741424101,18.35264807228398,2.8739210371474577,0.016816428676247608,38.12166032537818,0
177120,-29.38652,2532.7281535950183,10.822062355792244,1.9456633678655109,0.0022903043776749676,41.85282014220953,0
177216,-49.961614,4295.669148442954,18.33917209514939,3.1337798830481907,0.01664394717663531,30.528933408856393,3
177312,-29.886201,2565.9928920469342,10.240705136315494,2.386767744892559,0.013290235400199912,30.07307493120432,0
177408,-37.211032,3190.691288083697,13.97260723987626,1.787528735493083,0.026488333450336188,36.64183766618371,0
177504,-27.837433,2306.2683132837296,11.888422583185957,2.085601732253989,0.024932177364826225,34.995974982380865,0
177600,-51.647907,4494.350487998352,18.049041880233037,2.4161613202686025,0.021548309549689337,43.805965948104856,0
177696,-45.628349,3937.1023240398085,15.629759255746706,2.148638706393373,0.047262839041650295,28.84013456314802,0
177792,-64.619719,5634.343842668214,22.46564378111276,3.248224367439994,0.01581984963268046,34.95297176524998,4
177888,-52.75145,4589.670590772259,17.942347738021372,2.9117080315209507,0.020490464754402637,32.02296830952168,0
177984,-46.656576,4080.5085895029397,15.225249055251957,2.1274375670075223,0.02886271327733997,29.907304624915128,0
178080,-64.962466,5670.501804235449,20.612539967235662,3.4740526843648065,0.0456043507903815,26.068127152472737,3
178176,-32.551534,2713.7179170942954,13.92410614233502,2.124061212342805,0.025833229348063425,47.160481224954125,0
178272,-35.970606,3103.615580825698,13.23903073202165,2.328410202600569,0.002091793343424797,40.192821734398606,0
178368,-29.897489,2534.6668395577763,11.186766342043295,2.7372579372578114,0.006659194640815325,45.843178131878375,0
178464,-45.556147,3870.313556934893,18.402827955281985,2.9786535555807117,0.009380075521767228,35.43899743527174,0
178560,-40.355611,3478.3455164285388,13.84856565066113,2.939584041681812,0.016116805747151464,42.49629633769393,0
178656,-47.087442,4111.835395126988,15.906458473070714,2.9720265206404433,0.0005560189485549483,37.93426135107876,0
178752,-66.111887,5827.958156404121,20.483267481497673,3.1587613081899635,0.028254715725779533,37.593992376625536,3
178848,-42.9212,3690.9394403990964,16.71181573174595,2.035582965321189,0.01226852219551805,38.8947029478848,0
178944,-55.466627,4894.71304036172,16.808863419794374,2.5054179753750905,0.03164469897747041,31.536128927171227,0
179040,-54.633041,4767.8838073652305,19.147647745667676,2.878094029397833,0.003911410085856937,35.489149188250295,0
179136,-29.379423,2514.1751594009493,10.535507227118533,2.396654538990172,0.00789049062877889,40.17658816233276,0
179232,-58.337363,5077.464114614579,19.75981858562114,3.758396406907508,0.008761180162821958,31.135607991069556,6
179328,-45.645213,3937.446904194088,16.970528400083555,2.6677689733456624,0.007498543523251966,27.93146370753646,0
179424,-55.432525,4856.644316480191,16.792608193466336,3.095077280418494,0.03935122843831779,43.707900126427425,1
179520,-42.271746,3635.399053917834,15.640405739507704,2.75705249621689,0.008187528140842781,37.32610151216389,0
179616,-94.071576,8290.925589792849,29.691944082073388,3.363108555271194,0.060632905177772034,22.05788007646799,3
179712,-43.270578,3747.856317007035,15.760592146138201,2.3708072668218874,0.007700943946838401,37.50680756643414,0
179808,-41.657417,3600.4940047732225,14.822611123904093,2.6005071585035013,0.011032688990235351,37.51408507749438,0
179904,-49.289015,4282.466960621134,17.210283746387123,2.861980690953501,0.010431226342916489,26.81553451821208,0
180000,-28.283359,2369.642000801648,11.548762306224479,2.59015845285949,0.005749790556728862,34.04510680407286,0
180096,-42.714171,3695.988099329858,16.236280129412933,1.9994261826123134,0.005575696075041048,30.655561638027432,0
180192,-70.773348,6233.105635254697,21.93096154147395,3.655232581535184,0.026727357134222973,22.74657915428281,8
180288,-58.274807,5088.375517296192,19.8253589125261,3.2445193590618153,0.009709102287888571,34.9557676923275,3
180384,-46.799743,4070.8425564507215,15.80890847525116,2.968144725374919,0.010759124159812894,30.779714423120026,0
180480,-47.385718,4154.002403834508,16.230409232250288,2.430372577642958,0.00029478222131729126,35.179908527880905,0
180576,-31.047099,2605.1216371718965,11.616460785699672,1.7257317024628596,0.05471010655164721,32.89733716070651,0
180672,-51.191934,4472.406438780897,17.663902627311277,2.3303599811738627,0.01577034574002034,39.32955064252019,0
180768,-42.850008,3682.3351321053146,16.07528664739658,2.9602435538700353,0.0013315681368112342,26.419924830347306,0
180864,-48.104759,4129.904418270764,18.251286485761515,2.817695472071583,0.013550058193504744,38.27275588810443,0
180960,-68.032346,5965.953060148582,22.867009950851966,2.97930548277209,0.02139933966100216,51.38519370168447,0
181056,-68.115372,5946.235276604814,22.713772157478683,3.168285400443529,0.03810488265007739,41.8544853875041,3
181152,-37.122041,3166.541266040269,14.28314209685832,2.547889306118658,0.010168635845184237,39.73679185301065,0
181248,-50.637212,4371.888187211486,18.8032181309663,2.7795758567234095,0.01103561054915192,39.35595085471868,0
181344,-96.25847,8526.51796894294,27.99495502590506,4.450302686419529,0.05431219805032017,26.09330496519804,19
181440,-35.47257,3039.216734050539,12.09493485847454,2.7081270391909777,0.024578097835183055,40.245773280859,0
181536,-54.96623,4796.86212001799,18.705913244834868,2.8045074770394818,0.017602147161960513,40.33389621615409,0
181632,-34.266039,2899.9139562689224,14.026744177480937,2.3836319736270903,0.007028194703161683,47.09921713024378,0
181728,-51.704784,4455.482467760513,19.50153073441388,2.995441293887396,0.006754909269511722,42.11215156137944,0
181824,-36.011703,3092.3586085081415,12.779620162976942,2.6403361167687542,0.013206402957439412,39.927109111100435,0
181920,-36.929334,3198.4849577847035,13.162711451991745,1.77150284929158,0.019137976504862264,40.55900929719209,0
182016,-31.971201,2692.5229124184293,12.66607998016571,2.136387223834269,0.026106173172593172,51.288626100569964,0
182112,-50.085817,4296.682997818768,18.977482785062833,3.0824258572593073,0.012851481139659893,41.095795976370574,2
182208,-50.108688,4313.487338869744,18.970713998873745,3.0274923178062263,0.004773566313088007,39.7768724770844,1
182304,-40.700049,3496.5827520977678,14.493769110667284,2.8200719407879635,0.01720412541180849,41.466889916062364,0
182400,-32.086675,2700.4080833939747,13.214482841670307,2.1152384400034423,0.01814360581338409,24.782718363702298,0
182496,-35.609065,3052.749041570315,13.650473514362398,2.09730025850945,0.009834174998104572,38.469186897128814,0
182592,-47.030677,4095.1314797430387,16.463109966136088,2.6089558047411434,0.0064564509317279195,39.25886175677181,0
182688,-27.628741,2304.0950483893585,11.040467442028966,2.498222862343547,0.018424089439213254,35.70485675364733,0
182784,-43.087218,3692.858195521193,16.68257285842289,2.802312660440645,0.002195911481976509,26.385469360202553,0
182880,-40.381474,3515.8809219674968,13.886877821688527,1.9667049202813158,0.0179946163669229,41.316387501657,0
182976,-35.339427,2963.8605953504743,14.185560734788861,2.360927940187875,0.03338546250015495,38.39596961900592,0
183072,-65.551999,5787.725911312845,21.25760809427059,3.161737556455586,0.0021841654554008993,35.62501201018691,3
183168,-45.73015,3945.0782679647546,16.687914029458703,2.505802326616213,0.018044813908636548,35.40085415825248,0
183264,-80.464148,7052.452132423207,26.289340703707847,3.8838721385420287,0.033285051584243774,23.90382514029741,10
183360,-48.465135,4210.096399024315,17.37227476029773,2.866082573411759,0.0004037329927087385,24.695680600255727,0
183456,-34.119879,2923.449917076274,12.968961272592606,1.8479581255845519,0.017033855803310904,49.928928655833005,0
183552,-29.053635,2449.966746473086,10.906411432946825,2.2557068512200154,0.025317407399415903,41.722271322757,0
183648,-22.241512,1855.0184620944467,10.119712727754475,1.463209740722558,0.0046753441914915705,25.92792776033282,0
183744,-48.478845,4230.5456581935805,15.969146512568626,2.707347362457276,0.01998035125434383,43.70289931714535,0
183840,-65.850927,5778.599428467013,21.82748274855603,3.113315103039103,0.018090814165771074,24.905748961418873,4
183936,-65.836558,5776.985520817069,22.18417604137616,2.9536780267104072,0.015331931225955553,40.675719426721336,0
184032,-61.726368,5407.989129218178,21.041873783543913,2.798691574636976,0.01429584249854099,26.22777325049043,0
184128,-48.417798,4160.507691148221,17.923250185981196,3.2171001561434585,0.009927049651742015,40.71550582408904,4
184224,-35.667547,3056.9600327394933,12.140437481319985,2.6376095696924233,0.026718093641102225,37.74102938249706,0
184320,-47.169887,4078.4217498215958,16.904623826918613,2.6528142547498623,0.01687713712453842,33.28496305286885,0
184416,-60.24301,5267.252903598402,20.03726302395386,3.2230111865029243,0.018006496876478206,33.15391399353742,3
184512,-46.022946,3967.6962449140206,16.88564844542309,2.371847332814173,0.022103366814553715,28.733778485655787,0
184608,-59.290829,5186.027740128097,20.018073383877933,3.0660334119267425,0.013247731700539611,41.41833321496844,3
184704,-51.582556,4468.7384030634485,18.738057574187298,3.090965331808418,0.00249126087874163,38.05480885609984,1
184800,-25.156846,2110.448364707506,10.126349636720322,2.0460844480995077,0.013068274781107891,31.304281006455422,0
184896,-37.168628,3144.3770206737977,13.895244411530605,1.741860017012375,0.05730270128697157,40.94282528787851,0
184992,-57.701125,5002.182821803163,20.69501748116372,2.591377819193041,0.028949327394366287,36.26094719231129,0
185088,-31.438581,2634.224552671363,12.34194635788154,1.7267724563956837,0.04686951779417292,31.516285015344618,0
185184,-54.297291,4742.756611111539,19.266999700801755,2.617803458104443,0.0028335714712738325,48.17525932848453,0
185280,-36.28876,3140.720230507206,12.629865284642532,2.4006165807306132,0.008823448605835393,47.201102797985065,0
185376,-70.27018,6170.465433673932,22.010299870126232,4.206406234417113,0.018658226169645742,40.1739838449657,8
185472,-35.388598,3029.715232668313,12.326483101499537,2.6090697472007287,0.023324865102767878,30.455891156941657,0
185568,-54.935197,4776.167531801003,19.09708291441038,3.039628353686201,0.015236345678567909,32.389929325729604,2
185664,-39.852218,3420.886423629774,14.476168583387395,2.2562224704004388,0.02653427664190533,30.47750394165516,0
185760,-66.910906,5869.8792070647905,23.022410057405423,3.1857933369867193,0.0020715519785881042,34.82223293423652,2
185856,-45.735678,3941.5583254608264,16.403249853073323,2.6173955662993924,0.023477437905967236,34.13747062906623,0
185952,-36.271049,3145.272801568232,12.510076248874718,2.3450886461516323,0.008484179899096445,39.41437204033136,0
186048,-37.705007,3270.8151835051244,13.266444892011469,1.9599946569019169,0.015528263896703587,41.26140973642468,0
186144,-37.645331,3179.5015155189917,14.77493603870469,2.624459745751981,0.024536723084747747,42.36798325523734,0
186240,-42.914059,3692.9065471469326,16.23655855659017,2.360602161874797,0.011318990960717201,40.94882091656327,0
186336,-51.502738,4494.328675074171,17.896077631660855,2.2593609689525005,0.019125556200742744,41.817329394817364,0
186432,-64.601124,5635.5278873142415,22.53256740786719,3.0753127822288904,0.017063350044190906,31.111909882128245,2
186528,-50.269514,4351.789459341808,17.944904943949556,3.03851076643697,0.010182922892272406,44.657550451606504,1
186624,-55.849129,4923.726848231389,17.060699959229304,3.0872816276713397,0.01724919136613612,45.10494546249509,2
186720,-47.050361,4078.698805988623,16.225639778224416,2.664224386383362,0.021999404393136524,22.483053705692296,0
186816,-44.286298,3805.6173993906327,16.683223950429745,2.3280810312296305,0.01959494259208444,32.57025834098458,0
186912,-46.452447,4059.806158623244,15.894205866796678,1.9860515296994163,0.019446862675249588,29.941124447882178,0
187008,-30.423857,2546.2907762962177,11.83601134068446,2.6801331713920087,0.022539488039910793,31.7376246149838,0
187104,-22.589546,1880.2029442816113,10.312175977454297,1.3952211304549187,0.009051682241261072,24.979858054965735,0
187200,-46.043505,4006.215557721465,15.676818992358708,2.8485548576804716,0.009258803725242681,36.94540420874953,0
187296,-48.348872,4165.831770728142,17.709157217515905,2.8027477697187875,0.01711389962583776,28.70079641997814,0
187392,-15.597045,1263.1323119192036,7.4434802879366675,1.6490140107364606,0.004871482215821787,35.642576648741965,0
187488,-55.985366,4930.702557203603,19.114680678974434,2.2235084154765334,0.0036355571821332644,34.564378459155556,0
187584,-53.032562,4586.245485200986,19.600078082120994,2.7538437824843958,0.01256975512951608,39.886848839968444,0
187680,-52.142302,4524.951807643992,19.333205618242626,2.711933620006835,0.0005365543067454848,33.29878182008862,0
187776,-29.890707,2587.994593621978,10.46734089179583,2.073059700266635,0.002755657956004076,38.05071509674192,0
187872,-65.225157,5739.55729887035,20.96328620082746,3.0120721133769077,0.02238464690744879,49.36166849747299,2
187968,-47.824429,4162.684352061014,16.801179900745925,2.587768295992462,0.008141611143946736,41.52583833947777,0
188064,-42.533301,3683.9066154999973,14.78969355174336,2.9843003740142016,0.004240443930029925,47.352714037746196,0
188160,-45.901661,4014.2567624019052,16.132765423813886,2.0759179723395405,0.005926432274282023,32.51062536433339,0
188256,-44.019391,3741.8610396432928,16.706476618330246,2.764114045152311,0.03221279922872777,36.99238428920508,0
188352,-28.082539,2359.045431396268,11.35096927569409,2.038437341237276,0.018094588443636872,30.765442049801344,0
188448,-43.846916,3790.6481802674825,15.658316038478935,2.4366185903282425,0.01788614876568323,45.49175563246011,0
188544,-43.265465,3728.992982273154,14.84403990606852,2.7236590129065075,0.028857332095503785,44.16307811141012,0
188640,-33.962902,2886.1565089553014,12.369527967333758,2.4261484990555573,0.028001252375543073,44.685757369995116,0
188736,-30.343386,2568.654472688921,11.519439798732447,1.9280167809705218,0.02865348421037195,43.29386083170771,0
188832,-54.426786,4819.786655832368,17.251140337378615,2.4602235508560466,0.004632541351020314,30.282086642682554,0
188928,-68.622793,6063.886606628362,22.433459442185693,3.123152346286659,0.0003085561096667355,54.327873535305265,4
189024,-48.480872,4167.93039995818,17.477835332867105,3.0273388089393407,0.023152105882763896,27.73819026127458,1
189120,-66.068098,5801.177623569556,22.632127898553186,3.092767922727337,0.001971721276640803,39.941928293406974,2
189216,-27.303195,2300.382660846317,10.600999806211153,2.14896902259868,0.017298725247383073,41.80766437113285,0
189312,-50.009801,4341.17807062062,17.80580399354298,2.5750851461091946,0.015082973055541515,37.560184371918446,0
189408,-35.523061,3046.6739929599894,12.769573669780995,2.1996218806317582,0.02304003201425081,45.20997803196311,0
189504,-36.290529,3128.4695267238003,12.494640277941402,2.219279476826529,0.02464865539222949,42.03223902702332,0
189600,-38.217376,3275.2058763501823,14.292951610227162,2.895111890627908,0.001292474381625719,39.47647794321179,0
189696,-65.206751,5722.778924469365,21.120543800964363,2.747376991982178,0.036256509646773405,38.93170427531004,0
189792,-48.984558,4199.458282989737,18.504776124941078,2.3962428529921005,0.03200301993638277,29.748524661511183,0
189888,-36.030578,3115.368864928665,12.725753100157014,2.2564834622791814,0.010438001714646816,45.584212227314715,0
189984,-75.69087,6676.41019124776,24.44536809333081,3.7014603492333,0.007504922710359074,27.008823510557416,9
190080,-39.958088,3437.5245862917254,14.314320311026966,2.835109154780096,0.010300131887197472,38.54422634541989,0
190176,-42.613085,3693.6781771985748,14.234463672201477,2.903717785103145,0.016298488713800907,48.72276839375497,0
190272,-44.03616,3730.537767781011,17.400510231052742,2.7524838167995886,0.02730902601033447,40.12356066659093,0
190368,-66.203333,5778.489566862429,21.884877544068804,3.3372210605398767,0.03453901335597037,36.96431648388505,2
190464,-44.78202,3845.129670342256,16.651823151147177,2.8460755815630483,0.01311640199273828,40.607504015713914,0
190560,-37.60123,3231.3499393723955,13.122127809807457,2.9919530169147706,0.010287428647279828,34.16334319293499,0
190656,-40.139091,3459.169850554122,14.215807694873341,2.9414360126812484,0.007071738876402445,39.388740079551944,0
190752,-59.689906,5205.21095440313,20.858216135023714,3.103078813273522,0.009273342043161437,48.03403642252087,3
190848,-65.707634,5815.744417178012,20.5821376386102,3.3584630416429304,0.0021442275494336638,37.89273850828409,2
190944,-74.087887,6508.2136993845015,23.633860765793358,3.484438661335545,0.03478775378316645,23.065624457001686,3
191040,-31.651798,2688.9695623265616,13.123264070468714,1.8300335913145673,0.0062073405832051565,39.23617418646812,0
191136,-47.558443,4126.110041797428,17.018940540591984,2.5912883913408202,0.010342994891107127,45.22008265644312,0
191232,-55.667848,4862.442804140727,19.718433702382672,2.682815045710628,0.0036509377881884797,37.245106100291025,0
191328,-58.237323,5056.136465990914,20.905468619377523,3.2773380144056365,0.006225515343248833,28.97398801937699,4
191424,-47.82099,4138.151745441202,17.195039842700602,2.999433105162227,0.005412514321506023,45.118029321581126,0
191520,-41.743308,3631.3180555069152,14.835929774063015,2.0766324204351774,0.00991300493478764,44.08650533467531,0
191616,-22.064976,1833.0935463634264,10.040363032048997,1.3883695659708664,0.011105557531118304,16.235905714780095,0
191712,-39.310411,3440.747422848461,12.895860496908133,2.0025218594371674,0.015544638969004154,43.42627495214343,0
191808,-38.093342,3291.102562411823,14.198337495454679,2.0341168603632713,0.0072779064998029774,28.325994326323272,0
191904,-50.275953,4335.111157832846,19.229663160359163,2.737241356903371,0.004069758392870382,31.861843777745964,0
192000,-50.48779,4331.629191015031,19.416710703218683,2.7288792752564515,0.016995572298765138,31.57644890189171,0
192096,-51.391246,4460.366185559866,18.599376192981463,2.937617784909506,0.002181610278785273,39.68557370007038,0
192192,-86.878814,7634.603642642612,27.251256118628817,3.887400684711143,0.05349604561924942,30.63320163503289,12
192288,-52.076404,4512.791436621859,19.369620522871863,2.7288017944643372,0.0030721530318259527,37.19127729147673,0
192384,-48.070393,4183.16773255124,16.53807181300488,3.0224472895452688,0.004554341360926695,36.64530905216932,1
192480,-40.668364,3483.9256894416085,15.19284671109313,2.6882978894667384,0.013062235340476014,44.87325127646327,0
192576,-35.837176,3088.5512099077505,13.9257960479231,1.8869458875380267,0.0012764587018051499,38.10336531758309,0
192672,-23.552837,1926.5117515506117,9.959860736508066,2.5815771266826752,0.017808713018894196,29.841574282348155,0
192768,-65.959095,5806.505655940406,22.074066646987376,3.149086769468236,0.0008122285827994458,46.69819202750921,3
192864,-34.973651,3013.659297786213,11.685159626446925,2.674479686103008,0.017447898723185085,45.66701164081693,0
192960,-43.735812,3797.5824013642246,15.246627083472529,2.7517869530305,0.005685647577047315,25.05975632891059,0
193056,-64.769513,5717.535293183787,20.968886834752208,3.183209081880484,0.002014042809605654,47.46824691832065,2
193152,-60.542066,5320.717177534579,19.612839497436333,3.2083312393959234,0.011180636286735546,37.51410363703966,3
193248,-66.415708,5831.954627750118,22.82299864070843,3.014711190422439,0.0028918290510773215,43.5049804867804,1
193344,-52.091842,4541.168994276651,17.260246082323476,2.6038758316436716,0.0307018546387553,31.576722612977036,0
193440,-49.680179,4303.199049447698,17.346501410250102,3.263632273781382,0.009252323769032955,45.84342704281212,3
193536,-26.192602,2237.9740897038714,9.685719434286732,1.9433713932097119,0.008653138391673587,26.198753369599576,0
193632,-51.952111,4501.725417862014,19.517619359057356,2.53900852418375,0.004264512844383672,44.6516009670496,0
193728,-47.603531,4139.393474029618,16.642344426400825,2.9583857532655236,0.0022359201684594154,36.9457603828609,0
193824,-28.046865,2372.5969055835935,10.96704139300136,2.394099170537884,0.004876235127448947,35.914366295188664,0
193920,-65.986819,5762.746598248095,23.276698166782456,3.1352667216160772,0.00814909972250466,42.41296089991927,2
194016,-34.089959,2928.5749860573255,12.39264011018221,1.9902752178807213,0.01935380399227149,33.81356928616762,0
194112,-42.531699,3663.1316505735654,15.676186172145803,2.9774555345605043,0.00043630264699462407,44.91796533942223,0
194208,-42.933848,3732.5033844428717,14.693632781231168,2.9478788962195543,0.001438202522694998,42.29226997956633,0
194304,-45.671237,3950.0045423258343,16.02864962606723,2.4148715906076026,0.02644322644919156,33.91734787151218,0
194400,-57.514682,5025.66496061617,18.596922012279194,2.2447888370602405,0.05206935461610557,42.49153549343348,0
194496,-43.14006,3718.6512356629587,15.690173910253328,2.9483691606800178,0.004476546496152922,38.08617763340473,0
194592,-48.774605,4225.248020372048,17.566821810860617,3.099498721607487,0.0008185775950550478,38.08445348665118,4
194688,-36.075633,3068.0522680557724,12.732867836101036,2.3811337058603126,0.041519736312329636,39.029757228344685,0
194784,-63.392612,5593.692186887587,20.73532174191485,2.9697945788545224,0.0031450835987925085,57.08087094381451,0
194880,-36.554725,3146.5601858983896,13.588037522744159,2.269425198262076,0.006996125727891878,44.275560088008646,0
194976,-35.406223,3027.12402669777,13.867309517008836,1.9238940918953773,0.013682177104055837,33.53193938687444,0
195072,-43.080025,3658.7493646126445,16.665501799437436,3.008819059484316,0.019290244765579723,24.238710951060053,1
195168,-69.881299,6149.610738121235,22.001945709743534,4.183148764286192,0.007423240132629849,33.39634289175273,7
195264,-27.198606,2258.345969018532,11.964499224258343,1.865287076395798,0.01864542551338677,51.15514641523362,0
195360,-28.141915,2379.8000249041124,10.848829263262344,2.0712383844715574,0.017384681105613642,29.306877638995648,0
195456,-48.815053,4157.970095992293,18.305110193633205,2.8146875429880915,0.041196287050843106,43.23505097597838,0
195552,-37.847592,3270.0346767533492,12.754486326848948,2.957567317001312,0.009191477298736594,40.13770062029361,0
195648,-94.474717,8308.91748850388,29.338567907383204,3.4698182021421813,0.07973630446940666,24.58502765491605,5
195744,-28.809775,2421.914852507741,11.308082482593045,2.025513811493128,0.025866441242396898,25.247411952018737,0
195840,-35.877421,3016.879179283735,13.01115941185011,2.563438692208976,0.05199372731149199,41.326025971621284,0
195936,-65.720997,5751.95469454165,22.94975561046923,3.2291084637164467,0.0016586413607000416,28.850119231939317,3
196032,-40.869689,3509.7993437540026,14.430840619373397,2.9929084084336037,0.01635202877223496,44.56468812867999,0
196128,-42.380885,3624.4675188700985,15.865055726624734,2.8370326957785412,0.016125302948057696,39.53004643991589,0
196224,-44.84151,3866.0139454999694,16.44037509484069,2.8228833397888553,0.00800698306411507,37.4225697016716,0
196320,-51.037503,4386.0127631494715,19.173472093938706,2.7147907490321526,0.02262783274054525,26.097148016244176,0
196416,-48.460555,4182.736744807754,17.188138060389793,2.988239011569738,0.018763384781777914,21.287097385227685,0
196512,-53.658479,4661.670675520498,19.240448667139987,2.9695494097238795,0.005454497784376122,30.158206399530172,0
196608,-47.686301,4136.316241966766,16.810533245228395,2.5658873004076472,0.016908260993659385,43.711218698322774,0
196704,-44.210495,3820.491175787984,15.696369116688945,2.8156674643879462,0.01136037800461065,34.69574772983789,0
196800,-42.770344,3714.9779701648663,14.585507684531256,2.948508678896251,0.0043672665953635725,44.3444373190403,0
196896,-59.095796,5050.531932002837,21.64537269635557,3.4291974172598914,0.048345697857439585,25.61115798443556,8
196992,-33.641527,2867.424996322774,12.476406533038267,2.0498516068802446,0.026960961148142837,26.706318360567096,0
197088,-57.222691,4975.587847909951,20.4145010515414,2.612076335327602,0.019842097535729464,41.80147719547153,0
197184,-53.427168,4645.84778425191,18.6763003521786,2.5389789814589774,0.023347224667668254,39.51548057198524,0
197280,-32.899174,2823.2176714304205,11.40552725899805,2.843013679635529,0.007208900898695025,40.30593496859073,0
197376,-37.677357,3235.9387895067416,14.233974957667007,2.30416184301664,0.008407430909574076,40.19596060827375,0
197472,-40.28952,3485.6551108611375,13.817341744827536,2.860591677027001,0.009568659588694572,42.75596196368337,0
197568,-46.588648,4031.4023656328354,16.849246995248848,2.8581942578023027,0.005104813724756241,39.161675872206686,0
197664,-52.965172,4573.667745147211,19.886678835715557,2.334870140724917,0.021902833320200488,37.477018694281576,0
197760,-30.108703,2573.5007608467185,10.466009876550494,2.3638090955030044,0.019224599376320817,27.962967260777955,0
197856,-59.422664,5169.026060687292,21.265780867893003,3.2675492735601446,0.0030433047562837823,35.933381562829005,4
197952,-39.283749,3350.6518961741676,15.073549724959967,2.948229660584497,0.005058210156858034,45.72090212717653,0
198048,-67.095909,5861.860197215949,23.294026892614127,3.048174512003614,0.01798862833529713,30.093311395645145,2
198144,-28.931939,2422.0117526743593,11.150819172398357,2.4309596425017665,0.026279452629387356,31.915867960602046,0
198240,-35.717728,3012.3867388835424,14.039874281157685,2.589923395423236,0.023061908408999465,39.988643691688786,0
198336,-43.868475,3776.112208765004,15.716460176970372,2.7901568258239893,0.018423452414572217,40.07502863913775,0
198432,-47.918183,4147.77287878974,16.83553112696818,2.9762532280837837,0.013286232762038774,36.78248634800315,0
198528,-61.003726,5353.3555595799735,20.576049330624134,3.105995530218498,0.0036638056859374935,40.503747803419834,3
198624,-46.858265,4026.66639699575,17.92904967897706,2.6114248805249742,0.01122108548879619,39.406597024947395,0
198720,-44.800027,3893.9535274207315,15.223457733781718,3.039430641294463,0.005178807675838559,36.47590701401234,2
198816,-45.608561,3959.04589978637,17.10184549446478,2.1801179897917806,0.0010334299877285957,39.650095481276516,0
198912,-50.202303,4339.235196892192,17.517130624020368,3.120757619782538,0.020433896966278564,45.762773296386,3
199008,-29.677923,2547.0521729506104,10.588364477755983,2.425328695648632,0.00405066534876819,35.55960043340921,0
199104,-36.178887,3098.9845654572437,13.219720813255323,2.2655497310808705,0.021127020381391137,41.7996447904408,0
199200,-49.966517,4332.269634282388,17.385405747989765,2.80652897813253,0.020372468233108454,41.19281492054462,0
199296,-28.884221,2408.859906972233,10.976282513496958,2.552580857736446,0.03211362510919569,30.426211718916893,0
199392,-52.324887,4478.5349572737605,19.888112334765196,2.8107935293637283,0.029919082298874855,34.16241885185242,0
199488,-56.257859,4886.532263980759,20.538732544869056,2.7461244423414266,0.008831121213734083,32.76840695470572,0
199584,-75.944376,6729.013304636148,23.669296780158376,3.5896458134199523,0.007839719764888287,38.93152520447969,5
199680,-31.044581,2640.50933868492,12.14752026385169,1.794144892300356,0.01850492786616087,35.36912200316787,0
199776,-59.723296,5216.094033334413,20.529520780611,3.000569440918161,0.01355146858841183,43.982628605812785,1
199872,-50.82702,4394.7175642871525,16.660706972230642,3.3747804377298225,0.035447990894317605,39.0539503340423,3
199968,-65.881481,5800.855456176939,21.699684617114883,3.1306068664639763,0.007385215163230874,28.312516326159244,6
200064,-50.529334,4362.659576660164,18.678857739520577,2.9002521327243955,0.009265310131013393,39.84917738258839,0
200160,-36.077907,3061.8582888479614,14.320398334642428,1.8731321237872003,0.027596803754568133,46.436799153983586,0
200256,-36.332421,3054.583809545609,15.09885908692284,3.0146755542708332,0.0034036908298731294,53.20986403092742,1
200352,-47.490821,4142.425993012211,16.14543734390323,2.7921678866373947,0.007070861198008149,40.91449174687266,0
200448,-47.438875,4115.444932264948,16.58012744467872,2.7760502326255967,0.0133311552926898,34.76952565446496,0
200544,-39.124651,3335.3588931689533,14.196249929980596,3.2425121380399644,0.014345493167638779,20.551217585206032,3
200640,-58.69484,5149.686163710714,19.849413582571607,2.7679885653712217,0.009063927270472116,29.81339345768094,0
200736,-28.144351,2348.3357951885546,10.46711524677619,2.190381798184812,0.04298035949468615,40.28889952659607,0
200832,-65.65864,5757.737453704846,22.067873112499424,3.0508232872350916,0.016038271225988887,26.366668983101853,3
200928,-35.028264,3001.7585678391433,13.46515839170318,2.018278809498658,0.010921252146363303,46.23896415963769,0
201024,-52.35619,4555.6373881711725,18.851343540979904,2.62398969339374,0.006321130879223369,32.77543738141655,0
201120,-45.534041,3909.425540130589,17.08696484167877,2.5741461797503966,0.01893584150820976,34.7501089566946,0
201216,-57.703102,5045.935494040486,20.033186087733917,2.911001608477809,0.004626010172069095,38.5004465931654,0
201312,-49.688406,4285.614873268703,18.311104589664282,2.8566496496179665,0.013084412738680884,26.927139295339583,0
201408,-32.150263,2687.1616936200103,12.482954974116062,2.3760742115735134,0.03888867236673832,35.331166414618494,0
201504,-44.393895,3822.7493082980627,15.771976440764183,2.808746715452613,0.020754030160605952,39.19315850779414,0
201600,-33.79167,2871.153850322879,13.196348778185055,2.3308103910713194,0.012593535706400927,38.56085485711694,0
201696,-48.381029,4175.316795701189,18.411319046891652,2.723937540445597,0.0009926870465279403,35.44902526155114,0
201792,-50.733703,4360.378584027843,19.32303574085198,2.8933325669275436,0.011711537837982178,39.67533034265041,0
201888,-60.109742,5160.806649254951,22.06352373938723,3.388944090121888,0.03513606116175655,24.592318869617422,5
201984,-36.054583,3050.0841791764856,14.007409111427794,1.8773008935044166,0.040039862692356154,43.150009727776045,0
202080,-42.414961,3569.2882448819805,16.962497453499783,2.8282013000401585,0.03346993196755654,34.7054836666584,0
202176,-61.51529,5394.487269405524,21.43569267281881,2.8168683834632606,0.0008641336113214271,23.13403535425663,0
202272,-33.063562,2853.512720280103,11.454760853938296,2.587531184888997,0.003799637034535397,36.71361123025417,0
202368,-83.070454,7297.123330618286,25.474898988226595,3.8972614309964553,0.05985640045255425,20.853403085023167,9
202464,-50.729861,4339.270841590042,18.410863457486474,2.764204329581702,0.04721412435173977,30.720639024227857,0
202560,-60.979509,5289.854310653356,22.333290505217178,2.806575946091239,0.01722324490547178,25.592749735862014,0
202656,-61.143139,5324.539614390796,21.48984903135571,2.7819465873371247,0.022533970698714323,25.364884816110138,0
202752,-49.222589,4296.779090777621,17.054286742226285,2.36031542557091,0.012959037348628022,52.571429638266565,0
202848,-47.786208,4136.57139279384,17.51830909058612,2.7107010419187687,0.0053814116865396056,29.787743475139138,0
202944,-76.791313,6783.569956674119,25.305758865024483,3.0439847888176783,0.009752759709954262,41.382525945901875,1
203040,-29.709291,2535.1837049225805,11.308757449975793,1.9244514882128987,0.013003052212297916,44.038669071495534,0
203136,-53.274022,4693.587468728141,16.684687937326316,2.8648472632961504,0.012453489378094706,41.274649840444326,0
203232,-43.925328,3705.104445942937,18.089116914953124,2.7092791655848636,0.024255781061947257,43.978358361274005,0
203328,-37.248946,3234.801822249223,14.132501364359719,1.6415680289601848,0.00030331481248135894,44.251184824109075,0
203424,-40.171148,3429.0045290570856,14.190106956350984,3.0052038539455666,0.02813260518014432,34.88277693018318,1
203520,-44.949806,3889.5256504632484,16.156091629735503,2.964274372877747,0.0014674879610538927,43.24571127951145,0
203616,-36.964381,3167.870636071558,13.56449571265627,2.6902595247762715,0.009348162263631776,38.99740068629384,0
203712,-39.64578,3375.8040884968987,13.996346383476068,2.2688588309265234,0.05208608880639076,30.723859729468824,0
203808,-38.280318,3293.9382510086393,12.776772365128359,2.9810142370395116,0.021033184975385755,37.35384177133441,0
203904,-23.467726,1951.975391144556,9.07374566093235,2.219873752524915,0.02252661660313604,27.53807471171022,0
204000,-40.650521,3492.962976657764,14.83620747438402,2.828307153948478,0.009247054159641277,35.91139728203416,0
204096,-64.922326,5652.997539268598,22.827848265158355,3.1909727910169994,0.0178404474630951,29.063291331380604,3
204192,-58.883575,5094.216130144879,22.52774356053115,2.6179053474836125,0.00906190294772391,21.248422091603278,0
204288,-57.686833,5074.2018855425085,18.605461983332845,3.04652333025091,0.00963774491101499,43.54577206805348,3
204384,-85.928562,7632.642145267491,25.813120039880143,4.025202802471636,0.016541552543640148,33.115823893249036,12
204480,-26.668828,2285.3611088098473,9.57221950236662,1.7153143263207526,0.017161718942224957,34.95762496471405,0
204576,-47.162801,4076.2940682420317,16.89976368356555,2.2853403157098318,0.02771964333951482,42.88816178888082,0
204672,-57.249198,5018.210641475627,19.990705765618063,2.576654268287796,0.0026145517826080544,31.102443052381275,0
204768,-28.503688,2372.6271289602128,12.189229142505825,2.1497865736405846,0.01738223209977141,44.01601716801524,0
204864,-29.999116,2554.205962111394,10.965009778469664,2.0822663678090927,0.022309807129204273,39.40057275235653,0
204960,-55.517807,4803.209590601089,19.82693680342087,2.690066856738155,0.030773555301129796,32.5259980507195,0
205056,-17.557464,1392.3244014945642,8.723792536671102,1.9597075002468718,0.015546634979546003,30.648343374282124,0
205152,-40.599079,3502.6438651404574,13.975379617127969,2.996530799965693,0.01209429409354923,33.566980666369204,0
205248,-46.913477,4071.597439318595,17.380355538090154,2.296942284339893,0.004307929612696215,35.51535010561347,0
205344,-45.280885,3952.7247600551154,16.08049267505915,2.222352334617735,0.0027032449841499773,37.23355407342314,0
205440,-29.535104,2522.1410988915045,10.515067072881171,2.0225010616939425,0.023344816453754913,40.33114622384309,0
205536,-44.32915,3834.5541899848527,15.925026763384995,2.889494094652729,0.00335350390523681,47.537033505141736,0
205632,-49.372909,4261.307575440346,18.141092755142797,3.020769647012693,0.007279817573726199,47.18131140545011,1
205728,-43.67454,3683.0959480371494,17.713222329112067,2.656453679155338,0.03113548792898646,34.40486782208085,0
205824,-23.395935,1931.5125064413273,9.02342076114819,2.2585721396709113,0.03135696724057202,33.152350906580686,0
205920,-25.971022,2162.235883691707,10.830233885954431,2.025592234135045,0.019290375709533625,28.63268660336733,0
206016,-35.192339,3006.6064783813968,13.405126153437461,2.46738388762181,0.007852180674672082,46.80966195762157,0
206112,-42.093751,3606.802834765613,15.924098505497135,2.87567169053837,0.006548279710113958,25.741046052575115,0
206208,-54.213094,4708.426219844251,19.510991947355283,2.9855803972987447,0.005420142784714699,37.49252341702581,0
206304,-42.196387,3676.4188803508937,14.968324008521176,2.0891016092964474,0.007070684246718917,37.06731694355607,0
206400,-31.965737,2705.0338560294704,13.120473897787603,2.1403595660148325,0.008207479491829872,43.10355613380671,0
206496,-66.265,5848.272966495867,21.92012814616832,2.9827595758428767,0.0008752143010497537,32.61507685035467,0
206592,-46.202526,4045.828064561187,15.137869010703245,2.8693617782088836,0.0036760117858648522,35.75755193904042,0
206688,-24.852683,2027.5548443359623,11.498858883867038,2.6403515025189788,0.004755780845880575,27.13541217461228,0
206784,-39.951154,3452.6746567167024,13.954344308956596,2.9325773674913798,0.0043382095173001844,40.20013053536415,0
206880,-49.315046,4306.112424783905,17.2587806016794,2.3799267886598847,0.008287779986858423,50.941309055387975,0
206976,-48.276258,4165.004143197214,17.8737911823773,3.1570806194365786,8.310955017798438e-05,39.05114279642701,3
207072,-35.22435,2982.1652731150366,13.754281090422756,2.4790394570745216,0.018986493721604436,43.33721208274365,0
207168,-43.216473,3768.7838075153486,14.433886131960266,2.8097118793114753,0.004972296766936779,24.320608493536717,0
207264,-30.824734,2600.3742632000162,12.064686727220774,2.9166381307136806,0.002328653261065461,48.56575428724289,0
207360,-40.244941,3522.7717115683795,13.673481474717768,1.9727957776620442,0.008404090069234427,42.998921621888876,0
207456,-29.613671,2509.382284857621,10.792995309680332,2.3603765665291467,0.022519899532198795,33.628061780035495,0
207552,-53.289566,4632.999868961131,19.670556371441645,2.3567366147212336,0.007713693380355879,15.906490101367234,0
207648,-30.524214,2620.7239233525647,10.970835287550209,2.383783465498409,0.004814049229025896,30.34296634629369,0
207744,-47.481932,4105.8598549668795,17.00606406680409,2.784470929270408,0.013848422840237573,32.23273324579001,0
207840,-39.665836,3355.1124623172454,14.065791002851375,2.2832045572523567,0.06544613763689999,36.18825880154968,0
207936,-31.621917,2656.6249565128364,13.382985183525683,1.884812477053821,0.01912312489002932,43.316921217590576,0
208032,-47.113011,4101.00949546774,16.36583602480133,2.3703179551275255,0.01633586436510087,46.13756489515304,0
208128,-47.60206,4097.310833192117,17.628122771311723,2.724579478580054,0.0167121706530452,40.47819499641656,0
208224,-55.796174,4814.445584806527,19.615571911079996,2.934253311803749,0.03955637682229285,31.282214950323105,0
208320,-56.27131,4894.239794737487,20.162826525064723,2.782395749539803,0.011140408180654038,30.620330771505834,0
208416,-58.235849,5083.235623649408,20.409006963941092,2.778472572372145,0.011293417960405394,34.64416556328534,0
208512,-40.188054,3454.8196556116472,14.242761303699044,2.782044423615721,0.016947416774928614,32.24112645298243,0
208608,-32.397641,2798.1612807059055,12.166358954364648,1.3408262962823732,0.015319316275417827,30.248821341693397,0
208704,-32.913078,2810.9259673384186,12.049507364174687,2.5755786982547426,0.010582314431667406,37.386498640030624,0
208800,-69.97112,6154.899472957734,22.52251065647515,3.939299503007733,0.005976828001439616,35.66406161546707,8
208896,-47.382108,4054.1523592684603,18.80638500698839,2.5540386637033627,0.011803561449050926,18.628996447622775,0
208992,-61.010399,5330.842664022694,21.76102575274782,2.5424678140155414,0.010445134714245796,33.69833786964416,0
209088,-31.867238,2703.294977967483,11.211788197127316,2.2170241661309626,0.03892948795109985,47.02706152439117,0
209184,-58.266671,5118.17529853202,19.071044953797436,3.1281054205095082,0.007490846142172769,42.21498383849859,2
209280,-49.372795,4246.5125225304,18.223087395333668,2.9860752960173462,0.016420887596905187,30.29385844960809,0
209376,-34.961031,2971.1539806432656,13.045078913595272,2.378176919697439,0.025646451860666164,35.067881421148776,0
209472,-71.484311,6265.579274632547,24.11652132414237,3.698875096533193,0.007600755989551566,23.49524588525295,7
209568,-17.323398,1385.4381301608742,8.70037667993922,1.6667335324438657,0.012814036384224847,29.551588773280383,0
209664,-45.608006,3903.065658246812,17.19865474594088,2.883750633768641,0.01761684473603964,43.19421020179987,0
209760,-44.532452,3849.2848450476226,14.677349896587925,2.650791120815877,0.03840545378625393,25.231911558210854,0
209856,-66.037937,5772.801077720101,22.683348660130104,3.2361299236535426,0.014031340926885516,27.374798304736615,3
209952,-38.751429,3328.2073300538377,13.6569640989278,3.199382509143251,0.00616756547242403,15.976277138888836,2
210048,-76.010217,6709.906602253032,24.59088149630891,3.641567534592137,0.005150603502988793,29.3815523891151,4
210144,-67.26453,5863.3609598789535,23.803179539033543,3.1706678274968145,0.014779977686703305,35.84154625713825,4
210240,-30.137009,2538.112496245938,11.486871981013799,2.666801217387209,0.016206787154078417,48.39550520598888,0
210336,-25.385751,2121.9521568543987,10.384070835408822,2.028954062575493,0.015961773321032546,33.256873648464676,0
210432,-53.602139,4586.231925556149,20.499907150431735,3.0142623978048784,0.025609536282718115,34.39092952877284,1
210528,-57.282977,4974.4739842259205,20.538760930032414,3.3064059348183883,0.0036031059920786923,18.61511108532548,3
210624,-51.788896,4566.436795324272,17.068170042762443,2.433840055649364,0.0020360466092824714,26.763529274612665,0
210720,-42.463923,3661.584621958241,14.980291018497576,2.887200869445125,0.013273929245769978,43.49717786163092,0
210816,-32.814392,2779.4170666668797,11.811949349852625,2.2706174281442104,0.037892641872167565,49.36099322840571,0
210912,-65.315563,5709.449663980366,22.97127641860571,3.1538876492410424,0.00454186443239446,31.332634211927655,3
211008,-31.722098,2696.2910235452277,12.352677468300842,2.25785222251188,0.010016234777867727,32.72446309521794,0
211104,-50.190105,4354.648007270541,17.980934473154722,3.077600864688532,0.001220313645899307,44.945490814894434,2
211200,-53.012134,4594.1580638595715,18.247391532684325,2.3998956895465566,0.042425192520022414,43.16064710691572,0
211296,-37.446768,3187.0886420661836,13.492940768249051,2.5776598905912484,0.03312903363257641,35.05870217502117,0
211392,-32.766955,2761.3224181530986,13.173017403267199,1.9876951716463775,0.02711649592965837,45.069389473497864,0
211488,-79.706999,6979.792998197402,26.495244097166424,3.830291285199019,0.028558640182018313,27.01059600174428,14
211584,-31.51264,2675.745958499147,12.772338718298515,2.0843107670212264,0.0059836264699698605,41.292215165942906,0
211680,-53.130786,4591.6531450424445,19.144279052391337,3.0396527304507375,0.017007325403392226,32.043936790227896,1
211776,-40.427517,3448.7898946817413,15.134933766501867,2.669752653576576,0.022082486562430836,39.408475510627035,0
211872,-36.489158,3135.090318296869,13.859154731636282,1.7115209070484618,0.01972666159272196,46.35805775180458,0
211968,-47.780482,4151.94063063084,16.625823595975177,2.9987309778889686,0.004922407120466321,26.232212837338448,0
212064,-82.985789,7313.900347451542,26.60765847356038,3.5332102335767965,0.03008026909083128,25.588626114130026,5
212160,-82.785573,7308.543366339868,25.602538022519667,3.977350722926654,0.028562483564019248,21.275562837570906,11
212256,-34.577913,2932.868089950955,13.07124441699039,2.1677193741785636,0.03071804568171499,48.54800494894386,0
212352,-46.798459,4081.8591596949595,16.14749957892506,2.693971651016236,0.003868596628308296,39.90845329105854,0
212448,-41.397794,3602.634705073687,14.309614932309342,2.595267412528961,0.0026970464736224,30.483458193838594,0
212544,-70.682741,6165.969806601289,23.56938037620011,3.308572861969907,0.041919991374015864,22.08669325873256,3
212640,-70.070296,6134.170312263877,22.921838145218313,3.3488374058608597,0.03416709005832674,22.432599222511055,2
212736,-37.245135,3229.007115961636,12.664856168251891,2.792151550717633,0.002583111077547051,27.43825048416853,0
212832,-35.486166,3000.6210646915383,12.60638128200214,2.584779464718551,0.044275271333754085,38.894059111177924,0
212928,-32.114517,2750.967816228403,12.503897392477716,1.3105445687234925,0.021963456831872452,31.265462598353622,0
213024,-57.286078,4979.859938207983,20.455059331985296,3.21775868622634,0.004257137514650844,27.42629092037678,2
213120,-44.892196,3838.8408695926832,16.167850559730454,2.151368593959459,0.05285898912698028,34.319274964779616,0
213216,-55.314835,4832.396060085301,17.49985596502764,2.5555609497715537,0.047912887297570705,44.43644138008356,0
213312,-69.449935,6083.048775573062,22.931929331508112,3.216137218546123,0.030227602273225795,32.68950800821185,2
213408,-53.552281,4666.139981634112,18.59313083886733,2.470964914483266,0.021637087874114502,33.2304801003635,0
213504,-58.826622,5145.356608935294,19.830818116197506,2.998027422361269,0.01497328989207758,33.18567153900861,0
213600,-29.840245,2544.292288491346,11.064959980903613,2.061646796600139,0.016878336854279086,48.1340552854538,0
213696,-66.984157,5844.470527425977,23.68480092910129,3.2338731544790633,0.009364146366715509,36.23811501502992,3
213792,-51.15278,4460.7801959444705,17.617759467650206,2.9348166565480964,0.005714925937354565,41.61083551511168,0
213888,-48.580537,4160.894335388716,18.06344064206716,2.534447695797963,0.035918856412172295,35.27140029624105,0
213984,-65.714665,5742.581636088305,22.262438183064887,3.256852873158395,0.02049175295978789,22.987303341627126,3
214080,-55.89147,4855.56885142197,20.45849161858634,2.3876340210294975,0.016212044470012232,35.141341873258355,0
214176,-43.439993,3756.025184878233,15.246815634616958,2.808441957651052,0.012154666334390662,32.30630331590771,0
214272,-55.901948,4862.058193485311,18.329564671917833,2.2061092176596846,0.06000355668365953,44.96325336739421,0
214368,-48.630735,4238.339511365241,16.941057329868283,2.8702755624029717,0.0011274760589002897,29.150990457981827,0
214464,-83.628588,7388.075568028435,25.6018036823623,3.9759245745120424,0.031794728897512003,25.880693894773724,10
214560,-35.289974,3005.3920736782493,13.14785097082106,2.6817796396296645,0.014599089138209731,39.8471972951293,0
214656,-46.076583,3956.1414506774145,17.45804586967702,2.7088544461314514,0.01294750198721889,24.051068560928105,0
214752,-43.381954,3703.778692319709,16.36446707204505,2.7162408206349338,0.023222035169601418,35.18202889204025,0
214848,-37.180605,3172.92316826594,13.444965799424015,2.3304473224402686,0.03238034024834635,23.27287954837084,0
214944,-42.322924,3658.6251470240804,14.457282577364149,2.706863510674628,0.021116187423467547,31.29908063903451,0
215040,-53.851505,4678.617249267955,19.1626888067389,2.6636957708911813,0.01673650853335862,44.91773199215531,0
215136,-45.603134,3956.8944665473496,15.584023582359123,3.0905505570325325,0.008184105902910188,23.177273739725354,3
215232,-46.99771,4076.092614436516,16.764832301211392,2.753486986323529,0.007062613405287244,36.114225160330534,0
215328,-53.759834,4639.3580753510705,19.475699033901392,3.0094866111136556,0.02131660077720887,26.622217787951232,1
215424,-58.318451,5066.224145971658,19.502928634415312,3.867706175567993,0.017216536775231384,31.145926193445924,7
215520,-35.684314,3068.181366811222,12.491071229088385,2.6827909257191784,0.012137505598366238,39.76357398957015,0
215616,-54.098974,4706.410371897812,19.200976590818712,2.8304248094271296,0.009493841044604823,33.757781148403886,0
215712,-51.334888,4399.095133454483,19.76586092904549,3.0507985394635764,0.012923928536474838,40.956336234211925,4
215808,-41.958239,3590.0444669971425,16.20878710681196,2.9458761671713125,0.0011204989627004447,27.876531443148853,0
215904,-70.135524,6169.676629109791,22.861260786557164,3.0719013712070975,0.023441279679536797,34.92342261731625,1
216000,-68.199763,5995.755589693936,23.38192699978752,2.9734233865746322,0.0025506138801574263,41.762247650325314,0
216096,-52.960767,4598.808956985104,18.610979751017684,2.969692364169079,0.01343379598110922,34.78740325286985,0
216192,-38.26362,3319.3565407773954,13.808884207641217,1.8820136833488341,0.011638901196420248,38.95780449450015,0
216288,-52.017992,4515.610492383819,19.01985579755898,2.6871785481560373,0.00540394112467768,26.524862419664856,0
216384,-58.183781,5037.544490489498,21.39312744026093,2.925750165874082,0.014673196338117034,45.558115702271465,0
216480,-66.852838,5890.039390713282,22.675812272584103,2.7771950574600526,0.0025881912559271303,39.49808354631067,0
216576,-25.050104,2071.1596585588777,9.873669048644427,2.1034330601138453,0.035668916255235605,25.716401086896656,0
216672,-41.231858,3525.6647239518275,15.664537549063196,2.586191853024208,0.016091489233076572,38.446004783213134,0
216768,-36.971451,3146.5294177969704,14.590623616525999,2.386446061206469,0.01162610575556755,36.798068213909865,0
216864,-22.705427,1837.5946738144798,10.90473086282656,1.3815958676409408,0.03369483537971979,23.41453955963254,0
216960,-45.248316,3896.7362678741106,15.865736253476467,2.907796492028202,0.023874229937791813,16.997245293259624,0
217056,-46.381008,4016.630443486526,17.54527479353345,2.2223174605902973,0.004146288149058819,36.91343700960278,0
217152,-31.593978,2739.601649711817,12.151158474859727,1.2669712060091913,0.0030550189316272958,34.174220024496314,0
217248,-56.699273,4962.354049024475,17.809164650832933,3.025096691863158,0.03486296162009245,41.0691625507176,1
217344,-64.809858,5652.131803792894,22.777901021739765,2.9423918276175423,0.01854752544313676,42.21228161156178,0
217440,-63.906143,5580.7129904967605,21.439954795946818,3.568624876795303,0.015971755236387275,31.9842393539846,3
217536,-66.922963,5843.361391518686,23.068377205620568,3.0706136937547157,0.022706022299826212,32.01186926066875,1
217632,-17.366496,1369.4390229957462,8.792555832042456,1.7887158746378027,0.021256860159337476,28.919530497938393,0
217728,-46.357243,3991.900526087047,16.51852608009137,2.809780693776282,0.023917850106954575,43.83118939578533,0
217824,-44.439022,3808.3355465989835,17.316262727304743,2.3356413648392116,0.015102105028927282,28.985555038750174,0
217920,-56.470048,4924.73446862189,20.460945944390218,2.5957494447461547,0.0030746817588805375,35.0791321849823,0
218016,-27.226123,2321.4803319575717,9.889655197369366,1.9805445369607009,0.016813703626394283,31.532087094187737,0
218112,-26.742188,2282.196048852163,9.580885509805137,1.8374067392474212,0.02073327731341129,34.40869103834033,0
218208,-64.571507,5662.028893206726,21.448797357242405,3.0331015801264547,0.020222567580640338,28.85272200763226,2
218304,-67.586619,5879.07466571933,24.018214292699557,3.100532252549969,0.02334634698927407,43.02272947072983,3
218400,-42.127589,3596.0533980908376,16.25969630465429,2.9647829065254463,0.006882200948894024,25.755747468769552,0
218496,-65.917583,5794.906189248339,22.256565496205653,2.816827141891356,0.010988065414130666,45.464092565774905,0
218592,-72.418965,6397.043038228848,23.097723663428564,3.273720429171286,0.013981955684721492,27.199603801220658,3
218688,-65.644016,5691.487555739663,21.948323925901942,3.3573741173895684,0.05344620905816555,30.638885839730495,3
218784,-53.975386,4770.733841373564,17.572591947846416,2.4634853375553414,0.0007250392809510231,32.114388239234685,0
218880,-48.819834,4260.368985592747,17.110973080008062,2.3123843869385903,0.010526569373905614,47.222941553592676,0
218976,-32.838313,2811.8646827207986,12.00698883117133,2.569361728554356,0.005988342128694146,39.07845016673208,0
219072,-23.467955,1936.275486940262,10.32021081549988,1.90809288603856,0.016393288597464584,28.076602040082214,0
219168,-46.116605,4000.8539330841136,15.226465640424536,2.857216422865065,0.026482652872800827,41.558027018308636,0
219264,-34.518104,2960.1388284407512,12.411564192644878,2.706910701475284,0.0073655044659971525,42.93781152948738,0
219360,-36.351299,3116.6162672662504,13.144700950082717,2.100865116968538,0.026758688129484787,43.47783087551594,0
219456,-54.682007,4729.134450543432,19.563342698264155,2.832700660796034,0.02590531744062896,31.35580521434545,0
219552,-60.106651,5271.388646473089,20.41770044867757,3.017047489724284,0.004042371734976735,38.698987877815966,1
219648,-52.651187,4560.09572492622,19.055252916318302,2.932302351130285,0.010715496726333984,39.61320107132197,0
219744,-56.194114,4889.6533806792495,19.149165186609764,3.013855316653848,0.023152558878064167,31.72419889211655,1
219840,-44.841972,3882.3869500866567,14.7348313039771,3.104861750602735,0.023713892512023493,42.2665712505579,3
219936,-53.34681,4609.611123823865,20.245198368604537,2.6895032704168,0.006755887903273139,43.8392321677506,0
220032,-45.937857,4010.6294945237278,14.981202001581021,2.7976810965981915,0.014541909098625183,34.67074541598558,0
220128,-83.714315,7407.420412600772,25.966703413612745,3.5353899969627633,0.02906290180981158,33.77339469134809,10
220224,-44.935214,3855.7761110244023,16.161666809575724,2.861473729265265,0.025624207407236144,43.613973420858386,0
220320,-33.126318,2806.3652568646626,12.416671223959348,2.8157589491725012,0.014090697467327051,43.431937841475005,0
220416,-42.007891,3591.365173749588,16.233284906130137,2.5717176646481326,0.013037750683724925,40.95167212054134,0
220512,-51.993265,4517.654408199885,17.751935821164842,2.344327518999071,0.03689393233507865,37.417572826743125,0
220608,-49.011585,4194.984876614901,18.4939954076121,3.124803384047823,0.01757439598441124,29.279434562772515,1
220704,-46.243777,4036.185456325829,16.199660885983587,2.249363255490037,0.008151948638260409,33.21442040458322,0
220800,-40.426229,3489.1357725651706,14.168716118413966,2.9471917800013303,0.007025301456451416,46.15561789870262,0
220896,-41.864399,3646.321099920455,15.121785217982811,2.0903777198178566,0.0019001180306076892,33.31485860332846,0
220992,-44.309107,3851.351107421518,15.79573762479108,2.397855085107829,0.0065155066549777985,37.929526686966426,0
221088,-50.614328,4368.639161947854,18.501504017031138,2.9707476062958857,0.012612430565059174,43.26632373780013,0
221184,-51.62043,4463.016604788269,18.99046402725242,2.8204389752667147,0.010996592985956233,50.11291544735432,0
221280,-47.890488,4109.133411180817,17.756034622003963,2.769842180738043,0.024293763749301422,35.72348157644272,0
221376,-66.669176,5837.075577638921,22.27063370562004,3.0203845548632557,0.027271740697324298,32.33943613097071,1
221472,-65.521,5777.172147761593,21.51419503066736,3.013128555880378,0.005984603241086017,33.00852098941803,2
221568,-69.549361,6125.94250539049,22.641546463396,3.5179289699308587,0.006020014733076173,31.842769082933668,1
221664,-57.283393,4948.321034007497,20.670149995060306,2.8494872203397783,0.030622845888137795,37.01561828047037,0
221760,-35.016801,2983.684863008864,14.472829716080705,1.8837716998975802,0.005639665015041928,44.68016461268068,0
221856,-50.146061,4297.079765616433,19.119975597094818,2.6247023575842947,0.025959284044802078,28.5897918908298,0
221952,-77.891595,6878.436041843034,23.86385887611846,4.184346858220197,0.01828922256827359,27.46722974032164,13
222048,-43.635805,3762.4916772012666,16.305260826312953,2.7142061198188934,0.002241851575672582,38.46720547512174,0
222144,-66.302443,5777.375898809787,22.10236173500371,3.437730826284086,0.03485887404531246,32.52716104075313,3
222240,-67.618143,5897.885730747224,23.90527371732304,3.319132961000009,0.009336665831506274,28.477305205315353,12
222336,-23.028065,1855.5483993641292,11.379521735966131,1.375794415300501,0.03389375340193512,23.938776399046183,0
222432,-42.384957,3659.5050471738755,15.238739960364668,2.7144714104436822,0.00883303415030251,35.776690964698794,0
222528,-53.326403,4618.233417837176,19.232950562116706,3.063744179622024,0.009912376850843396,32.38896111443639,3
222624,-30.772313,2621.46118507196,11.911363115812625,1.9739657022898125,0.012980368919670582,38.43832470208407,0
222720,-47.212794,4086.543572264463,16.734843910914115,2.5163445571786336,0.021357789635658153,31.49815415233374,0
222816,-47.532547,4127.896793845471,15.945837656536117,2.389142191224452,0.034278052672743864,34.15396255612374,0
222912,-78.729476,6912.21086786233,24.753323763129224,3.7012846739809304,0.04672377295792107,40.16814744025469,6
223008,-31.00771,2628.6598462680013,12.423803028092665,2.1527610786130413,0.008857764862477857,40.32613979637623,0
223104,-37.673886,3178.352414380517,14.045598907419087,2.4170452389769252,0.04732427299022679,41.06028576672077,0
223200,-40.118838,3449.3823417380872,14.843781569124953,2.793296639120368,0.0036374470219016075,32.84748141601682,0
223296,-52.773044,4574.742522913532,19.126167843640552,3.092613957473271,0.0033815205097198486,38.602139271050696,2
223392,-36.480502,3158.756391233973,12.847636889597897,2.2135717688253926,0.010214544087648325,48.017379286140205,0
223488,-64.222637,5680.740712834831,20.583572141756076,3.002211276226257,0.0026182517409324424,32.02277027606964,1
223584,-52.876774,4605.324522220948,18.789939611898728,2.404178167842896,0.014991728216409705,31.954635659158228,0
223680,-66.402085,5828.276126656798,22.526096393010214,3.113728604392959,0.007733526080846764,34.590835600197316,4
223776,-85.966075,7635.014966728966,25.66109709819952,3.9343147433323846,0.022924698702991075,32.80853369608521,13
223872,-32.49611,2752.4045505225436,12.23985500517527,2.0133859641402996,0.032983545958995775,24.873845863044266,0
223968,-42.701457,3707.3244448964483,15.667310667462548,2.044095097300065,0.007358722016215347,26.95278876319528,0
224064,-53.069672,4597.255666916346,19.193320682341792,3.0533124191892522,0.007852976955473379,37.46671868219971,3
224160,-37.744395,3264.8659376380397,13.752292556672055,1.9216596493993232,0.013425604812800862,38.311729995012286,0
224256,-46.665584,4077.745906371485,15.744919485848579,2.22583193841555,0.01828773785382498,36.27918244287372,0
224352,-53.374703,4615.421527793431,19.587417415712874,2.8551634147025227,0.013479836843907744,34.429869697391986,0
224448,-43.101736,3714.2967250849047,15.438058249253581,2.6552308571266687,0.017683919891715028,44.80104443296791,0
224544,-95.100438,8384.945794299536,29.45124546252695,4.130933450048707,0.050882202573120594,19.225038356781006,10
224640,-50.826008,4419.861776962193,16.717496689165323,3.388400969288813,0.017118707485497042,37.826665040403604,4
224736,-67.904491,5957.1239121921735,23.542569851365364,2.9143098499878604,0.006983772851526737,33.989064605087044,0
224832,-54.475289,4680.188494440472,21.489734599559203,2.040596894068222,0.027349641732871632,33.3585534197092,0
224928,-40.289441,3441.2053512741736,15.421281131567074,2.9189927983948145,0.0055603766813874245,39.64906045421959,0
225024,-46.522807,4016.2370507760706,16.915769766974744,2.823679067677791,0.010415581986308098,34.11877229839563,0
225120,-29.866768,2532.4055397626275,11.52628015232359,2.6485219832305233,0.001694656349718604,51.55951580137015,0
225216,-76.474967,6745.948098434966,23.917468829894982,3.842058685805783,0.02022815924137833,35.2383042396605,7
225312,-65.89626,5801.133282643254,22.117361044874894,3.0373646259321196,0.002318204380571953,29.53774290367961,2
225408,-40.422971,3482.938247583405,15.879416729699422,2.0546577444538485,0.0005266893655062055,38.44370359435677,0
225504,-52.687672,4636.340353676458,17.467652804615902,2.4622800300652794,0.006604015827178955,42.99342781648039,0
225600,-52.860253,4609.488339134374,18.14373159470792,2.996699545520779,0.008238031901419196,39.56008985579013,0
225696,-47.056729,4092.578441212043,16.11943994688354,2.237148258715652,0.026683545671403297,39.99053226947784,0
225792,-44.307042,3843.09776871469,15.685564311614765,2.752204866774091,0.0046342242509127,42.71300616726279,0
225888,-32.699175,2803.8752267510813,11.783218480138494,2.7819601681351704,0.0008448954671620434,37.87737412780524,0
225984,-51.70461,4457.510127716606,18.970315453882353,2.7066068423795424,0.02371806148439637,41.200867442786695,0
226080,-57.75651,5010.219849766314,20.862368089543665,2.613170753853775,0.023355502448975995,29.018298331052065,0
226176,-36.397649,3109.6812310702253,14.064650760138488,2.362021583854302,0.009108839184045703,40.30926527380943,0
226272,-53.862307,4625.767516982298,21.077416675958837,3.015499698164873,0.005013825371861458,35.93233012974262,1
226368,-45.911741,4009.182746224498,16.13211843999446,2.3350817948472224,0.0030830161646008825,34.837805479913946,0
226464,-57.154006,5023.193940548592,18.506813807457387,3.071982389017504,0.009415317140519686,36.45473329171538,3
226560,-72.436603,6374.632214522181,22.9050487953587,3.4727687730793817,0.028643895313143763,26.908113689869637,3
226656,-50.31294,4342.4399553665235,18.656209413920706,3.0042448915278293,0.005998646095395133,50.83288674354554,1
226752,-44.461602,3798.096985678825,15.941508590130072,2.861773081672721,0.0368979899212718,45.93454775393009,0
226848,-44.857576,3766.492948978614,18.35654976236019,2.707551632474888,0.04017738737165932,36.25333027869463,0
226944,-44.157713,3815.3099961992657,16.83344555790236,2.3491204217935953,0.0009953925386071427,23.082918730527165,0
227040,-44.82694,3862.424282481675,17.077216141491473,2.518305963511373,0.004814020916819595,28.9527175925672,0
227136,-41.971371,3599.5601436928355,15.085584172726518,2.7395453610614435,0.023618404380977176,37.372762055099,0
227232,-33.145169,2810.203466400355,13.731396670229406,2.0355100728442657,0.007300768606364749,32.53152344360947,0
227328,-42.579205,3626.1557249992993,15.826409057514592,2.8455630133083596,0.02876667287200685,26.27839739248157,0
227424,-45.919611,3940.8881689465816,17.378226017535525,2.5462266944016667,0.018584752455353737,28.203653464019297,0
227520,-43.148266,3653.72227866296,16.89455208067357,2.9663807092456453,0.023741719871759437,25.54529107749462,0
227616,-78.927278,6949.440443737951,26.268168564039943,3.0136232674068903,0.023131568916142098,38.07741392970085,2
227712,-52.964093,4577.079108492298,19.12504808432197,3.088137288042538,0.014702193439006805,47.18842136770487,2
227808,-95.707017,8498.029073985164,28.861813384390675,4.452111171808285,0.019155855663120724,23.765618418604138,16
227904,-29.552517,2526.8144606589976,11.405412865673105,2.072680394188678,0.0022450756281614526,44.55928404524922,0
228000,-34.718147,2979.792692650026,13.190839346184369,2.0631124735549964,0.009181568026542741,33.27419113248587,0
228096,-44.638096,3875.039467217482,15.37064862853141,2.936185615110363,0.006802176497876622,22.472673470228912,0
228192,-30.946139,2625.368639633437,12.46774238978833,2.050441572899096,0.008796911314129852,34.07310223504901,0
228288,-83.002567,7355.186487342252,25.711117358114205,3.9765701226172823,0.009782565385103248,17.02337185919285,12
228384,-29.466103,2458.1934688056385,11.316069876167983,1.9360000000240498,0.047663184255361535,22.069454002529387,0
228480,-36.551209,3088.857508116213,14.271299328708594,2.8860573586178715,0.015121396258473419,50.94795122668146,0
228576,-68.011635,5951.743271898641,23.24792064368873,3.1296731984005373,0.01786375902593129,30.673725813776258,3
228672,-50.821055,4421.002964246561,17.6039359543261,2.4000688162893096,0.024654478952288672,41.374608420729636,0
228768,-30.588595,2564.5516566305228,12.20606127279359,2.5830037578609835,0.016537240147590615,18.47023571744561,0
228864,-59.29514,5153.6248142759805,19.861072249268027,3.2087983550365635,0.034470046497881435,35.99547102332116,4
228960,-55.850969,4891.792348605761,19.151177446880748,2.3063084618897007,0.01767793186008937,30.07054962381721,0
229056,-49.960748,4308.316845958775,18.064871640219597,3.0117058811687585,0.016895690374076344,50.15820388525725,1
229152,-38.892331,3322.687257187472,14.652486144544865,2.2866224634174794,0.023670921660959632,37.66350484639407,0
229248,-56.467398,4939.074935783718,20.04539869235546,2.5775131846726094,0.0021349128335713674,34.11559086993337,0
229344,-40.361631,3396.285122952522,15.132722147931078,2.297809125733802,0.06265594493597737,32.14049107074737,0
229440,-49.167277,4262.618473705016,17.512573045556135,2.9851293520005555,0.006217885203659623,46.57392666727305,0
229536,-53.567641,4652.085105569167,19.34601377187617,2.995824254727961,0.002977082505822237,31.862310442179442,0
229632,-44.129953,3851.0323068743405,15.660046252182854,2.157238997521912,0.003914693223410537,43.73758105620742,0
229728,-67.76903,5948.5820590701305,23.17736168600984,2.9737622123631615,0.009366390109062206,43.59818636268376,0
229824,-45.658982,3991.914819613335,15.49621282777432,2.3442842990052424,0.010217104665935062,38.248414585292345,0
229920,-43.708366,3747.6191640693155,15.909216599281404,2.887523154264631,0.02029331084340802,41.17198928758502,0
230016,-36.878762,3105.040169261289,15.067155189927906,2.983155187602132,0.007663458585739136,45.229950611591335,0
230112,-53.047794,4584.929047776011,19.733756998570062,2.5184308315156256,0.01806696634739635,37.66306193500757,0
230208,-66.040388,5786.662824293816,22.47758663445894,3.2500230784648956,0.008698285743594103,28.221006323397166,4
230304,-64.525144,5621.421956588451,22.803233168639586,3.155691061318818,0.013845190033316579,30.188531788736586,3
230400,-40.379413,3500.0608302022224,13.414682467177647,2.8378457936004264,0.014617455005645763,35.07270436182618,0
230496,-31.360877,2679.636602319808,12.855263530750989,1.4585705821049142,0.00830026734620326,51.14880175471306,0
230592,-38.537193,3307.2522930635955,13.97119962645416,2.258656100532036,0.024656504951417357,30.929434430599215,0
230688,-40.012913,3437.7086513176237,14.79746223831156,2.687343039282493,0.008110050112009048,27.230524927228686,0
230784,-49.938278,4333.23769025757,17.163622223322314,2.4582304499340495,0.03156816046684979,38.52573538824916,0
230880,-30.045953,2545.7381591840244,11.91237696904959,1.7296254525436927,0.021533879265189237,38.94636970058084,0
230976,-25.83646,2189.1856455206334,10.229364605932856,2.0218283916787305,0.004470845125615686,36.40836606383324,0
231072,-55.07526,4868.410554548867,17.21686911457121,2.4108524557090822,0.017450177855789617,30.31707649275661,0
231168,-35.139674,3004.2979946229666,13.249545474264018,2.499846937872804,0.008126136660575822,42.46352556198836,0
231264,-51.942514,4477.19985267118,19.245906368581075,2.697133637606962,0.021192655153572604,31.261200463175772,0
231360,-54.524665,4744.796849932195,18.509812509825455,2.440995338482099,0.03649031706154349,23.352582987844947,0
231456,-47.22307,4093.3726757049853,16.480686426830662,2.602020463932602,0.020288600400090173,44.97693723455072,0
231552,-64.366516,5653.815142668061,21.61839372618867,2.720056180191076,0.016988251917064212,44.06847255766392,0
231648,-48.389132,4160.211017442931,17.64831311871624,2.4295910244703,0.034712756425142155,33.915427996814245,0
231744,-44.509189,3836.174750624029,15.390505386465346,2.3197338423740916,0.04015974365174774,35.730354651659724,0
231840,-54.194547,4793.9043717939585,17.303603588871066,2.404153522465331,0.0068507019430399385,34.10221332490444,0
231936,-50.809105,4455.657859595437,17.2388370161162,2.655714191767172,0.0012393005192279927,40.49523579835893,0
232032,-67.438246,5857.810852354974,23.41096946215927,3.300007076817549,0.03445627801120282,34.0699780909717,2
232128,-61.395046,5373.81220800294,20.62681706243686,3.025724977846598,0.017239246703684374,39.324564683884375,1
232224,-65.780533,5752.264001848813,22.051088140813423,3.2460477133511896,0.022943168878555353,24.437337750047448,3
232320,-45.05962,3914.1980658644757,14.739114791030952,3.089771139025701,0.017333075031638057,34.81990348309279,1
232416,-76.174961,6730.588769671672,24.349441094188556,3.5885108772778365,0.008589092642068863,33.475942774862055,6
232512,-42.153275,3630.332565163897,14.476725234196456,2.8608102736152423,0.024173829704523142,31.97657163932919,0
232608,-60.122879,5280.120870758258,20.900829165139058,2.5947384350768665,0.0009017163887620194,40.35019069254398,0
232704,-59.795353,5237.447233620069,20.195768192457876,2.9699521401591262,0.011611284315586001,39.037044967263945,0
232800,-35.143321,3002.6138526590034,13.068243490929786,2.416819582759098,0.015332092158496291,24.557879918813704,0
232896,-37.528732,3204.6102579688477,14.022295080534192,2.8735101359028925,0.008435822650790126,40.956139194220306,0
232992,-46.077278,4046.585470862309,15.619838665747695,2.1378631972193523,0.00468842964619387,29.132111138403417,0
233088,-30.741974,2600.4947368194253,12.736259075391446,1.7056925566190089,0.015591446124017194,37.8070031248033,0
233184,-40.710531,3507.7133603510315,15.551647053269186,2.077263789461554,0.009133193083107505,36.98050645530224,0
233280,-37.191885,3174.371063340906,13.002018744931037,2.2848942104102394,0.04224076326936488,34.524880760014064,0
233376,-36.4274,3108.8471496088496,14.099123417158465,1.7804331062543564,0.02646790221333495,40.94068490922451,0
233472,-45.572879,3902.3919371775632,17.58254131206864,2.967485009779791,0.005813555046915997,34.54545483410357,0
233568,-45.550745,3928.497576412009,16.50179814849846,2.471721349054407,0.02176944036036732,30.501449998170145,0
233664,-47.53012,4148.006378640257,16.164547162846436,2.1925921426843553,0.021576981060206946,44.18389117985964,0
233760,-35.296879,3021.203482307651,12.695300675236531,2.5753946792587987,0.016406377591192678,35.48548607885838,0
233856,-59.24497,5173.6698594225245,20.30201745500313,3.0900868292953487,0.01210879348218441,34.46512255787849,1
233952,-46.835117,4042.5198868049492,17.4993917771682,2.8684121926341892,0.0008490290492773056,50.89614259928465,0
234048,-27.134593,2243.436843287588,11.988598100672457,1.9036404769588755,0.02281261943280688,40.947230777591464,0
234144,-47.3346,4067.678503187323,17.3576639237076,2.855203113419799,0.02056226972490549,41.44274244099856,0
234240,-78.360992,6886.303333842715,24.28193894852142,3.831015450315572,0.04539807513356209,23.790449118912218,6
234336,-25.996195,2173.1810118915146,10.810873756240088,1.9792535686496633,0.015294741280376778,40.104752391129736,0
234432,-22.706335,1837.57216003811,11.0921599834887,1.2691252724582083,0.033021012242687386,24.383642636090517,0
234528,-33.669345,2806.216103251352,13.114172720253162,1.9911776809497603,0.058430732296485544,39.98749189227819,0
234624,-67.393512,5929.411726740994,21.740275949306298,3.820522473911073,0.003273553773760818,29.845135432481765,3
234720,-55.162986,4766.297519633943,19.286178485981075,3.0522154271351605,0.032884770072996616,42.90858947455883,2
234816,-58.656636,5117.882705218862,19.74381515058233,3.20570397395859,0.01815884839743387,36.65377798840404,3
234912,-42.093557,3598.0863692450093,15.593677604288052,2.678246017787962,0.024219414032995656,49.87991929814219,0
235008,-50.590121,4386.543743773367,18.14936551752502,3.122263807165705,0.002064573019742999,49.77070255115628,3
235104,-57.11801,5029.563126255703,19.05043676090944,2.748917416440227,0.00051203593611715,43.97454842969776,0
235200,-58.73979,5052.103249529082,21.467483176053406,3.397388996244152,0.027970443479716778,33.67267366558314,6
235296,-41.829986,3595.007323472262,15.523834193889583,2.851693588318944,0.005472308024764061,46.51752993032336,0
235392,-28.372048,2382.5900688172947,10.93118218963285,2.0253027705754123,0.030444793961942107,32.67151458844543,0
235488,-66.650032,5843.241107770312,22.5586774426363,3.09785555900565,0.014058331400155999,34.257921573668725,2
235584,-69.06606,6078.124923120712,23.30257727725663,3.041296866664953,0.0051679093390703534,51.5503966937959,1
235680,-25.901015,2187.1933302639245,10.565532926982725,1.914217405002357,0.00624901801347727,46.75559143587947,0
235776,-42.334189,3628.494870708869,16.398559160576824,2.608214679500997,0.005759084038436391,49.789382107704874,0
235872,-41.639789,3564.9040972507173,16.0188906854302,2.752297374429822,0.005610763467848279,45.737856387644996,0
235968,-54.894842,4779.725104859698,19.241788947280945,3.004373356118798,0.008220361545682009,37.1858506168425,1
236064,-42.640491,3647.6677450015036,15.746791215143599,2.6098294557546975,0.026389657892286755,41.30190725490451,0
236160,-95.241222,8402.32001823527,28.793605466674325,4.416395144786877,0.054225463606417224,22.302836077064274,15
236256,-35.646866,3084.42259436029,13.009598163556507,2.09531073888433,0.004109094664454416,51.78734784513712,0
236352,-65.965405,5814.631609444641,21.191287315861754,3.2786402778423094,0.010016420669853698,35.88518553450703,1
236448,-43.169936,3709.6104873832446,16.296328467866527,2.8488878051421436,0.0030251495540142836,34.15499585226178,0
236544,-29.817247,2514.726661358618,11.946427084196458,2.6912900473717967,0.0006357673555612564,51.93866416871548,0
236640,-53.700215,4636.85501796851,20.640036566476404,2.6024204327784544,0.0065790161490439925,31.76297009512782,0
236736,-45.738261,3981.5056470390105,14.551206071139118,2.966902002971538,0.024738803319633074,38.32018467828631,0
236832,-34.020431,2877.704786469512,12.279021146701748,1.8563407155162999,0.054476047866046484,19.836377697587015,0
236928,-36.430711,3101.0001160259135,13.88734928261462,2.0405730106850393,0.029218367673456702,42.906656093150374,0
237024,-53.449219,4678.282551065436,18.353997828132343,2.572356159053262,0.008750097081065222,31.53385691583156,0
237120,-66.680993,5883.743075164966,21.70788581642843,3.235641642073419,0.002462635561823856,34.4202709466219,1
237216,-40.315762,3476.0557977999547,14.315935856314672,2.942779100168787,0.005554137378931068,42.24166314661504,0
237312,-46.992133,4105.65006831665,16.242961735337772,2.3796173182483127,0.007393128424882878,35.71273294091225,0
237408,-52.608581,4522.239614604535,19.779321882824846,2.6252384356638006,0.02681952212005856,41.72393800735473,0
237504,-43.849854,3756.3762024374705,16.304749466981132,2.3144853639482426,0.03125822488218544,32.78034484267234,0
237600,-60.052139,5272.8483522914285,20.905913798282764,2.4098416974173897,0.00586294922977687,40.34834055095912,0
237696,-60.136718,5237.4100019282605,20.697651822659875,3.1068072146170898,0.020706644281744957,26.819788436442607,2
237792,-27.852218,2342.4012197895336,11.473582744573218,2.0133252678408553,0.012053416669368766,45.350670036971565,0
237888,-42.687228,3652.8103689876248,15.751853733420452,2.8643675694397226,0.019188076630234696,24.536576854437595,0
237984,-36.295584,3145.717719976008,13.399781600263609,1.7202849815554484,0.008690529875457265,40.157571134418255,0
238080,-38.326264,3176.435856451833,14.248115854599133,1.7277265934455568,0.10642535239458073,43.45656229287386,0
238176,-36.784177,3133.7074991162704,14.03326822167887,2.3148120129829737,0.020746415853500344,37.08604619413614,0
238272,-33.00402,2759.18701850804,13.189333306425137,2.104621185848824,0.040900081209838346,28.22315205350518,0
238368,-67.302129,5909.187375392309,22.61532923964,3.119236627756159,0.011864138953387837,35.33459204882383,3
238464,-27.131516,2308.948602726227,10.3064163879645,1.7740939017659225,0.01603118423372507,35.046945550590756,0
238560,-31.20986,2643.413416304203,11.660795255855804,2.36544501201208,0.022087301500141654,39.01997928962111,0
238656,-56.065161,4885.959955375241,19.793012061596574,2.5441716202788327,0.01666597053408625,42.94129358291626,0
238752,-51.974679,4518.08940634515,19.153307073079567,2.612837648222996,0.00017717871814965092,22.407165565192702,0
238848,-76.040713,6696.64222606255,24.972043176465146,3.680303321194458,0.00737039726227523,32.18559444472194,10
238944,-44.909819,3807.731664652237,16.976880910001608,2.964480825730896,0.036909711174666904,31.441834252476696,0
239040,-29.037042,2442.3668753027996,11.109111459102744,2.66257329167474,0.014374046027660237,14.478199613541365,0
239136,-36.311861,3124.088865666359,12.691364059517445,2.160759639566283,0.026617256179451987,49.707804476320746,0
239232,-50.727906,4421.472370045858,17.017560928684503,2.1648121930307047,0.036132583580911204,41.70995977267622,0
239328,-29.12389,2451.4237774222925,11.541939875893902,2.1262957136236995,0.019770143739879176,28.27522730097175,0
239424,-23.597026,1954.6734590710687,9.639203430303109,2.0711335135835878,0.02200511284172535,30.94652528464794,0
239520,-44.387799,3862.609126359296,14.907446728360437,3.094583474756225,0.0034426571801304817,33.45484768226743,3
239616,-43.484256,3741.7924725465195,16.251368860596294,2.310283566107776,0.017787167429923922,36.751306652724736,0
239712,-42.393426,3607.51382140398,16.303850294103977,2.5724390775452424,0.026543814316391856,47.52206434577703,0
239808,-27.445055,2331.715582407121,10.219959056048703,2.120820042367897,0.014238922484218985,29.83983098104596,0
239904,-55.082206,4814.729495880243,16.766078311048968,3.0353792113228826,0.046062399819493394,47.08302534222603,1
240000,-28.653999,2401.860401131387,11.557045429848225,2.2022312805448085,0.019159251265227772,28.47820854857564,0
240096,-34.261002,2915.343043355574,13.384920935673875,2.2094445030676475,0.01388781927525995,51.99494192615152,0
240192,-46.932489,4094.4312079433903,16.024121904498546,2.347076752636534,0.01614064816385513,38.32499076113105,0
240288,-40.801376,3521.019082763864,15.12766289751392,1.8173382312398958,0.02173009160906081,43.129241575598726,0
240384,-63.287813,5544.692766971713,20.795215117109453,3.5488212633710017,0.012186169065535157,30.449129150062806,3
240480,-63.675841,5589.86883386114,21.348506679556003,2.854861172668822,0.015377064421773001,30.479844632148744,0
240576,-71.575482,6299.5458442864365,23.773077408432385,2.968175028953703,0.01738869622349748,27.270850224047898,0
240672,-48.284504,4166.677370156962,17.224266116240624,3.0051625922510334,0.016558999940752994,35.17698845043779,1
240768,-68.061679,5951.604293228682,24.174185761710557,2.8930096315918337,0.009078433737158775,37.57105601102114,0
240864,-27.966392,2368.269111873472,10.33712524849831,2.431669673783161,0.013993052206933365,27.01408374816179,0
240960,-42.663499,3703.5711840882873,16.141452984451888,1.8902957136477367,0.0019488627091048816,28.36112820789218,0
241056,-52.681146,4553.28617048788,18.14147959678921,2.5697644065523475,0.04519561976194386,37.10971526965499,0
241152,-30.764632,2589.0741903244957,12.588492300887713,2.0371752772746743,0.018831463158130668,38.38670753285289,0
241248,-42.461918,3626.340803258489,16.73459368402611,2.7021194221569407,0.006485614180564814,39.3093392252922,0
241344,-40.515183,3503.7804246909177,15.256963436097623,2.0081340832591668,0.006469058617949441,37.96845909029246,0
241440,-60.080697,5249.637895199109,21.19833347389071,2.5397597668169163,0.013927582092583157,41.74722290232777,0
241536,-42.769769,3681.0856891041853,16.008232451103023,2.595926435306718,0.007871431298554,44.48522103741765,0
241632,-53.466254,4673.381468370267,18.38463531578288,2.5824336770999308,0.01227170545607803,48.48100543051957,0
241728,-64.85492,5696.311212328073,21.224302506419352,2.8715568323489524,0.025059633702039785,37.262761354297396,0
241824,-44.405172,3869.649729933029,15.299513066933487,2.4067281424732467,0.010408604890108142,29.065680426061157,0
241920,-33.216066,2827.924244768927,12.077570666451397,1.3425483190415322,0.05176887530833474,32.41254983410239,0
242016,-35.134366,3003.262942588624,13.745176341913528,2.3457329802245397,0.002659392915666081,43.703781561255454,0
242112,-77.44448,6821.6209222709585,25.67739230214775,3.243606549423704,0.015174026973545585,41.00223037809134,4
242208,-72.524813,6399.289393445294,23.031456886205603,3.4705448039662463,0.01561761200428008,24.550672163665297,5
242304,-30.798121,2617.464993286914,11.628396767076511,1.9755024863641617,0.02298343051224938,40.37984564170242,0
242400,-86.419831,7627.8885342413505,26.51242066906007,3.9111232066757164,0.041517996974289484,31.960791448950765,12
242496,-45.378536,3943.557077001173,15.194686001236574,2.8232279679271297,0.0170178893953562,36.63928088024259,0
242592,-70.322844,6181.99209397486,24.13062581103527,3.1189784796333977,0.0010762354849201405,43.124898185282944,3
242688,-53.126422,4613.3360956712995,18.65733776312092,2.514937954628304,0.025992320850491524,44.051981689035884,0
242784,-43.036789,3736.7831113555053,14.713002393650454,2.7924968280986446,0.009203899279236816,34.17548424258828,0
242880,-40.561623,3457.5509323620445,16.041125981759986,2.755146510038662,0.004781129211187396,38.649058973044156,0
242976,-47.621921,4116.322867828466,17.377211298652153,2.657293116551413,0.012174129299819536,36.05329325124622,0
243072,-34.986879,2995.5676663326735,13.555148099725887,2.2880673671324763,0.0032954301685095277,41.31437419891357,0
243168,-31.735477,2681.508922656964,13.703469019107336,1.716130977793945,0.008192957006394885,42.02179235726595,0
243264,-64.304917,5667.2108041846805,20.743727390686747,2.982137131523949,0.014455728605389628,28.45274448737502,0
243360,-41.238174,3544.2915872434423,16.0891754913046,2.324492381450462,0.0025805983692408496,41.622171565890305,0
243456,-56.312731,4860.212562516275,19.938123007381122,2.8057742163734116,0.040457230620086215,34.20776627421379,0
243552,-64.823656,5694.375627135121,21.590167450788883,3.1054210042804056,0.010712055116891883,33.04731056839228,3
243648,-66.473102,5854.834359496774,21.61568041685635,3.13279273671419,0.012462501414120086,31.357902665138248,2
243744,-46.894469,4090.3984735375416,15.984661121196885,2.568239015425932,0.011186045594513305,41.75818386808038,0
243840,-69.237804,6075.153620700521,23.57724601546423,3.112633496654225,0.011202703788876445,41.61263719543815,1
243936,-66.804088,5860.092409937986,22.894685841165558,3.2404862364053124,0.0025708802044391854,29.612566917538636,3
244032,-51.124752,4467.159596414647,17.69838189890974,2.603803287495172,0.0068080300465225285,32.514108267426494,0
244128,-37.393988,3179.4832381417023,14.326570342012037,2.4955070696941655,0.020198790542781286,40.408817512393,0
244224,-46.50439,4023.9926617568217,17.048410791897556,2.601308314621474,0.007294433750212215,35.981056272685535,0
244320,-34.745687,2970.939528907643,13.200892801445752,1.965187829192451,0.01932994555681944,38.2561414834857,0
244416,-53.306357,4566.955213678995,20.2967935062456,2.556194004445616,0.03501928392797715,43.62603590279817,0
244512,-40.540181,3467.8575761222746,14.36179704503081,2.889089273508313,0.026495349220931608,42.5664919911325,0
244608,-30.609364,2578.940307260412,12.519668531297476,2.559442678282748,0.0026855375617743094,46.805142420977354,0
244704,-68.793739,6062.885761523168,22.762242048999752,3.007331678125008,0.008885048888623737,53.8830906330049,1
244800,-36.107644,3116.3519458622272,13.825627440714499,1.7813107027915989,0.00559413898736244,30.54271012529731,0
244896,-36.318926,3064.7363338304453,14.910275463340435,2.937507883854275,0.001565096154808987,53.19304184228182,0
244992,-25.541659,2190.570603206532,9.715164184142631,1.6285766778300885,0.004664857469891204,32.861088948547845,0
245088,-51.107309,4486.80571333889,17.278398797162943,2.5717680567768966,0.001801695860922381,27.969721009880303,0
245184,-46.626171,3946.6453597100895,16.04541205359251,2.1780804810806593,0.09832412600517271,36.55173175975681,0
245280,-32.074955,2767.0232771505407,11.693601636291868,1.7405788328591825,0.013360666993417203,25.425146187394855,0
245376,-60.416233,5291.915742579932,21.736469468365293,2.4264418983617846,0.00037056338042018577,36.67682633057236,0
245472,-40.876593,3470.395309275863,16.04656384398686,2.696718965717336,0.018665555492043517,44.92200593784452,0
245568,-23.999709,1963.654405160297,9.22618078357271,1.8678288160767047,0.05654526483267541,27.466088315248488,0
245664,-56.211077,4938.268987612657,17.321545594827242,3.065866006760098,0.02703848704695705,45.60667730197311,2
245760,-35.465571,3024.38697669934,13.41396316648468,2.6041400689046617,0.010390437208116055,45.81072242826224,0
245856,-40.433407,3422.366076735305,16.578818631088097,2.595772361111412,0.013186142034828707,47.64542837113142,0
245952,-57.152377,4998.705190657916,20.205713278505936,2.4963165289289115,0.007005649246275447,34.00988907024264,0
246048,-50.815811,4382.127371052575,19.403689878259502,2.736638266690825,0.005251637287437938,44.54183435201646,0
246144,-28.17138,2401.1420440936663,10.34656786441587,2.546001251807778,0.002505891211330935,24.333266262710094,0
246240,-56.269736,4917.104213239304,18.772331734306206,2.733857666375736,0.02489676233381033,34.256624481379994,0
246336,-23.260751,1921.20713495886,9.716977252886002,2.4540861113529227,0.010130148939788364,31.2164867053926,0
246432,-42.066898,3601.3271883473,16.67874600157592,2.497105972664305,0.003410687483847208,41.31406563475728,0
246528,-43.366732,3794.1942906287513,14.094407988556902,2.5454569134002965,0.011885618977248713,30.983791787773374,0
246624,-27.55157,2268.4866120207266,10.584476247987965,1.984299476650165,0.059842769801616624,32.13748776182533,0
246720,-32.041022,2703.198704994494,13.234510197497736,1.80045274478358,0.021233378723263696,35.10265371069311,0
246816,-41.731747,3547.264088360071,16.0239939859876,2.5725349827974315,0.028192942030727863,46.908773631453506,0
246912,-48.55769,4205.492185219718,18.100209953442608,2.4396076654910748,0.006457439996302106,29.80643472999334,0
247008,-47.501304,4114.771285682368,16.716776612537778,2.6960069631640526,0.017343718744814496,40.58943929135799,0
247104,-58.835854,5145.784460669061,20.16957218773408,3.209507906220904,0.0028889695182442443,38.48566220790147,4
247200,-41.338023,3551.575081610986,15.27160846146746,2.604748030994444,0.01325932908803229,51.62600636020304,0
247296,-45.906239,3966.9007253690534,17.344809254586202,2.450913088818889,0.003561580926179919,42.66730809554458,0
247392,-36.788068,3173.377537804287,13.047110025255762,2.2480257424832604,0.01606326550245285,34.01464636325836,0
247488,-35.72923,3037.213776601038,12.275497781122029,2.5865842476127643,0.0426539586856961,35.54539548337459,0
247584,-51.483145,4455.969448363397,19.63561484388335,2.366235675062683,0.005751425586640768,30.575822389572853,0
247680,-39.925819,3419.398626975819,14.358289952991042,2.2518282722439578,0.034907601028680735,34.310523074120276,0
247776,-29.372659,2524.4237374404415,11.57428389019829,1.612904605388006,0.0007316665135715938,44.97382877111435,0
247872,-68.408274,5969.132441811092,24.298218350096924,2.9785966048239096,0.015736337378621124,35.45883125454187,0
247968,-67.847435,5945.563191217275,22.785777329228644,3.2427152360910476,0.017265569977462314,24.445856261253358,3
248064,-42.756196,3703.6648623404512,14.748701724427598,2.9070955834085357,0.008806581608951092,51.30191710159182,0
248160,-24.16956,1951.3805910478068,10.53359367148852,1.9967798604935192,0.04646427389234309,24.618616070896383,0
248256,-38.149946,3254.7045223723944,14.485121871760958,1.9323262590467332,0.032295585982501485,38.01953019484878,0
248352,-54.354567,4798.62626624389,17.222139965302215,2.5170265730113135,0.012990129552781615,29.541117954403163,0
248448,-25.894818,2217.663518535618,9.715079963155949,1.5497998353367843,0.012249264493584655,43.175397650301456,0
248544,-52.29257,4489.966861982031,19.915253532832036,2.5227744374849324,0.02728106390292706,26.546407780051236,0
248640,-31.356161,2681.290307209451,11.183014177629984,2.3067333410474617,0.017710669711232252,41.66107417464256,0
248736,-56.387483,4987.647380723757,18.447477190985282,2.164042893902513,0.007409949414432071,42.98619562700391,0
248832,-26.991892,2247.2830250435377,10.454234616817615,2.00517528860747,0.03871475402265778,36.008978340178736,0
248928,-47.050928,4105.325197857451,15.860510517705162,2.5248133839027993,0.01530647668987517,41.246449876874685,0
249024,-51.061446,4430.019697803358,16.378394529055278,3.4443758910861586,0.03133204374462362,42.67033950731158,3
249120,-38.910279,3353.856735378814,13.51602828466988,3.1767219914506852,0.003080942295491773,15.096591249257328,3
249216,-53.160992,4627.908153657778,18.018082506313284,2.3817888415450765,0.03491800930351019,36.21432564213872,0
249312,-58.707558,5070.2410558298425,22.006119277049585,2.8159525702476484,0.018462065048515885,45.696275210380556,0
249408,-47.205395,4091.400674317024,17.01176512556455,2.8879515711321946,0.002178508415818181,44.478110524714005,0
249504,-52.509198,4514.083391983692,19.81650354260083,2.3980590468290366,0.03094594832509756,28.17542549848557,0
249600,-36.777118,3181.9161784795856,12.196397293918926,2.8234691436847315,0.011309966444969288,44.56356782302261,0
249696,-33.671769,2848.151179424869,14.194982242719034,2.0629546086117494,0.007105391472578049,36.616617720723156,0
249792,-66.414386,5834.948837983988,20.921901248989816,4.026342676738526,0.011852661892771843,35.33409443110227,4
249888,-57.58169,5035.4176373100145,18.909988447283922,3.0090881174076185,0.02339212615042935,39.33375403374433,1
249984,-58.890956,5157.334851969793,19.3553319048308,3.087130321670349,0.01841035634279259,42.53063324674964,2
250080,-42.514616,3669.5853565426346,14.895845870247856,2.7831949042000104,0.015782031603157498,29.75916264981032,0
250176,-42.273631,3653.415833607897,15.451320313830859,2.627452823249222,0.0035397291183471014,34.671339679211385,0
250272,-46.776714,4071.4053356482095,15.960972947869061,2.584903750408737,0.016027148067951247,34.28504226922989,0
250368,-75.564495,6678.46625046841,24.160393850537545,3.0797477190233242,0.01998765412718062,27.84947912827134,1
250464,-64.036515,5586.17204153564,21.702019973482475,2.941344616037659,0.032510072179138705,42.27240375548602,0
250560,-59.602537,5221.685758711216,19.855385221163477,2.9557340793773377,0.0164513373747468,34.90519145652652,0
250656,-52.194517,4487.121844150894,20.08057441850935,2.4943553602340733,0.020092280022799947,29.45601818874479,0
250752,-28.373788,2392.1021576379344,11.45453416143698,2.113949994286236,0.011388428322970934,27.201366208344698,0
250848,-67.476816,5936.256470855844,22.025249603150023,3.221091625629465,0.014549321681261107,35.89809570536018,4
250944,-54.861673,4781.042556477696,18.445016089223536,2.8807732070102325,0.024362222664058186,28.82001728758216,0
251040,-60.460239,5300.652028223744,21.285891193818863,2.3430146256012705,0.008716370165348097,37.11486635819077,0
251136,-57.368904,5022.318129358494,19.29142604281173,2.994261104032699,0.01070602107793095,40.03254295319319,0
251232,-44.775102,3850.0097920712446,15.420467652068107,2.94171840075955,0.031478396616876125,21.264981985986232,0
251328,-66.561227,5791.624793930314,22.11155625188847,3.380930833365118,0.043942647241055954,21.200440740734336,4
251424,-36.905761,3078.2888778166666,15.193030897063187,2.9693768810705,0.02514745108783245,48.13444979816675,0
251520,-52.40249,4530.471586165471,19.66875635334757,2.5221743846772466,0.012551810592413004,42.792162540256975,0
251616,-42.384168,3672.5979303807003,15.444808381197374,1.9420810393850334,0.016527594625949937,39.63197541564703,0
251712,-58.713447,5137.296383598342,20.214496674488228,3.1099162222679326,0.002144508995115757,34.06847072869539,1
251808,-60.205573,5259.211502047058,21.999885319976524,2.504554521046769,0.0007780503481625844,31.81377830430865,0
251904,-32.158602,2703.8749236103363,13.341366693883703,1.7301810143606065,0.028357993252575486,36.527572267204526,0
252000,-49.652966,4314.482629292928,17.491977972076253,2.557829533832865,0.015827663801610492,41.667240416556595,0
252096,-40.153912,3393.4150303100296,16.30726911077101,2.6426821810464247,0.018033903092145975,45.113180500715984,0
252192,-57.076663,4943.895388579839,20.278232629591837,2.7886642888383544,0.029251563735306352,37.982283883094794,0
252288,-31.680115,2686.5665935112256,11.739893706171422,1.5579245338474923,0.044620774127543006,33.05645448505878,0
252384,-49.13799,4298.709086496697,16.389806832133225,2.9684386845906188,0.0031054198741912176,31.213621409386395,0
252480,-80.713928,7056.6415778023165,26.760784283333884,3.9811383469253148,0.03512144144624474,29.19750338077546,16
252576,-55.283218,4795.430498490004,19.481877603055963,2.9438012606410293,0.020455279760062728,31.968487355113027,0
252672,-35.750057,3057.3680789025925,13.718121150548331,2.1485299077192086,0.013435211591422636,38.92946032777429,0
252768,-47.334315,4115.7132748826425,16.803318627442934,2.710863058791489,0.0034561038017273393,31.907850362360474,0
252864,-59.30749,5155.387763710208,19.58191529801221,3.0604539621215965,0.04365709386765959,37.72064822927118,3
252960,-44.080962,3830.8276009237975,16.120273956486596,2.0946210186094345,0.006583682447671935,41.185534747391934,0
253056,-53.744014,4741.2712489153755,17.407176207705913,2.5092358207325303,0.007030298560857795,33.89389021664858,0
253152,-39.273304,3415.3902071817147,14.439065804113003,1.8894871441810386,0.00212584417313344,32.16419831112027,0
253248,-30.210133,2604.2269747938803,11.361431817871988,1.8624857901864285,0.0009626317769289017,35.32884608164429,0
253344,-66.424208,5771.674916932937,22.65544808513839,3.2334469249168767,0.041163061000406787,48.26076219707728,1
253440,-30.884184,2631.4463521037014,12.34567073241718,1.9245845530448618,0.0064123582094908205,32.59490308001637,0
253536,-72.863347,6363.580179844207,25.032942782777617,3.2634160708808193,0.027486393228173256,18.827491513192655,7
253632,-65.025859,5702.921923524806,21.667564515302587,3.148028676336115,0.015810591541230767,35.94244371518493,3
253728,-50.989276,4450.648901881306,17.111424780488857,2.5614309136066176,0.021652447246015116,36.583814543187614,0
253824,-52.51799,4549.455772423674,19.52585899958395,2.7139839864059856,0.005338755808770745,32.874455739706754,0
253920,-34.900001,3000.803186121301,12.906216358491012,2.530580216748549,0.0005248401314019713,27.121900910139086,0
254016,-31.522115,2690.072290650911,11.685289014860176,1.5266209838865086,0.03367714378982789,33.21470162913204,0
254112,-39.192592,3374.820469489281,14.457550488713192,2.253053284784775,0.013726722821593262,33.9373160290718,0
254208,-35.228378,3039.1037074276196,12.3962634583187,2.5571052046936877,0.0063746636635379494,49.94588184386491,0
254304,-55.469925,4770.770146905273,20.63843949033643,2.923322001672801,0.02675750963389878,25.207577066570526,0
254400,-45.838902,3953.1101912229246,16.97649519800453,2.6392747738761857,0.010609451681375504,48.37835403561592,0
254496,-55.468888,4835.419263560664,19.103566659454057,3.1499763728664596,0.008242339640855745,39.27190496593714,4
254592,-52.302751,4537.144942109854,18.712643921738387,3.0082023750129476,0.007615145668387446,38.4480677832663,1
254688,-28.106558,2388.483559641666,10.182083365937935,1.9065949586315805,0.026963967457413696,32.56309928938746,0
254784,-35.736199,3111.976922150285,12.292998743249303,2.2497027966757717,0.001909952983260188,31.304148951768873,0
254880,-30.986897,2629.959391347183,12.230424393306016,2.0086744525377678,0.014313764125108763,29.618220272809268,0
254976,-58.99522,5183.97515315093,19.35600054634269,3.0604651715662,0.008298839442431927,41.51033480972052,3
255072,-76.125279,6673.91795494057,25.526814400222538,3.870560971808243,0.011988684348762102,22.58440258935094,8
255168,-35.931403,3109.211486756572,12.618590306500622,2.2129947427035592,0.011234181746840544,40.883557768911125,0
255264,-48.855057,4289.616639110672,16.709365009814857,2.289188139718551,0.002027023956179541,53.16993665188551,0
255360,-45.595294,3894.1294410859546,17.17239294625772,2.507952318483423,0.03327336572110656,31.47720147877932,0
255456,-52.373609,4541.344462266916,18.068499151265975,2.907129528170258,0.025117510929703823,31.879946358054877,0
255552,-46.465608,4032.1583821478125,16.815062214640353,2.5932676147112304,0.004146532341837927,44.41741209223866,0
255648,-65.767627,5740.768651310967,22.3378993755428,3.004570295445098,0.03044948149472476,50.29811115697026,1
255744,-63.994334,5624.321390294817,21.21781008348284,3.0693540209454633,0.010535709001123883,43.897953367680316,3
255840,-65.995187,5840.875250165803,20.32646086376296,3.447924872392242,0.0072883944958448965,37.17868816867472,4
255936,-35.746261,3070.3355207115765,14.039313285511616,1.9300606930031605,0.003939193114638306,49.246183301806454,0
256032,-71.843949,6257.384829301544,23.91854513374681,3.8377187292726442,0.03729667179286478,21.852043167948725,7
256128,-45.529741,3916.174929993079,17.076684164131315,2.5778232757595445,0.014257169701158978,43.8611521987617,0
256224,-36.833824,3176.223783840507,13.317085011511269,1.691676328067396,0.026652686268483383,44.072141130119554,0
256320,-45.002204,3881.8510309248713,16.448468931582,2.601936785890281,0.01389191225171088,39.12150004431605,0
256416,-45.239864,3918.9832234426203,15.989737439901438,2.687184114352697,0.011882457244945244,33.34777149617671,0
256512,-24.121739,1913.9789618276898,11.597324287778376,2.6417750129315287,0.029736144840717293,34.09020084515214,0
256608,-30.484583,2581.2480374237093,12.24546443318604,1.9102760348735512,0.015623539872467562,38.17919367983937,0
256704,-44.382241,3830.4927852198502,16.457090407753306,2.1898449313773214,0.017616558074951216,37.4324970062077,0
256800,-47.544488,4105.296890656515,18.10497837879923,2.4125442584219403,0.00633385367691508,32.48647254094481,0
256896,-47.592348,4084.215598822663,17.11108319007172,2.7705627928407934,0.033909484430363346,35.21815504267811,0
256992,-41.961162,3592.0230906453457,16.4409690503065,2.6028872909547323,0.004499063454568297,44.10468491226434,0
257088,-52.817222,4522.793027759386,19.62813554997566,2.887219788068681,0.03639755751937629,42.28791821330786,0
257184,-40.157142,3399.1738536144067,16.027925910832,2.870974014447151,0.013909041136503209,39.05128408372401,0
257280,-36.800605,3198.6688885662065,12.560292696767029,2.12591849977455,0.013030755706131547,23.79236610680819,0
257376,-44.101088,3784.6198504484632,17.39580121233553,2.3453752459926522,0.006533237174153439,20.213455131798987,0
257472,-46.245829,4005.3283306591966,16.116323568953202,2.4036756155248096,0.02641188837587838,43.36580457031727,0
257568,-37.316715,3197.786265536066,11.75652693743071,2.832463133782224,0.04526060521602637,41.33248001560569,0
257664,-30.927967,2607.442009430267,12.11589131238516,2.7742133565437586,0.007272936031222421,55.989845876693735,0
257760,-53.685844,4653.568765733213,18.17462284433802,3.1039382683823704,0.030412930436432395,42.912633117735396,2
257856,-34.162793,2930.0644301907523,12.196087766075161,2.499193975797416,0.013576317764818602,35.930277771204715,0
257952,-53.082455,4556.634002334419,21.239054313505974,2.425931859660852,0.011601723730564173,13.17234793990851,0
258048,-59.097252,5213.019330035794,19.097821417028207,3.035814628445989,0.0015591106426558476,36.83381898194553,1
258144,-37.612766,3228.139884773228,13.90440670699804,2.780765893765886,0.0031825883314012815,42.3453485365212,0
258240,-31.860284,2754.505840162318,11.384843741868183,1.7401833113376142,0.01357991173863421,26.350639661997555,0
258336,-46.156013,3968.117366037729,16.06353524831975,2.916501409537467,0.03261186163872487,44.04304602324963,0
258432,-16.333891,1338.9226453279668,7.721027431514804,1.4938789364786098,0.0020536338910460694,30.264126414507633,0
258528,-76.277795,6715.015315817132,24.988761802302264,3.0393691323691647,0.027684398181736514,36.68512029156089,2
258624,-68.185491,5972.4737108724985,23.058231787429502,2.938416984330054,0.02452786322683098,32.86080931589008,0
258720,-55.562279,4853.260657340155,19.09956992495036,2.900922095194459,0.009295528195798486,27.697974724024537,0
258816,-54.627105,4805.381009813729,17.04688229660156,2.469412245938216,0.031431026756763514,34.45019139647484,0
258912,-36.741141,3141.8959898818384,14.698928700711248,1.7186638995317494,0.015002460218966007,34.672269039005045,0
259008,-44.974285,3878.931923865866,14.605137012144718,3.148395335606583,0.036271093972027324,34.564186177253724,2
259104,-36.953511,3166.854297145755,14.487912789527776,1.7519053532985722,0.015855499915778615,35.83285926744342,0
259200,-44.272654,3803.8839013217294,17.313639903632193,2.2986311411268687,0.00801802482455971,23.630525247156616,0
259296,-55.565878,4812.542903123185,19.584068062109203,3.1344823540733535,0.02076239995658402,44.15837123677134,2
259392,-39.991452,3404.576299141916,14.615492264973648,2.7917263700558603,0.02962338440120227,45.401597253382214,0
259488,-46.246845,4064.605917295824,15.525344466913706,2.3345343352522945,0.0006246071308850798,43.00626079022884,0
259584,-48.071777,4182.110453573372,16.425996554611498,2.9160844864105018,0.010429297573864571,39.94879103943706,0
259680,-76.812421,6793.773717056121,24.570851073688655,3.325328178103539,0.011553164757788226,25.251091706860098,9
259776,-59.484804,5185.591730224953,21.13047533179674,2.896011400733558,0.008755977079272226,34.20099049881101,0
259872,-50.271244,4338.049542470964,18.0674188591089,2.408403943610519,0.03381077386438852,47.181544823199516,0
259968,-38.446708,3272.858522196999,13.751344013394473,3.2154183073352756,0.020436788350343793,25.433055498600005,3
260064,-47.052333,4064.8708988346298,17.66140451521547,2.599975612305348,0.004347506538033563,44.9252318879962,0
260160,-50.422875,4335.34417321223,18.589848063863386,2.9970477315292183,0.019577321782708157,46.64829918354751,0
260256,-77.268928,6770.568229087505,24.377450207488902,3.8932021633564506,0.046181972883641786,28.471458371336933,10
260352,-46.191377,4017.628724412247,17.167294731857947,2.1559450456221976,0.00016819313168531247,37.888062916100026,0
260448,-48.069863,4175.619000863569,16.935928272897446,2.750255594132241,0.008852815441787176,35.0071045550704,0
260544,-28.392675,2370.644850536238,11.890457540986406,1.9937610208909509,0.021439015679061424,41.016179053336394,0
260640,-53.000871,4619.1141160810075,18.134607772967982,2.946676377195355,0.012711817026138328,43.178433819264185,0
260736,-51.22632,4422.7642664507375,18.34045678706531,2.7336524855493143,0.026871986500918932,34.837033748328686,0
260832,-23.67305,1952.229598888561,9.27779844708187,2.5111338615907783,0.024197401292622045,28.764418475627902,0
260928,-53.855934,4670.489600132869,18.393851197081414,2.5368369877138077,0.04120988938957454,37.20243520602585,0
261024,-40.232969,3377.1675754021617,16.073724463640165,2.9549376172284467,0.030480028541856774,42.6199800992012,0
261120,-45.613035,3926.1913405615924,16.675596003847463,2.574094338610603,0.021253698132932264,30.60003459319473,0
261216,-57.031061,4948.070947029298,19.36544562859101,3.1225298010553537,0.03278036173433069,38.80129286319018,3
261312,-57.093175,4994.950020721719,19.12501769435898,3.0364107744469937,0.012773672118782997,36.55264787867665,1
261408,-71.024759,6235.062633105608,24.2421996589332,3.1090224063767233,0.010524274408817369,25.32950141593814,3
261504,-26.749165,2235.6862242613156,10.603067451757973,2.094280337383143,0.02491132896393533,42.19380240693688,0
261600,-45.651269,3924.916463110984,16.443864706841254,2.5965350072541176,0.02868875362175083,35.92759325414896,0
261696,-67.569905,5911.166535670572,23.07749970365558,2.952536002662875,0.023598366416990812,45.41636680006982,0
261792,-83.469077,7320.638030057274,25.579641318353065,3.9726851067719835,0.0666486650705338,15.75109609141946,13
261888,-80.43209,7032.32483817033,26.93632699899139,3.482127020262561,0.04233950041234491,28.071388163119558,12
261984,-38.379985,3231.8365843728307,13.759255342055589,3.0247037349046186,0.048264073766768,29.80674123197794,1
262080,-66.040207,5750.593606578415,23.013051090276434,3.119476802130998,0.025504337064921945,43.993621099889275,1
262176,-43.058344,3646.5262681384093,17.190747659461472,2.615346396207952,0.025981231406331073,39.790849378406996,0
262272,-43.959642,3767.4143654601608,16.35555371584396,2.845824232169724,0.016033528274611464,29.48436585813761,0
262368,-48.182508,4159.040734050576,18.237859464933983,2.533553825801892,0.007154762558639005,27.952542064487933,0
262464,-66.168114,5857.06592763,21.375080636031026,2.855847164147918,0.0028394674882293303,36.87514317512512,0
262560,-51.572492,4519.636650645089,17.477221186303055,2.315390914425258,0.01378683149814608,39.26700242966413,0
262656,-67.367907,5924.139944584976,21.581960849177758,3.2743082066310536,0.022813063673675138,41.84504669934511,2
262752,-50.762341,4316.566089128761,18.556300280730856,3.054890616768384,0.053855561484631775,32.90856085717679,2
262848,-44.117201,3791.9484254467975,16.697655618095823,1.984800006164461,0.026300033926963784,36.25085951209068,0
262944,-48.114263,4149.21956819543,16.66059494079926,3.1683765191853808,0.02376923058182001,26.6880070489645,3
263040,-29.92138,2556.599177786156,10.960596867111217,2.2178330199486256,0.012005062960088297,38.736083123981956,0
263136,-55.518215,4876.147028206511,18.536614190490965,2.7772982906273698,0.005656094849109672,38.07656577974558,0
263232,-66.270162,5777.037253391848,22.69948618796068,3.1626392969937993,0.02832583952695139,28.61065039381384,5
263328,-39.440478,3359.2089066278913,14.554768322856784,2.8847228377121974,0.021871279366314444,41.64553173661233,0
263424,-52.426876,4518.708957640885,18.531488365412663,2.662295523496703,0.04102814272046096,34.03577402919531,0
263520,-51.931482,4524.543041508828,18.084304841996083,2.4710386480485855,0.018156337365508035,42.06955709114672,0
263616,-29.951794,2555.7135713365656,10.516596753579654,2.24263247238966,0.022841761633753843,27.858352461755278,0
263712,-45.504438,3895.1254707914795,15.495293835467175,3.000167477270472,0.04696854613721374,30.267357850372797,1
263808,-29.325082,2491.0636803622947,11.481201616725741,2.1444684911700045,0.007486502081155866,28.569350604116917,0
263904,-52.270908,4512.8345802268705,19.53884074112321,2.7129099003454265,0.013049730286002204,36.332238489389425,0
264000,-51.597224,4453.764077222739,18.56708931229034,2.698490321068448,0.027337354235351163,30.60282396540046,0
264096,-34.059046,2898.1000068625776,12.653348486090925,2.1997455976037976,0.0268095279112458,29.384529242515562,0
264192,-44.916269,3877.7183946712257,16.678411982089177,2.3008270313216572,0.014348685368895442,23.220413627922536,0
264288,-38.151208,3219.3250653126756,13.735732371232595,2.9754834500850156,0.04313626252114777,29.002358393967157,0
264384,-36.498482,3138.0670832936416,13.250027791528074,2.622420872116796,0.0062556518241763115,33.167289965301755,0
264480,-44.411909,3843.66633400103,15.164460885866733,2.9745089751909695,0.015740278176963385,25.171808792650705,0
264576,-38.823601,3295.542423829434,14.837128298713493,2.7963491515562415,0.019899918138980843,34.91253169551492,0
264672,-53.795379,4673.834688095225,19.249400077613874,2.638009012134544,0.015133906714618228,47.96968053698539,0
264768,-43.036227,3721.6707722321644,14.101195159572224,2.697202533303175,0.03401865977793933,23.584849119484424,0
264864,-56.051266,4895.837582964048,20.198613357837296,2.56293002583263,0.0005422769114374892,36.344588146060715,0
264960,-48.089138,4121.639971873453,17.71315792197889,2.4665348403123435,0.03814513552933929,28.22314698949456,0
265056,-36.918325,3164.780381416573,13.772649461431527,1.5710287110455938,0.03402098659425978,32.399110102504494,0
265152,-22.969947,1892.6671252786377,9.73487142782335,2.5323253602279774,0.007325593195855684,38.02666540712119,0
265248,-25.42021,2160.0184572210474,9.819024805569628,2.0203902179006477,0.004410803690552689,38.95911347672344,0
265344,-79.653038,6928.131997326806,26.260082614910726,3.7140165415345794,0.06720577143132689,32.678499101102354,4
265440,-44.121127,3770.4753941800973,15.978255263395475,2.3436018323803207,0.045697074942290694,33.29878301858902,0
265536,-35.737356,3062.329016748282,14.429547169719903,1.8938842946066685,0.0018431661650537556,43.34671442002058,0
265632,-53.603411,4747.920250624216,16.93725045383895,2.467394721124274,0.0037383517250418885,37.88494859352708,0
265728,-37.526467,3212.46536692312,14.534579708591153,1.9319449334558123,0.017910792678594634,35.35683557391166,0
265824,-30.471784,2597.9226028454973,11.571912595587078,2.145019496226254,0.010865114443004142,45.57978640720248,0
265920,-36.668771,3147.5860532710144,13.143368942669996,2.448518418975882,0.018032848462462503,40.38325984716416,0
266016,-46.317034,4040.9684034794627,15.387077440973934,2.7180619323939257,0.013600127389164385,34.0998178653419,0
266112,-94.641888,8260.769873997984,29.099284693181062,4.075396577900193,0.1116163618862629,13.235485582053663,13
266208,-51.156163,4415.613253537385,17.814399229537084,2.885400694319202,0.03343669883906841,39.08588857457042,0
266304,-50.764599,4355.29103001557,18.473082728632118,2.240129834266498,0.05158076379448173,47.617905034422876,0
266400,-40.181686,3409.9857546478106,13.109929584517841,2.9942971129901093,0.06340872589498758,34.81799182146788,0
266496,-33.073898,2812.8467273556885,11.927111821273838,1.8249207812447503,0.04248856063932188,32.72000279560685,0
266592,-44.105464,3762.2341634022573,15.994983078114828,2.887030215643268,0.03532101418823008,34.02359361425042,0
266688,-69.593932,6099.473880796452,24.131514441206324,2.917202469804339,0.012857193127274513,48.05179556399584,0
266784,-36.873714,3211.359054993001,11.755781589916294,2.7364939887086255,0.009252730756998062,41.947086580693714,0
266880,-78.610587,6935.448463704454,26.201736422368977,3.1847443579850294,0.008112233690917514,28.971758679598572,4
266976,-63.757183,5600.855831298178,21.988431799723095,2.535596826874967,0.009190420806407862,44.13894731238484,0
267072,-55.822199,4835.624793925606,19.459448232975426,2.936856573238969,0.030224909074604567,25.992239415794607,0
267168,-43.980072,3794.1459365896417,16.674854505615723,2.3922538044404043,0.005283651314675786,34.01307454064488,0
267264,-47.928084,4131.336176263028,16.700616749892806,2.9190886253099317,0.02912679184228184,32.48744466468692,0
267360,-77.027714,6773.441971643744,25.648141762172383,3.158529567504002,0.022362649146663527,33.48619739249349,1
267456,-44.273213,3814.067556521207,16.515355877116576,2.304103524576408,0.017085971496999364,19.947896341979504,0
267552,-60.017893,5242.091872912686,20.344302096786713,2.8793944594025813,0.02279503941535954,33.38106981560588,0
267648,-99.073426,8696.658376960846,30.818044798687414,4.45249828907494,0.07202865667641167,12.892553501977405,11
267744,-31.412978,2666.5115075269355,11.676896717352564,1.542847388791828,0.04184368290007112,33.80030102476477,0
267840,-54.534186,4704.825176806157,19.991532009758025,2.955428708059125,0.020420197397470474,34.169959339648486,0
267936,-54.99563,4771.469793972486,19.4460943057751,2.895394456959781,0.019263081066310472,28.24467200383544,0
268032,-69.227254,6053.185388018472,22.701926174791375,2.974048220630843,0.04634684193879368,25.86782462492586,0
268128,-28.40217,2407.7363075001235,11.010096680754897,2.397342262752707,0.0041893703863024045,30.94958999723196,0
268224,-36.08042,3091.7211216112073,14.546715684018167,1.858040663830571,0.0037318769842386024,45.086009959876534,0
268320,-77.650595,6882.413242195997,24.434004812645505,3.314741021978899,0.011357635259628296,25.178360987115763,5
268416,-47.445195,4066.4712942794667,17.273983859959262,2.569675984177859,0.038027781434357144,35.057611060589544,0
268512,-38.4726,3264.9667368882315,14.231528020690275,2.6469915003928275,0.032978490553796314,29.859781510084872,0
268608,-39.296432,3375.6010454945113,14.34771296554866,2.2048716287817767,0.023610602505504952,30.851506022810938,0
268704,-49.73461,4300.912996762139,18.32342822844574,2.107665179856182,0.025692361965775512,50.72217818349599,0
268800,-53.517683,4578.121171106873,19.88301848422562,2.697320666938368,0.04617586452513944,34.4473237799108,0
268896,-40.580809,3424.5326940512728,14.260474343536305,2.817308639559796,0.06202773079276086,40.14327361643315,0
268992,-35.052583,2979.8038943451274,13.311917401781535,2.31919952296388,0.022219300083816063,44.96323228612541,0
269088,-45.216308,3869.81197219744,15.417123498961796,2.9050973002154827,0.04873415194451808,21.320787466466427,0
269184,-86.388405,7628.18225801137,26.22026744904562,3.912823133583345,0.045024842396378606,26.74675247618242,12
269280,-58.688159,5032.432737667901,21.35034620109394,3.443637712657555,0.03875151574611668,30.23328987668715,10
269376,-52.198124,4498.636455809252,19.46967384748821,2.073933729259749,0.036085608229041055,30.341411357373005,0
269472,-65.6881,5732.602081749575,22.32749212639513,3.022494419955641,0.03032226413488387,30.486219784319406,1
269568,-63.757777,5625.384493051392,20.921777032757443,2.482580128514524,0.01562447939068079,37.05132447585463,0
269664,-45.108355,3904.1283165468385,15.904005737307054,2.555450342194074,0.01824598130034777,40.138438156545156,0
269760,-44.581218,3879.611773848343,16.47340896750929,2.0506847663309324,0.0015202425420284271,29.020966583490374,0
269856,-39.209407,3334.7569922052317,14.270956003235147,2.7850648773798032,0.031101610697805926,40.36483791053295,0
269952,-57.610855,5012.007094688177,19.764843257549842,3.228244699400334,0.018002183941242034,14.609763931035994,3
270048,-51.596066,4520.389621684702,17.296022148335027,2.48889878432525,0.013853579200804211,38.65403737828135,0
270144,-44.825224,3895.8414206921334,16.331558648201533,2.2061570477623764,0.005658646486699559,38.708683413565154,0
270240,-51.717857,4506.261434531164,17.687965409224216,2.512627076665109,0.022920173965394475,43.63300555169582,0
270336,-51.205531,4386.648109610423,16.71522525510837,3.2792178636756515,0.06751965116709474,31.13866920143365,3
270432,-49.062176,4266.89215386657,16.45717672594352,2.3455242230257443,0.03452608883380898,52.22689459383487,0
270528,-22.930033,1910.8024182417403,9.238489908761176,1.9302216558660952,0.018558204360306196,36.41503110945225,0
270624,-30.844107,2625.037933088051,12.894336262677415,1.5291445096612553,0.0075845896511486655,28.62436015233398,0
270720,-50.378794,4331.678800041637,18.82336157037403,2.3911555807505973,0.030569029785692647,52.11778246730566,0
270816,-37.138201,3173.6446380262455,13.91140151995808,1.7635152725800225,0.03486187513917688,36.94723923176527,0
270912,-25.900697,2160.8593584634855,10.49549729510267,1.9667635946870332,0.023783241584897086,52.67884677693249,0
271008,-30.964476,2624.4443525258275,12.527415618059717,1.4898779034109473,0.024390457011759348,35.76710570797324,0
271104,-57.715045,4972.8890715113375,20.205136004907043,2.6024171569786456,0.058909749984741244,31.60943693742156,0
271200,-67.664612,5861.907505904254,23.380769451977784,2.7324428021385945,0.0625552332028747,41.24651555031539,0
271296,-41.920436,3562.8813626536307,15.6917195047206,2.8256270675088166,0.03025703297829946,48.74871804580093,0
271392,-25.275285,2116.610791895775,9.654611707917612,2.0418084079030887,0.026404668763279904,43.45989925295116,0
271488,-42.181893,3605.8607912895586,15.542200704668135,2.7375130306629343,0.024374641830983867,35.795254348516465,0
271584,-57.288414,4953.810300433491,18.9615238487076,3.0036265391165458,0.057360229160832776,33.11694317817688,1
271680,-31.690612,2645.7454087273677,13.075864544789882,1.5548534385365,0.04589716101947594,35.8770960238576,0
271776,-49.335678,4302.040055362098,17.200654721567567,2.5449380008318876,0.009140380844473828,36.749580171406265,0
271872,-40.82794,3446.5191647690913,15.5992156596333,2.7803155162013544,0.03805714827030898,39.35935800343753,0
271968,-33.129685,2816.42270138326,11.956490494578416,1.7709372189521861,0.0446757422760129,30.106288540363312,0
272064,-39.522132,3370.882901498116,13.898887287342038,2.8964076448151026,0.03233822770416739,38.3483750216663,0
272160,-36.984848,3191.2071985143466,12.027699654779232,2.7265154715140922,0.024923968687653564,33.49567224144935,0
272256,-38.043542,3229.915069133669,14.29824328686143,1.8034739313944528,0.04890190530568361,44.64393856137992,0
272352,-45.413721,3912.0352704631073,16.451582142497493,2.606694306446731,0.021014386278234043,34.40373398885131,0
272448,-66.930357,5788.428810978205,23.581970240750838,3.029401387984683,0.05064784083515411,36.39167854338884,2
272544,-51.924802,4552.95050564405,17.56276546721958,2.4558138618110203,0.009609436243772529,23.6826438716054,0
272640,-51.502725,4441.768139284921,18.50945595471074,2.5524811071465368,0.03408093247562649,26.767942873537546,0
272736,-53.076508,4490.210966001507,18.62766441073761,2.984261742541337,0.09282627608627086,35.41688727587462,0
272832,-51.354125,4370.936441146168,18.94644693944084,2.2838748882924444,0.06981843244284391,51.47523167058825,0
272928,-32.782238,2795.8332126688492,11.947020409683986,2.5023762435966614,0.015923316590488068,35.79480234965681,0
273024,-34.199067,2915.5801994209587,12.08476500935748,2.6338507895381467,0.024286328256130307,34.738448326885695,0
273120,-47.960901,4113.462370993618,16.69519794377015,2.8863544960944036,0.04421177245676522,41.10894758537412,0
273216,-48.348262,4106.374838264947,16.460574230491996,2.8680901780912587,0.07994037177413699,40.71889703944325,0
273312,-33.838504,2835.8328307773563,13.963707949164323,1.717475197085392,0.04027156624943018,37.04236840590835,0
273408,-29.848917,2495.225296033384,10.764613582482445,1.4191520752506994,0.07330796848982574,45.831305451095105,0
273504,-49.908387,4321.6255396915785,18.618387167159977,2.664111234347381,0.002731396257877383,43.6902525818348,0
273600,-24.766449,2104.5777150333024,9.09518069686627,1.9448892766240973,0.014277450181543805,46.73456721782684,0
273696,-47.522419,4102.232264477014,13.99860720570238,2.9555010559967836,0.07455424349755052,36.33821677848697,0
273792,-59.105861,5066.117836834524,20.275860379812723,2.8767920104489235,0.0807471848730194,37.77098797082901,0
273888,-70.243343,6162.576636132612,24.293149043732825,2.884917937082635,0.011710973456502072,24.23616925254465,0
273984,-69.848057,6083.913669822403,21.01639583306293,4.215403075728567,0.0678560355678201,27.27899376317859,13
274080,-48.378522,4081.5055705788523,17.787440938535784,2.775593766953003,0.07446645442396405,48.349878269582995,0
274176,-36.934037,3154.875469517119,12.945292927842385,1.7085286774182045,0.05455221831798551,47.17576593592763,0
274272,-38.405234,3316.452244865426,14.507588246264385,2.2073093150565657,0.00036741551011804097,34.04462856248021,0
274368,-57.794599,4956.560776585279,19.546218022577232,2.9144210822450893,0.07995717860758306,43.30699279651045,0
274464,-48.601738,4139.947976983686,17.397548229999348,2.893738364807272,0.0550332159882313,39.84389019712806,0
274560,-51.585994,4481.746827488324,16.719955523462723,2.4370474455207627,0.051848016865551516,44.797094839215276,0
274656,-45.613821,3954.449339642779,14.716231851935788,2.980763411801227,0.030810150690376792,39.280817236453295,0
274752,-48.698486,4171.296686346806,17.88981332050593,2.538285683578534,0.04021739792078738,31.877787611931563,0
274848,-54.56218,4625.730876187515,19.518841811963693,2.9891020893763183,0.0835718616843224,43.73330039426684,0
274944,-22.999291,1855.7809858308374,9.775154162419275,2.226361391213228,0.04122605212032793,28.162952967584133,0
275040,-43.120257,3667.4173166330534,15.144174304267244,2.6282686204518244,0.05676825009286407,38.10773059010506,0
275136,-80.452357,6985.869693763361,25.94581031397443,3.7124803927480348,0.08832831915075845,32.89974944382905,5
275232,-47.940772,4160.460618119973,15.925347645295128,2.247989699139663,0.04395768810063605,55.152535798698665,0
275328,-47.159777,4158.557029967208,15.614083165447886,2.1513378255486293,0.001963103748857886,33.338122042566546,0
275424,-30.182771,2567.3147399343943,11.209808565938514,2.3228467858880792,0.01450282596051694,34.85390928804875,0
275520,-43.727296,3779.2517725361167,15.306780231164577,2.226146904220607,0.030152344889938898,34.087765808403496,0
275616,-60.611593,5263.757937690801,21.171809680141386,3.011142993975929,0.027867585234344017,37.648954306244846,1
275712,-58.129577,4958.306076817717,20.677297359903154,2.594899562977928,0.08702448215335612,37.61372925370931,0
275808,-42.585192,3619.576801062105,15.57484999678804,2.746056195945454,0.04123640377074478,47.55177135616541,0
275904,-51.899253,4468.693069471251,17.618877741965992,2.4217829534648443,0.06386304479092364,30.455812022686004,0
276000,-29.974796,2478.390311684354,10.665949914451314,1.4183679152207658,0.09491741564124823,38.810474207103255,0
276096,-65.890326,5639.333320753621,22.953026764894524,2.864270922456638,0.0976917747408152,39.10379990458488,0
276192,-51.383186,4375.838180143831,19.554175906527153,2.7275678879173535,0.044501597434282336,45.778853340297935,0
276288,-55.520566,4739.1682698959485,19.616183749274867,2.869233516431865,0.07308895941823729,28.632591562867166,0
276384,-38.808252,3267.77285916778,14.628384124883492,2.8156716573735183,0.0410492883995176,31.535506205260756,0
276480,-58.256717,4953.497440128812,20.85388792932255,2.410990372703205,0.10007868129760034,36.38673402801156,0
276576,-92.786642,8251.53500250267,28.409337361055886,4.125725768392824,0.006546715186222574,8.778566823601723,16
276672,-84.902129,7484.167517792903,26.81728871233723,3.3104403562622293,0.04607270546257497,18.293134030699736,7
276768,-59.237971,5144.666967784805,20.00203048328652,2.7824859027503788,0.045179830491542894,44.80057749509811,0
276864,-64.312345,5606.921413298156,20.736692238298627,2.7700548650557932,0.060940089076757464,35.21763176739216,0
276960,-28.630084,2312.6418667330813,11.4376633159908,2.669143425663739,0.06698060091584923,41.92262721240521,0
277056,-69.370389,6073.761720266151,23.06294703717947,2.8868477145522653,0.037276541814208086,25.095633485615256,0
277152,-48.802691,4140.175219877258,18.237314181258352,2.6114910801115463,0.05900989379733801,30.958043686300517,0
277248,-86.437074,7621.561744548134,27.216397205872344,3.609664205364703,0.04084475040435803,27.425593614131213,7
277344,-66.244986,5731.951656991429,22.616273983526092,3.1601816124486457,0.05843428894877439,22.88383250236511,3
277440,-46.046541,3962.7743919723957,14.841043476093565,2.9220375212839924,0.05317796152085069,39.80239978343248,0
277536,-66.751697,5811.563233453892,22.88886360673027,3.0574304091403395,0.03642890620976691,31.787501093298197,1
277632,-38.820147,3328.6771677519673,14.211204577720883,2.2823182797833206,0.023805802874267146,37.9790091073513,0
277728,-25.109063,2059.194090533723,9.253630058698379,1.9771761394683458,0.06334415636956692,42.45240906611085,0
277824,-47.018536,4036.844545448074,17.133452111268472,2.534649834841436,0.03307964652776718,45.57515506625175,0
277920,-62.148457,5422.694272873831,21.23276571196292,2.8695605565692146,0.026923992484807924,34.79904712051153,0
278016,-45.960277,3935.8197703151536,16.55027982579384,2.1609541592589627,0.051507580280304,38.96372554302216,0
278112,-42.645812,3571.9711081481423,15.553118390770619,2.922853867534916,0.07273489758372309,46.77449481725693,0
278208,-57.804613,4962.6386838709495,19.73344822699806,3.1060386740411934,0.06771843470633032,36.50540934279561,1
278304,-41.320963,3392.4588209257504,16.330358703958748,2.6729552230612867,0.09520565159618855,51.31471060022711,0
278400,-50.932735,4382.131588198543,16.88225385716033,2.9164336708406364,0.05867797210812575,28.76251644492149,0
278496,-43.776565,3656.8966737805895,16.716433023439993,2.748914885009764,0.07287351768463851,59.55698000967504,0
278592,-42.468713,3523.4122304860607,16.440346669884775,2.507349137401826,0.08663643859326847,46.83415667563678,0
278688,-34.482242,2858.6958451021874,14.012487290913416,2.0602719555422535,0.057828549295663834,35.58793956398963,0
278784,-67.864379,5811.044011490301,23.332191555622632,3.3654949682531723,0.09387220330536372,45.285877380520105,3
278880,-36.901087,3053.9353549637244,14.05637422212214,2.3529585116713645,0.08024252671748411,36.976822290420536,0
278976,-34.03788,2818.9617098924246,14.305197188917148,1.7124028931066446,0.05811616592109203,41.956973522901535,0
279072,-57.255122,4940.671907709895,19.677032226866405,3.0359280400718864,0.04872813560068612,36.146024097055204,2
279168,-52.503544,4444.800475208336,18.898658334327774,2.5675602856566013,0.09059451688081033,36.27183043077588,0
279264,-31.475674,2673.344410480342,12.530115738323586,1.6751967779797068,0.02087441012263297,34.22592298388482,0
279360,-34.9863,2945.8797284534785,11.964348613960288,2.278390941295659,0.0684560844674707,30.706892616748814,0
279456,-58.447892,5110.36858585326,18.718223826302815,3.389623751182029,0.02485931068658842,29.938164967447527,11
279552,-70.220915,6198.5153741551385,21.277620160969892,4.191153495226057,0.011734256707131907,26.994001328200106,11
279648,-42.912957,3660.8477081839574,16.082005997288114,2.71011198560212,0.02638885993510487,43.349345408231024,0
279744,-44.864872,3862.600381362114,15.40908149294678,2.9848728373950197,0.028146297670900877,22.990771933496,0
279840,-28.35063,2321.9499453679773,10.804770762763596,2.53094904468713,0.05848797243088488,30.74546828389167,0
279936,-52.260231,4504.152884697109,17.831829099999865,2.951187463646561,0.04591186381876472,31.73592297196388,0
280032,-43.979932,3699.100019530143,16.321174876779367,2.7209520537228062,0.06694657672196636,38.2331282517314,0
280128,-52.681465,4483.78396853837,18.905357872642092,2.7844349276185203,0.07054957747459417,40.797147301584474,0
280224,-43.028221,3636.0078454312825,16.525967871133297,2.0720569185773856,0.05876860301941633,37.649486438781025,0
280320,-26.502574,2137.6887205313606,10.761442261561829,1.919786151339404,0.0752893168479205,53.055761687606584,0
280416,-65.572463,5736.000236318926,21.779108960964262,3.020758197770904,0.03136166185140615,40.89663734495641,2
280512,-41.802752,3509.8335446054825,15.197238568511267,2.7098193348866673,0.0707544693723321,45.77032506480813,0
280608,-43.111723,3691.994858737149,15.64393764676078,1.8128252501334088,0.0515641834586858,38.93175618484616,0
280704,-37.732417,3229.643672625888,13.886997148584399,1.818221476517553,0.03617280814796692,48.63835902392864,0
280800,-59.137954,5105.325013487034,21.05184666839266,3.121956934692875,0.03469114899635323,29.39090209558606,1
280896,-57.174536,4994.061873909071,18.568176909936952,2.7647623366158007,0.037170647084713015,37.31216632917524,0
280992,-49.867536,4331.020516880519,16.737273024558576,2.8677804794390607,0.02593579739332197,30.538606463819743,0
281088,-25.597455,2205.7108574445797,9.280332770296203,1.8083220411598844,0.002194506488740422,31.96125472515822,0
281184,-55.720776,4857.671958968693,17.970464598430645,3.106514648755711,0.03402077257633207,37.36632033541798,4
281280,-36.290695,3081.6217157631913,14.042158697961664,2.557436388096154,0.015923705883324202,42.89757021456956,0
281376,-58.058601,4981.143435773799,20.83635750660696,3.3729247525937156,0.04313927423208952,31.57335285246372,10
281472,-49.767826,4293.177536594682,16.914116474545136,2.3394225462040352,0.05506977960467346,54.3048870177567,0
281568,-46.595698,4024.4890627645755,16.879193272181663,2.504072214060854,0.01902804728597407,31.600005662739274,0
281664,-52.506655,4490.129599946842,18.95906372147401,2.96984896988585,0.0486466955393553,23.51337004050612,0
281760,-29.615246,2415.4427679087376,11.112429685743187,2.2127671866415657,0.08279884289950135,33.878897973299026,0
281856,-67.42458,5861.594822813359,23.169906476226437,3.32352756692367,0.035216573998332,26.999110631495718,12
281952,-37.410653,3108.0831738197357,14.04277806020079,2.7700201640643036,0.06726534031331544,47.451674889475115,0
282048,-28.550105,2353.8545731494487,11.607170046764006,2.5051000421962097,0.03515788279473786,30.40072279065847,0
282144,-69.221078,6021.23654780996,23.68315645236823,3.4541998962989005,0.03480573203414683,42.41206601440906,1
282240,-65.006494,5694.498923712267,20.666048117424136,3.121747963674253,0.04086607303470374,32.49969555601478,2
282336,-32.509185,2755.2280794066596,12.243796239696739,2.6938435776547087,0.013748503848910354,40.27642068848015,0
282432,-55.442015,4780.774855523091,19.310233118535887,2.598032948947963,0.05346553921699532,26.22603178203106,0
282528,-33.633095,2777.6753133935968,12.758474008569822,2.588752806311238,0.06621989086270336,46.421763504594566,0
282624,-44.380929,3854.341913667304,16.682411177927467,2.0628995102776586,0.0005084615200757758,35.44668738543987,0
282720,-52.733589,4563.136311359541,18.34122077901371,3.068813432404034,0.024822259488466503,44.62952082112431,3
282816,-63.366875,5557.357920103103,20.937120179639763,3.4727214461879754,0.008204770274460316,16.152483592033384,3
282912,-36.257018,3049.9856755366895,13.941405707264312,2.626638333484202,0.034938962198793944,50.88600131958724,0
283008,-63.891133,5620.2330045819535,21.048949221423744,3.045424505464468,0.010396586358547233,39.04757460832596,1
283104,-46.91379,4048.290433969503,16.50015992973858,2.5268884579229822,0.03133880328387023,36.25005992114544,0
283200,-28.908406,2365.226965121757,11.933944121240678,1.9459759591116839,0.05983753390610219,45.101619712114335,0
283296,-55.596018,4916.692838970414,16.10316588646684,3.033262856342054,0.025655679963529132,34.22324578523636,1
283392,-43.774803,3663.2295034542713,16.878183344838366,2.7124868894472107,0.06627052724361421,51.878115060627465,0
283488,-55.887836,4836.0066906204165,19.47743760648429,2.895466399839333,0.03509005028754475,23.492888290286057,0
283584,-52.079046,4503.83127067815,18.408629797886398,2.9628862065232693,0.022199350595474288,25.586338760405777,0
283680,-61.189208,5355.977590289129,21.554707568613935,2.757853278885891,0.003991912305355061,30.429217136204247,0
283776,-38.446236,3233.9331433108277,14.940333097925832,1.8544483248365413,0.0588683610782027,35.26160967916251,0
283872,-47.061915,4077.1900436984306,16.14387644037788,2.3664379951711108,0.033351779915392454,45.86400396540762,0
283968,-52.154355,4466.513732738221,18.28285662621206,2.6994209499607487,0.061639503203332446,36.19072853863239,0
284064,-39.205883,3339.0639376492686,14.425623453520014,2.874977074181478,0.022504411078989595,40.38011746853591,0
284160,-42.067337,3558.354770533387,15.583052766039252,2.6620481461946097,0.049603616259992156,37.889239394217725,0
284256,-50.140939,4299.52251069761,17.98105553010075,2.599116555730433,0.04745006244629624,41.072216527760034,0
284352,-59.298707,5108.782252386333,21.451280897772325,2.892461454870879,0.04123437944799668,33.28449574872852,0
284448,-51.808384,4506.248270761912,18.063850852468896,2.620607392222678,0.01856689099222425,29.288239460289482,0
284544,-78.552233,6892.542509368764,25.966513230347946,3.039316106021952,0.0414085242897273,23.23187942133427,2
284640,-40.178085,3465.2882634474263,14.11702738360247,2.9941729688429093,0.006161681935191177,42.69940390571952,0
284736,-46.87408,4032.5967474125323,16.85878718070144,2.8442968944350735,0.023517142236232746,24.148572051525115,0
284832,-73.781314,6396.188763444196,24.248358191279884,3.9788587998302387,0.06355836966908301,19.48652964040637,5
284928,-67.199631,5879.539301197968,23.541903612836233,3.340278164709612,0.00037037935107941955,26.730199833151545,13
285024,-28.418796,2363.7507338666755,11.441611084244421,2.37497020230746,0.026587799191474915,35.910856501758104,0
285120,-37.482432,3182.637672913723,13.373717828489754,2.862087001003668,0.03327366653829822,38.04425067335367,0
285216,-23.363896,1853.7147412732354,9.622101622448573,2.2498492660787597,0.06934525407850745,40.010729177594186,0
285312,-64.642431,5656.956648886656,21.31382264018849,2.7676052891229785,0.038111734203994274,28.093411700278516,0
285408,-55.558688,4796.907769688931,18.427419125720895,2.8683568442477814,0.060936100496665424,31.4249311619997,0
285504,-57.282308,4910.6947004728345,20.06957430583348,2.8005237005958237,0.06895195860415704,40.75977103963494,0
285600,-42.226062,3570.597850250903,16.380810981089912,2.4668076011804576,0.041274490766227245,32.30728541344404,0
285696,-69.265544,6101.583248880132,23.38536335868061,3.0836732089626566,4.2198412120386664e-05,42.64333358317614,1
285792,-69.295813,6082.155485206122,23.731122728177688,2.9229338140608796,0.012383220158517227,47.602210841774934,0
285888,-59.021619,5150.1827652112715,19.764148036086777,3.0884760024047875,0.023677130974829208,30.811029642969363,1
285984,-59.7461,5227.902168127245,20.966286798152957,2.7668891947255774,0.004695748351514317,23.58759792596102,0
286080,-41.609822,3555.6133250002754,15.56768999109787,2.721586647695693,0.019649818725884116,40.02034266397357,0
286176,-46.399624,3968.192460339888,16.255507702274137,2.795293418179276,0.04819532111287117,37.58176060527563,0
286272,-98.780642,8684.37127774473,30.873863311454162,4.410826199379009,0.060695958284563145,22.180921861913642,8
286368,-43.184285,3606.9306662368926,16.830791969018367,2.514295783687668,0.07066818084567794,44.228205725103614,0
286464,-52.298102,4542.112812073171,18.674356114307752,3.059145412990086,0.0034005764871835598,37.78363129213453,1
286560,-28.404934,2354.233380491778,11.36787248047194,2.4952866779372664,0.030274936743080683,33.78520687326789,0
286656,-51.100662,4411.393069396286,17.665866370581018,3.270402430618401,0.02525404654443264,29.507858810424807,2
286752,-39.925364,3439.9768243112494,14.092130211473656,2.720161180862121,0.01399279572069645,33.179030147641896,0
286848,-47.972064,4108.341655207089,17.6891777045166,2.5999631704173516,0.036127278581261635,45.69620506346226,0
286944,-70.105711,6141.020946485411,23.860577956860165,3.0930859307875784,0.020006258785724707,41.88954309180379,1
287040,-48.794468,4157.2387663851905,17.988399863856362,1.9755325638398487,0.0690231814980507,32.24009155020118,0
287136,-53.980433,4715.296714276674,17.84208453644942,2.9432468109520538,0.01983610950410375,37.576246338486676,0
287232,-37.692548,3219.228202336366,13.574296975137726,2.9031286352793924,0.017781712114810944,41.20959436178208,0
287328,-45.698253,3963.267639555207,16.623387255897548,1.7957039775676003,0.024018583260476567,36.63814040750265,0
287424,-23.769208,1861.5118379409125,10.785448513338933,2.3797792061379823,0.0644362431019545,41.369752069562665,0
287520,-41.64835,3512.9072440084715,15.811510300487495,2.728082314274904,0.045639450848102614,50.18796243220567,0
287616,-61.212948,5268.419701493345,21.773963353651514,2.63158183844109,0.06292859688401226,49.2610546401143,0
287712,-32.534084,2784.3624544974978,11.74705896074804,1.767521252180098,0.03062218595296151,36.42385544806719,0
287808,-35.563598,2990.3790736871897,12.913792184020876,2.2619329794036904,0.05872643906623126,24.964392026066783,0
287904,-52.361694,4569.283687114098,17.92011160302387,2.904970328227371,0.008722374029457525,25.727287219017743,0
288000,-46.54465,4069.040064403199,14.989659321527634,2.714223130322092,0.018110848590731643,33.59962137788534,0
288096,-57.163165,5018.948597687558,19.068447411819882,2.8015276028526666,0.008835607022046998,37.17969775184989,0
288192,-49.268466,4245.910533822109,16.85401231545201,2.3468995167574334,0.05429312624037275,54.61352727919818,0
288288,-28.831999,2405.411469859748,11.58280006175846,2.334908855994877,0.024605406820774167,19.589478130340577,0
288384,-43.19176,3661.2180971877083,17.372683918613546,2.566053185105466,0.022756863944232486,40.62845939397812,0
288480,-50.552718,4300.423332009188,18.616793696427727,2.2825179057196383,0.07002931591123346,54.2884673704207,0
288576,-53.679248,4661.825945774713,17.776747800503394,2.2160131093002384,0.05610395725816497,33.909360954314465,0
288672,-44.432928,3763.2700266923907,15.99045886794769,2.2334339939288688,0.07398107326344439,25.63203033149242,0
288768,-67.867832,5951.402967533295,23.741238649645112,2.870683845784406,0.0055437838658690675,30.69161541506648,0
288864,-60.501317,5211.561020979263,21.517948648007913,2.648553420615391,0.05806007944047453,47.81855368539689,0
288960,-31.324133,2608.3555074365313,12.63635619568846,2.8324326084207465,0.021113195270299923,49.09530771270395,0
289056,-53.876785,4655.327543689471,17.83905872364823,2.3811433460206137,0.0679556414484978,37.570952288508416,0
289152,-53.356386,4657.629127477234,18.001803733615947,2.8676269446471014,0.015500204823911234,42.24787470653654,0
289248,-78.441702,6894.141618405112,25.933908992833466,3.0914235094249753,0.032236222364008416,28.84586334213615,2
289344,-40.660104,3467.2957652854066,14.329602496205972,2.9505676932934524,0.03386921025812634,42.761639638245114,0
289440,-48.505106,4206.866257070802,17.127844232499623,3.131252136547714,0.003039298579096794,26.775620965212582,2
289536,-48.283704,4208.318101862894,16.567701350452438,2.9233085533110477,0.004059269034156654,36.55766540348529,0
289632,-47.084801,4064.099991939007,16.460115567290348,2.6452190136800686,0.029845274239778563,42.384253048002726,0
289728,-52.308116,4596.709163844374,16.66012423847638,2.5330970062673295,0.021983218751847722,27.19672568306327,0
289824,-55.115344,4809.546823151222,18.971225634126522,2.933961840928995,0.010328205302357785,26.907232568114992,0
289920,-39.772388,3379.5385867724544,14.647267499251392,2.6688155776734117,0.034353016316890805,37.14470361039043,0
290016,-34.892016,2934.7010831212947,12.483743958100161,2.22267684069637,0.060720726102590605,30.354089828133585,0
290112,-36.451714,3184.4912601655187,13.106961301229196,1.6463837943861974,0.0010773032903670376,30.18219919070602,0
290208,-29.789278,2502.9975081952316,10.697886644209177,1.691048801063856,0.05823448970913886,41.95319851189851,0
290304,-51.687025,4485.214655276097,18.012133564031902,2.5555141482219446,0.027268854528665454,38.4289707519114,0
290400,-36.168381,3067.5500516040115,12.714849708832205,2.2871862236042917,0.05090340487658984,33.19071541145444,0
290496,-57.698358,5022.154345986103,19.828999252619525,2.8988398455824074,0.024571934714913424,43.05055957749486,0
290592,-70.998141,6248.102556043182,24.223121814100928,2.944922425544793,0.004813990741968088,24.19080806091427,0
290688,-40.691304,3496.7159013983824,14.170683543229448,2.576668972312338,0.029484799690544627,32.402435475438836,0
290784,-44.710591,3886.0134385002852,15.017394220239161,2.8735821500724033,0.01305370815098289,27.117600315213195,0
290880,-59.098217,5173.797967466844,20.075609542217805,3.0005670459962865,0.009155165031552226,30.69288333445787,1
290976,-47.261725,4055.6455192933468,16.87481030231806,2.771320792578404,0.03561986014246943,45.20886601939796,0
291072,-36.118893,3121.2668491344775,12.269044736663636,2.416739892308205,0.017254319414496455,41.747422754317526,0
291168,-59.43285,5232.091753778713,19.429164858315904,2.8927710750718236,0.008404980041086696,29.65554823473096,0
291264,-58.261206,5115.282601267365,18.265925134087635,3.8454520989679186,0.006028115563094627,33.85009846240282,9
291360,-47.85141,4171.736622395967,15.540414755361743,2.3941617994047224,0.034283644333481744,47.321939530670626,0
291456,-38.632429,3290.647230712942,13.879945400382333,2.27171729779328,0.04355244133621461,51.486855246126666,0
291552,-42.630986,3631.5781775106225,17.098517619093307,2.586658391405182,0.010065729916095778,41.905564470440154,0
291648,-69.403329,6127.916978197219,23.25605731298983,2.866722259888035,4.356279969219834e-05,28.161954251229766,0
291744,-60.411809,5270.820609081769,20.887203065516307,2.774678280724156,0.02183805666863914,38.924959662109615,0
291840,-51.134107,4441.582317260762,18.341199776079982,2.5896208669340073,0.012005050480365709,41.20567161023616,0
291936,-53.715139,4591.25696401491,20.399231228320765,2.403219846273429,0.048100772500038136,26.034685214161872,0
292032,-66.62463,5833.122845831887,21.721942170631504,3.347688051452629,0.029182943701744013,35.637247270196674,3
292128,-65.192161,5755.628173689181,21.566643468663568,2.908903134928535,0.00015501026064151935,46.52528200328351,0
292224,-47.292823,4115.74378166518,16.176693893915708,2.58357049324994,0.016596602089703094,42.00229838103056,0
292320,-45.350281,3957.5793362133254,16.4520371035971,1.934286663216052,0.004344144463539146,24.946682054102418,0
292416,-55.97818,4849.264999322879,18.792603989041336,3.0797326309615936,0.04105704408138977,36.756339652091256,4
292512,-46.231009,3982.3202229494027,15.89488368514041,2.868250626279016,0.03280278854072094,44.235806517899036,0
292608,-44.126106,3809.851647533703,16.30221493846104,2.5425580849231886,0.0079934392124415,37.12249861806632,0
292704,-64.98459,5753.784068586355,20.641339753600548,3.113500073735854,0.0005964912474155648,32.126401137560606,1
292800,-35.302252,3004.68655543709,13.173107171843126,2.5198672640541377,0.01970050465315587,42.92005353078247,0
292896,-48.071604,4141.954161652794,16.862746859978,2.9543600675542114,0.027432930842041903,38.25573741242289,0
292992,-58.559479,5015.245980074996,21.301497866515827,3.5162140027291375,0.040672293677926075,30.20086677893996,7
293088,-44.070283,3819.012345652275,16.006113718641632,2.565331294191413,0.003479523211717628,41.70524796128274,0
293184,-56.634213,4855.7524445438785,20.415779760655653,2.5675385901026697,0.06166263073682793,34.74433549627662,0
293280,-34.523807,2963.319877046116,12.376175677038233,2.6381434502524264,0.008166518807411205,52.314996396750225,0
293376,-31.511333,2586.741614975095,12.36657034838664,2.156470968554629,0.07142380531877285,45.09223988980055,0
293472,-42.785434,3640.526265599658,16.692541546197454,2.6465633452425763,0.020918874442577395,39.52757933139801,0
293568,-65.937188,5793.532338732698,22.420317084418624,3.1707015640306007,0.0004992671310902752,23.66453758075833,2
293664,-36.802397,3207.9623798805314,11.88101775074772,2.651570467419903,0.006522655487060658,37.5476849114895,0
293760,-36.604385,3176.9726038741155,12.269218038429747,2.4456106268806153,0.011709971912205241,32.97662246763705,0
293856,-42.24939,3576.51933862611,15.971550681285024,2.76729929959874,0.039054084755480334,39.73119798734785,0
293952,-58.011992,5037.34052294044,20.358898398062784,2.954748513238884,0.023267881572246574,16.196990894824268,0
294048,-46.097126,3932.0971960178194,17.04867093212093,2.406234158281558,0.04660394508391619,42.858310232162474,0
294144,-30.955432,2632.0007440728245,12.28023123092354,1.6583231936653788,0.01920172311365609,36.95221205636859,0
294240,-50.287678,4291.312872354306,18.411699190395055,2.2094981657341726,0.06448265034705408,54.22822852417826,0
294336,-50.226371,4293.416842816319,17.70419965364168,2.3147259368149453,0.0703368183225393,39.22261196658016,0
294432,-26.881076,2200.4366187983883,10.697599056247476,1.9672274052501209,0.05870260726660492,50.849112153202306,0
294528,-50.745452,4326.573046241906,18.287684913079502,2.3400081293658026,0.07049419879913332,50.48312730863691,0
294624,-66.095597,5789.016833305278,22.716058996794477,3.229169017748786,0.006596235372126058,22.17915343210101,1
294720,-55.264244,4899.80633157835,17.886931345839397,2.2020073092490096,0.0012865819036961268,37.18332094714045,0
294816,-59.139156,5130.81738634231,20.81881812575506,3.02160457902421,0.025112977437674988,29.83031899601221,1
294912,-31.671825,2595.945312892411,12.539265039285464,2.268557743369045,0.0695445967838168,45.33936933964491,0
295008,-73.145585,6374.656732999554,23.934889067506635,3.9400573175104068,0.04283519118632151,14.15887384980917,6
295104,-47.938286,4067.0468239686993,17.562093299763706,2.5221832238961337,0.06602111086249352,51.89550373136998,0
295200,-38.815097,3331.10536331311,13.271881200665291,2.8489927677215054,0.025525484420359068,15.994157229363916,0
295296,-40.196555,3439.2707069842627,14.2334548519728,2.709929268726043,0.02998932674527166,35.76602842777968,0
295392,-65.218269,5661.90417402215,20.828856363123613,3.3863531905989754,0.0664019541814923,13.88526211321354,3
295488,-32.814807,2687.682398477818,13.11427030083469,2.5816257845240145,0.06473674885928632,54.853709754347804,0
295584,-44.431755,3851.873980519489,15.329774479218116,2.332219111093111,0.025413007102906615,22.032907797098154,0
295680,-51.648606,4436.875953350168,17.584655686603764,2.595663614986494,0.06441225912421944,41.1191910108924,0
295776,-56.950876,4975.856400582165,19.2715000520038,2.711975044604366,0.021738103963434674,28.926902768909923,0
295872,-42.732636,3676.735366193861,15.267226947688133,2.6397417424628262,0.02194784618914125,40.41823682039976,0
295968,-62.536229,5463.0679499841535,20.971692268793266,2.636343118916561,0.037300304509699345,24.82533420592546,0
296064,-72.803267,6353.421098459004,24.50520807587627,3.9725440095813678,0.021898386441171147,9.349116459935905,7
296160,-35.708996,3040.8397894152763,12.539578355326102,2.1791395324170706,0.044471250288188435,49.49574950695038,0
296256,-56.486859,4841.278486419603,20.664871824125694,2.5702236064963313,0.056434859707951535,37.375763718187805,0
296352,-68.826507,6033.484975710789,22.50561279549178,2.960412069885208,0.037053906917572044,29.01493830099702,0
296448,-42.981814,3692.24017766763,15.88564831384959,2.8304472265987033,0.010769265145063378,24.096568956375123,0
296544,-72.510466,6385.898747262349,22.894757888709975,4.0719094603904855,0.010285798832774251,18.59265404358506,13
296640,-68.897624,6035.696543983485,23.686020453947126,2.955572003254957,0.01684160698205217,33.885225209146746,0
296736,-30.322286,2526.7145649081167,10.758379930453971,2.3193039120822707,0.059993633255362555,35.77356364637612,0
296832,-59.271766,5197.674893148176,19.980905903346006,2.9148921315784984,0.008985875733196758,31.12949091106653,0
296928,-27.957933,2315.199691734897,11.216945636966042,2.5407197957953764,0.028304301016032762,36.35223703622818,0
297024,-53.801431,4661.440879508996,20.0492813296719,2.569023433489873,0.009641880169510841,13.53892084807158,0
297120,-76.96905,6819.700760072302,25.0709506142098,2.99362182421324,0.003553892299532846,36.52821068525314,0
297216,-44.303355,3780.342301191585,16.36910400040181,2.6750547388498136,0.034611927904188655,46.98744756519795,0
297312,-58.954192,5028.81622874863,21.17314272345247,3.4715616837746697,0.0616975042968988,27.480533565431834,11
297408,-63.234336,5514.274653196895,21.505167410815417,2.5022547723886923,0.04260914232581858,34.51054105505347,0
297504,-56.28119,4898.394816671923,19.529932875925535,2.344320781763265,0.03336888756603007,32.279765394032005,0
297600,-37.052652,3188.084427987709,12.777431796137723,2.404076518957108,0.025129849649965674,29.316413735449316,0
297696,-37.389018,3188.664417606597,13.914566328344145,2.2022574358730473,0.02980670593678958,33.672612905204296,0
297792,-37.187118,3187.667719180415,13.68441710402574,1.6657800695620288,0.03592026494443412,27.90679963454604,0
297888,-52.424227,4628.356504613887,17.571245662362795,2.040570731722832,0.003537322580814406,20.974561047554015,0
297984,-56.397557,4909.651139859906,19.55786224444981,2.6732052689753223,0.024293662793934412,32.702009999752036,0
298080,-45.012992,3893.3714933177116,15.831954668941364,2.8048790280051996,0.013849284686148211,33.6276297095418,0
298176,-37.90891,3253.651577602405,12.651249268172498,3.0356928239651206,0.02418280821293589,27.011587218493226,1
298272,-30.289714,2503.605534112489,11.373546715311202,2.2608591099477926,0.062483394518494606,36.56921606421471,0
298368,-53.676476,4647.718454241896,17.542208660519645,2.470505654428107,0.06322841253131628,38.23885315060616,0
298464,-66.748937,5860.021985960656,23.099350199659828,2.932127910072734,0.003070730343460948,39.24239004254341,0
298560,-85.376012,7491.172203627001,28.396918712047746,3.4732374543073266,0.03706128119834162,14.074524070918564,7
298656,-45.868745,3881.937596598227,16.44924348368715,2.2663290596304164,0.08053761422634126,37.777130843251946,0
298752,-32.867027,2769.831999406291,12.450149224150838,2.5327219304811144,0.02803821228444575,43.92559747979045,0
298848,-99.03052,8746.639261344497,30.9112115228618,3.4389938186290734,0.06101108007132994,21.1092667714624,6
298944,-28.695015,2351.506015478268,11.365684543026461,2.2839457194411126,0.05711140111088753,28.667642102092504,0
299040,-25.156983,2130.2214894020053,9.336797190475275,2.009391097275482,0.016664806194603532,42.748222478330135,0
299136,-63.098333,5542.879300185631,21.04080475097189,3.044962372010058,0.00928755123168229,43.68219940513372,1
299232,-60.108181,5180.105941086828,21.216700562108386,2.612447640138848,0.05980883594602354,50.802165448665626,0
299328,-44.921342,3854.1022524942314,16.972816792541618,2.8915686948819985,0.008789767697453432,41.948167620748286,0
299424,-47.140215,4087.9536164303186,17.103869460523793,2.254952274386031,0.015169134177267507,33.813340744823215,0
299520,-23.598527,1887.6822985110375,9.361687386364625,1.996132371345969,0.07431631833314895,35.39099682167173,0
299616,-42.035527,3582.8405937646176,15.886950104391728,2.545954897331367,0.028176913782954283,46.01092705696821,0
299712,-31.730212,2744.401326041606,12.371931225642921,1.333070354997915,0.0027594147250056267,32.065323138237,0
299808,-43.008279,3688.229400478873,15.917835870562497,2.6938358280937296,0.01820662878453727,44.857980358600614,0
299904,-49.551844,4298.737951004853,16.86212305111342,3.0249492850514788,0.019723168574273586,28.709046765416865,1
300000,-56.948301,4967.984547564138,20.214722226233818,2.618330568667476,0.01044709347188466,26.035250702053315,0
