step,val_cost,val_co2,val_peak,val_soc_dev
2000,3994.8208360676945,16.881471980555563,1.3453482043462885,0.17724873467691624
4000,4299.4201387719795,17.161406380338747,1.805171215665944,0.3499999999999999
